2026-08-14 05:39:43.234 +03:00 [INF] Executed DbCommand (27ms) [Parameters=[@now='?' (DbType = DateTime), @horizon='?' (DbType = DateTime)], CommandType='"Text"', CommandTimeout='30']
SELECT t.id, t.created_at_utc, t.created_by_id, t.deleted_at_utc, t.department_id, t.description, t.due_at_utc, t.due_soon_notified_at_utc, t.is_deleted, t.overdue_notified_at_utc, t.priority, t.scope, t.status, t.title, t.updated_at_utc, t.updated_by_id, s.task_item_id, s.member_id, s.id
FROM tasks AS t
LEFT JOIN (
    SELECT t0.task_item_id, t0.member_id, t2.id
    FROM task_assignees AS t0
    INNER JOIN (
        SELECT t1.id, t1.is_deleted
        FROM tasks AS t1
        WHERE NOT (t1.is_deleted)
    ) AS t2 ON t0.task_item_id = t2.id
    WHERE NOT (t2.is_deleted)
) AS s ON t.id = s.task_item_id
WHERE NOT (t.is_deleted) AND t.due_at_utc IS NOT NULL AND t.due_at_utc > @now AND t.due_at_utc <= @horizon AND t.status <> 'Completed' AND t.status <> 'Cancelled' AND t.due_soon_notified_at_utc IS NULL
ORDER BY t.id, s.task_item_id, s.member_id
2026-08-14 05:39:43.234 +03:00 [INF] Executed DbCommand (27ms) [Parameters=[@now='?' (DbType = DateTime), @horizon24='?' (DbType = DateTime)], CommandType='"Text"', CommandTimeout='30']
SELECT c.id, c.created_at_utc, c.created_by_id, c.department_id, c.description, c.end_utc, c.location, c.organizer_id, c.recurrence, c.reminder1h_sent_at_utc, c.reminder24h_sent_at_utc, c.start_utc, c.title, c.type, c.updated_at_utc, c.updated_by_id, e.calendar_event_id, e.member_id
FROM calendar_events AS c
LEFT JOIN event_participants AS e ON c.id = e.calendar_event_id
WHERE c.recurrence = 'None' AND c.start_utc > @now AND c.start_utc <= @horizon24 AND (c.reminder24h_sent_at_utc IS NULL OR c.reminder1h_sent_at_utc IS NULL)
ORDER BY c.id, e.calendar_event_id
2026-08-14 10:47:40.784 +03:00 [INF] Executed DbCommand (34ms) [Parameters=[@now='?' (DbType = DateTime), @horizon='?' (DbType = DateTime)], CommandType='"Text"', CommandTimeout='30']
SELECT t.id, t.created_at_utc, t.created_by_id, t.deleted_at_utc, t.department_id, t.description, t.due_at_utc, t.due_soon_notified_at_utc, t.is_deleted, t.overdue_notified_at_utc, t.priority, t.scope, t.status, t.title, t.updated_at_utc, t.updated_by_id, s.task_item_id, s.member_id, s.id
FROM tasks AS t
LEFT JOIN (
    SELECT t0.task_item_id, t0.member_id, t2.id
    FROM task_assignees AS t0
    INNER JOIN (
        SELECT t1.id, t1.is_deleted
        FROM tasks AS t1
        WHERE NOT (t1.is_deleted)
    ) AS t2 ON t0.task_item_id = t2.id
    WHERE NOT (t2.is_deleted)
) AS s ON t.id = s.task_item_id
WHERE NOT (t.is_deleted) AND t.due_at_utc IS NOT NULL AND t.due_at_utc > @now AND t.due_at_utc <= @horizon AND t.status <> 'Completed' AND t.status <> 'Cancelled' AND t.due_soon_notified_at_utc IS NULL
ORDER BY t.id, s.task_item_id, s.member_id
2026-08-14 10:47:40.784 +03:00 [INF] Executed DbCommand (34ms) [Parameters=[@now='?' (DbType = DateTime), @horizon24='?' (DbType = DateTime)], CommandType='"Text"', CommandTimeout='30']
SELECT c.id, c.created_at_utc, c.created_by_id, c.department_id, c.description, c.end_utc, c.location, c.organizer_id, c.recurrence, c.reminder1h_sent_at_utc, c.reminder24h_sent_at_utc, c.start_utc, c.title, c.type, c.updated_at_utc, c.updated_by_id, e.calendar_event_id, e.member_id
FROM calendar_events AS c
LEFT JOIN event_participants AS e ON c.id = e.calendar_event_id
WHERE c.recurrence = 'None' AND c.start_utc > @now AND c.start_utc <= @horizon24 AND (c.reminder24h_sent_at_utc IS NULL OR c.reminder1h_sent_at_utc IS NULL)
ORDER BY c.id, e.calendar_event_id
2026-08-14 12:40:54.004 +03:00 [INF] Executed DbCommand (23ms) [Parameters=[@jobName='?'], CommandType='"Text"', CommandTimeout='30']
SELECT j.job_name, j.last_run_utc
FROM job_runs AS j
WHERE j.job_name = @jobName
LIMIT 1
2026-08-14 12:40:54.004 +03:00 [INF] Executed DbCommand (24ms) [Parameters=[@now='?' (DbType = DateTime), @horizon='?' (DbType = DateTime)], CommandType='"Text"', CommandTimeout='30']
SELECT t.id, t.created_at_utc, t.created_by_id, t.deleted_at_utc, t.department_id, t.description, t.due_at_utc, t.due_soon_notified_at_utc, t.is_deleted, t.overdue_notified_at_utc, t.priority, t.scope, t.status, t.title, t.updated_at_utc, t.updated_by_id, s.task_item_id, s.member_id, s.id
FROM tasks AS t
LEFT JOIN (
    SELECT t0.task_item_id, t0.member_id, t2.id
    FROM task_assignees AS t0
    INNER JOIN (
        SELECT t1.id, t1.is_deleted
        FROM tasks AS t1
        WHERE NOT (t1.is_deleted)
    ) AS t2 ON t0.task_item_id = t2.id
    WHERE NOT (t2.is_deleted)
) AS s ON t.id = s.task_item_id
WHERE NOT (t.is_deleted) AND t.due_at_utc IS NOT NULL AND t.due_at_utc > @now AND t.due_at_utc <= @horizon AND t.status <> 'Completed' AND t.status <> 'Cancelled' AND t.due_soon_notified_at_utc IS NULL
ORDER BY t.id, s.task_item_id, s.member_id
2026-08-14 12:40:54.004 +03:00 [INF] Executed DbCommand (24ms) [Parameters=[@now='?' (DbType = DateTime), @horizon24='?' (DbType = DateTime)], CommandType='"Text"', CommandTimeout='30']
SELECT c.id, c.created_at_utc, c.created_by_id, c.department_id, c.description, c.end_utc, c.location, c.organizer_id, c.recurrence, c.reminder1h_sent_at_utc, c.reminder24h_sent_at_utc, c.start_utc, c.title, c.type, c.updated_at_utc, c.updated_by_id, e.calendar_event_id, e.member_id
FROM calendar_events AS c
LEFT JOIN event_participants AS e ON c.id = e.calendar_event_id
WHERE c.recurrence = 'None' AND c.start_utc > @now AND c.start_utc <= @horizon24 AND (c.reminder24h_sent_at_utc IS NULL OR c.reminder1h_sent_at_utc IS NULL)
ORDER BY c.id, e.calendar_event_id
2026-08-14 12:40:54.004 +03:00 [INF] Executed DbCommand (24ms) [Parameters=[@now='?' (DbType = DateTime)], CommandType='"Text"', CommandTimeout='30']
SELECT t.id, t.created_at_utc, t.created_by_id, t.deleted_at_utc, t.department_id, t.description, t.due_at_utc, t.due_soon_notified_at_utc, t.is_deleted, t.overdue_notified_at_utc, t.priority, t.scope, t.status, t.title, t.updated_at_utc, t.updated_by_id, s.task_item_id, s.member_id, s.id
FROM tasks AS t
LEFT JOIN (
    SELECT t0.task_item_id, t0.member_id, t2.id
    FROM task_assignees AS t0
    INNER JOIN (
        SELECT t1.id, t1.is_deleted
        FROM tasks AS t1
        WHERE NOT (t1.is_deleted)
    ) AS t2 ON t0.task_item_id = t2.id
    WHERE NOT (t2.is_deleted)
) AS s ON t.id = s.task_item_id
WHERE NOT (t.is_deleted) AND t.due_at_utc IS NOT NULL AND t.due_at_utc < @now AND t.status <> 'Completed' AND t.status <> 'Cancelled' AND t.overdue_notified_at_utc IS NULL
ORDER BY t.id, s.task_item_id, s.member_id
2026-08-14 12:55:53.917 +03:00 [INF] Executed DbCommand (7ms) [Parameters=[@now='?' (DbType = DateTime), @horizon='?' (DbType = DateTime)], CommandType='"Text"', CommandTimeout='30']
SELECT t.id, t.created_at_utc, t.created_by_id, t.deleted_at_utc, t.department_id, t.description, t.due_at_utc, t.due_soon_notified_at_utc, t.is_deleted, t.overdue_notified_at_utc, t.priority, t.scope, t.status, t.title, t.updated_at_utc, t.updated_by_id, s.task_item_id, s.member_id, s.id
FROM tasks AS t
LEFT JOIN (
    SELECT t0.task_item_id, t0.member_id, t2.id
    FROM task_assignees AS t0
    INNER JOIN (
        SELECT t1.id, t1.is_deleted
        FROM tasks AS t1
        WHERE NOT (t1.is_deleted)
    ) AS t2 ON t0.task_item_id = t2.id
    WHERE NOT (t2.is_deleted)
) AS s ON t.id = s.task_item_id
WHERE NOT (t.is_deleted) AND t.due_at_utc IS NOT NULL AND t.due_at_utc > @now AND t.due_at_utc <= @horizon AND t.status <> 'Completed' AND t.status <> 'Cancelled' AND t.due_soon_notified_at_utc IS NULL
ORDER BY t.id, s.task_item_id, s.member_id
2026-08-14 12:55:53.917 +03:00 [INF] Executed DbCommand (8ms) [Parameters=[@now='?' (DbType = DateTime), @horizon24='?' (DbType = DateTime)], CommandType='"Text"', CommandTimeout='30']
SELECT c.id, c.created_at_utc, c.created_by_id, c.department_id, c.description, c.end_utc, c.location, c.organizer_id, c.recurrence, c.reminder1h_sent_at_utc, c.reminder24h_sent_at_utc, c.start_utc, c.title, c.type, c.updated_at_utc, c.updated_by_id, e.calendar_event_id, e.member_id
FROM calendar_events AS c
LEFT JOIN event_participants AS e ON c.id = e.calendar_event_id
WHERE c.recurrence = 'None' AND c.start_utc > @now AND c.start_utc <= @horizon24 AND (c.reminder24h_sent_at_utc IS NULL OR c.reminder1h_sent_at_utc IS NULL)
ORDER BY c.id, e.calendar_event_id
2026-08-14 12:57:32.041 +03:00 [INF] HTTP GET /health/live responded 200 in 4.9311 ms
2026-08-14 12:59:23.510 +03:00 [INF] HTTP GET /api/v1/auth/me responded 401 in 18.5292 ms
2026-08-14 12:59:23.515 +03:00 [INF] HTTP GET /api/v1/auth/me responded 401 in 0.3805 ms
2026-08-14 12:59:23.559 +03:00 [INF] Executed DbCommand (5ms) [Parameters=[@hash='?'], CommandType='"Text"', CommandTimeout='30']
SELECT r.id, r.created_at_utc, r.expires_at_utc, r.member_id, r.replaced_by_token_hash, r.revoked_at_utc, r.token_hash
FROM refresh_tokens AS r
WHERE r.token_hash = @hash
LIMIT 2
2026-08-14 12:59:23.567 +03:00 [INF] Executed DbCommand (5ms) [Parameters=[@p2='?' (DbType = Guid), @p0='?', @p1='?' (DbType = DateTime), @p3='?' (DbType = Guid), @p4='?' (DbType = DateTime), @p5='?' (DbType = DateTime), @p6='?' (DbType = Guid), @p7='?', @p8='?' (DbType = DateTime), @p9='?'], CommandType='"Text"', CommandTimeout='30']
UPDATE refresh_tokens SET replaced_by_token_hash = @p0, revoked_at_utc = @p1
WHERE id = @p2;
INSERT INTO refresh_tokens (id, created_at_utc, expires_at_utc, member_id, replaced_by_token_hash, revoked_at_utc, token_hash)
VALUES (@p3, @p4, @p5, @p6, @p7, @p8, @p9);
2026-08-14 12:59:23.577 +03:00 [INF] Executed DbCommand (4ms) [Parameters=[@p='?' (DbType = Guid)], CommandType='"Text"', CommandTimeout='30']
SELECT a.id, a.access_failed_count, a.concurrency_stamp, a.department_id, a.email, a.email_confirmed, a.full_name, a.joined_on, a.lockout_enabled, a.lockout_end, a.must_change_password, a.normalized_email, a.normalized_user_name, a.password_hash, a.phone_number, a.phone_number_confirmed, a.photo_url, a.role, a.security_stamp, a.status, a.two_factor_enabled, a.user_name
FROM "AspNetUsers" AS a
WHERE a.id = @p
LIMIT 1
2026-08-14 12:59:23.579 +03:00 [INF] Handled RefreshCommand for user null in 38 ms
2026-08-14 12:59:23.579 +03:00 [INF] HTTP POST /api/v1/auth/refresh responded 200 in 63.8970 ms
2026-08-14 12:59:23.584 +03:00 [INF] Executed DbCommand (2ms) [Parameters=[@p='?' (DbType = Guid)], CommandType='"Text"', CommandTimeout='30']
SELECT a.id, a.access_failed_count, a.concurrency_stamp, a.department_id, a.email, a.email_confirmed, a.full_name, a.joined_on, a.lockout_enabled, a.lockout_end, a.must_change_password, a.normalized_email, a.normalized_user_name, a.password_hash, a.phone_number, a.phone_number_confirmed, a.photo_url, a.role, a.security_stamp, a.status, a.two_factor_enabled, a.user_name
FROM "AspNetUsers" AS a
WHERE a.id = @p
LIMIT 1
2026-08-14 12:59:23.589 +03:00 [INF] Executed DbCommand (3ms) [Parameters=[@userId='?' (DbType = Guid)], CommandType='"Text"', CommandTimeout='30']
SELECT a.id AS "Id", a.full_name AS "FullName", a.email AS "Email", a.phone_number AS "PhoneNumber", a.photo_url AS "PhotoUrl", a.role AS "Role", a.department_id AS "DepartmentId", d.code AS "DepartmentCode", d.name AS "DepartmentName", a.joined_on AS "JoinedOn", a.status AS "Status"
FROM "AspNetUsers" AS a
LEFT JOIN departments AS d ON a.department_id = d.id
WHERE a.id = @userId
LIMIT 1
2026-08-14 12:59:23.589 +03:00 [INF] Handled GetMeQuery for user "e71006a3-891c-4459-aa20-bf6c6d8cab84" in 4 ms
2026-08-14 12:59:23.589 +03:00 [INF] HTTP GET /api/v1/auth/me responded 200 in 6.6535 ms
2026-08-14 12:59:23.592 +03:00 [INF] Executed DbCommand (1ms) [Parameters=[@p='?' (DbType = Guid)], CommandType='"Text"', CommandTimeout='30']
SELECT a.id, a.access_failed_count, a.concurrency_stamp, a.department_id, a.email, a.email_confirmed, a.full_name, a.joined_on, a.lockout_enabled, a.lockout_end, a.must_change_password, a.normalized_email, a.normalized_user_name, a.password_hash, a.phone_number, a.phone_number_confirmed, a.photo_url, a.role, a.security_stamp, a.status, a.two_factor_enabled, a.user_name
FROM "AspNetUsers" AS a
WHERE a.id = @p
LIMIT 1
2026-08-14 12:59:23.593 +03:00 [INF] Executed DbCommand (0ms) [Parameters=[@userId='?' (DbType = Guid)], CommandType='"Text"', CommandTimeout='30']
SELECT a.id AS "Id", a.full_name AS "FullName", a.email AS "Email", a.phone_number AS "PhoneNumber", a.photo_url AS "PhotoUrl", a.role AS "Role", a.department_id AS "DepartmentId", d.code AS "DepartmentCode", d.name AS "DepartmentName", a.joined_on AS "JoinedOn", a.status AS "Status"
FROM "AspNetUsers" AS a
LEFT JOIN departments AS d ON a.department_id = d.id
WHERE a.id = @userId
LIMIT 1
2026-08-14 12:59:23.593 +03:00 [INF] Handled GetMeQuery for user "e71006a3-891c-4459-aa20-bf6c6d8cab84" in 0 ms
2026-08-14 12:59:23.593 +03:00 [INF] HTTP GET /api/v1/auth/me responded 200 in 2.2110 ms
2026-08-14 12:59:24.896 +03:00 [INF] Executed DbCommand (1ms) [Parameters=[@p='?' (DbType = Guid)], CommandType='"Text"', CommandTimeout='30']
SELECT a.id, a.access_failed_count, a.concurrency_stamp, a.department_id, a.email, a.email_confirmed, a.full_name, a.joined_on, a.lockout_enabled, a.lockout_end, a.must_change_password, a.normalized_email, a.normalized_user_name, a.password_hash, a.phone_number, a.phone_number_confirmed, a.photo_url, a.role, a.security_stamp, a.status, a.two_factor_enabled, a.user_name
FROM "AspNetUsers" AS a
WHERE a.id = @p
LIMIT 1
2026-08-14 12:59:24.897 +03:00 [INF] Executed DbCommand (0ms) [Parameters=[@userId='?' (DbType = Guid)], CommandType='"Text"', CommandTimeout='30']
SELECT a.id AS "Id", a.full_name AS "FullName", a.email AS "Email", a.phone_number AS "PhoneNumber", a.photo_url AS "PhotoUrl", a.role AS "Role", a.department_id AS "DepartmentId", d.code AS "DepartmentCode", d.name AS "DepartmentName", a.joined_on AS "JoinedOn", a.status AS "Status"
FROM "AspNetUsers" AS a
LEFT JOIN departments AS d ON a.department_id = d.id
WHERE a.id = @userId
LIMIT 1
2026-08-14 12:59:24.898 +03:00 [INF] Handled GetMeQuery for user "e71006a3-891c-4459-aa20-bf6c6d8cab84" in 0 ms
2026-08-14 12:59:24.898 +03:00 [INF] HTTP GET /api/v1/auth/me responded 200 in 2.3153 ms
2026-08-14 12:59:24.901 +03:00 [INF] Executed DbCommand (0ms) [Parameters=[@p='?' (DbType = Guid)], CommandType='"Text"', CommandTimeout='30']
SELECT a.id, a.access_failed_count, a.concurrency_stamp, a.department_id, a.email, a.email_confirmed, a.full_name, a.joined_on, a.lockout_enabled, a.lockout_end, a.must_change_password, a.normalized_email, a.normalized_user_name, a.password_hash, a.phone_number, a.phone_number_confirmed, a.photo_url, a.role, a.security_stamp, a.status, a.two_factor_enabled, a.user_name
FROM "AspNetUsers" AS a
WHERE a.id = @p
LIMIT 1
2026-08-14 12:59:24.902 +03:00 [INF] Executed DbCommand (1ms) [Parameters=[@userId='?' (DbType = Guid)], CommandType='"Text"', CommandTimeout='30']
SELECT a.id AS "Id", a.full_name AS "FullName", a.email AS "Email", a.phone_number AS "PhoneNumber", a.photo_url AS "PhotoUrl", a.role AS "Role", a.department_id AS "DepartmentId", d.code AS "DepartmentCode", d.name AS "DepartmentName", a.joined_on AS "JoinedOn", a.status AS "Status"
FROM "AspNetUsers" AS a
LEFT JOIN departments AS d ON a.department_id = d.id
WHERE a.id = @userId
LIMIT 1
2026-08-14 12:59:24.902 +03:00 [INF] Handled GetMeQuery for user "e71006a3-891c-4459-aa20-bf6c6d8cab84" in 0 ms
2026-08-14 12:59:24.903 +03:00 [INF] HTTP GET /api/v1/auth/me responded 200 in 2.2987 ms
2026-08-14 13:03:28.896 +03:00 [INF] Executed DbCommand (3ms) [Parameters=[@p='?' (DbType = Guid)], CommandType='"Text"', CommandTimeout='30']
SELECT a.id, a.access_failed_count, a.concurrency_stamp, a.department_id, a.email, a.email_confirmed, a.full_name, a.joined_on, a.lockout_enabled, a.lockout_end, a.must_change_password, a.normalized_email, a.normalized_user_name, a.password_hash, a.phone_number, a.phone_number_confirmed, a.photo_url, a.role, a.security_stamp, a.status, a.two_factor_enabled, a.user_name
FROM "AspNetUsers" AS a
WHERE a.id = @p
LIMIT 1
2026-08-14 13:03:28.901 +03:00 [INF] Executed DbCommand (4ms) [Parameters=[@userId='?' (DbType = Guid)], CommandType='"Text"', CommandTimeout='30']
SELECT a.id AS "Id", a.full_name AS "FullName", a.email AS "Email", a.phone_number AS "PhoneNumber", a.photo_url AS "PhotoUrl", a.role AS "Role", a.department_id AS "DepartmentId", d.code AS "DepartmentCode", d.name AS "DepartmentName", a.joined_on AS "JoinedOn", a.status AS "Status"
FROM "AspNetUsers" AS a
LEFT JOIN departments AS d ON a.department_id = d.id
WHERE a.id = @userId
LIMIT 1
2026-08-14 13:03:28.901 +03:00 [INF] Handled GetMeQuery for user "e71006a3-891c-4459-aa20-bf6c6d8cab84" in 4 ms
2026-08-14 13:03:28.901 +03:00 [INF] HTTP GET /api/v1/auth/me responded 200 in 18.4363 ms
2026-08-14 13:03:28.904 +03:00 [INF] Executed DbCommand (0ms) [Parameters=[@p='?' (DbType = Guid)], CommandType='"Text"', CommandTimeout='30']
SELECT a.id, a.access_failed_count, a.concurrency_stamp, a.department_id, a.email, a.email_confirmed, a.full_name, a.joined_on, a.lockout_enabled, a.lockout_end, a.must_change_password, a.normalized_email, a.normalized_user_name, a.password_hash, a.phone_number, a.phone_number_confirmed, a.photo_url, a.role, a.security_stamp, a.status, a.two_factor_enabled, a.user_name
FROM "AspNetUsers" AS a
WHERE a.id = @p
LIMIT 1
2026-08-14 13:03:28.905 +03:00 [INF] Executed DbCommand (0ms) [Parameters=[@userId='?' (DbType = Guid)], CommandType='"Text"', CommandTimeout='30']
SELECT a.id AS "Id", a.full_name AS "FullName", a.email AS "Email", a.phone_number AS "PhoneNumber", a.photo_url AS "PhotoUrl", a.role AS "Role", a.department_id AS "DepartmentId", d.code AS "DepartmentCode", d.name AS "DepartmentName", a.joined_on AS "JoinedOn", a.status AS "Status"
FROM "AspNetUsers" AS a
LEFT JOIN departments AS d ON a.department_id = d.id
WHERE a.id = @userId
LIMIT 1
2026-08-14 13:03:28.905 +03:00 [INF] Handled GetMeQuery for user "e71006a3-891c-4459-aa20-bf6c6d8cab84" in 0 ms
2026-08-14 13:03:28.905 +03:00 [INF] HTTP GET /api/v1/auth/me responded 200 in 1.4610 ms
2026-08-14 13:04:06.957 +03:00 [INF] Executed DbCommand (22ms) [Parameters=[@p='?' (DbType = Guid)], CommandType='"Text"', CommandTimeout='30']
SELECT a.id, a.access_failed_count, a.concurrency_stamp, a.department_id, a.email, a.email_confirmed, a.full_name, a.joined_on, a.lockout_enabled, a.lockout_end, a.must_change_password, a.normalized_email, a.normalized_user_name, a.password_hash, a.phone_number, a.phone_number_confirmed, a.photo_url, a.role, a.security_stamp, a.status, a.two_factor_enabled, a.user_name
FROM "AspNetUsers" AS a
WHERE a.id = @p
LIMIT 1
2026-08-14 13:04:06.958 +03:00 [INF] Executed DbCommand (1ms) [Parameters=[@userId='?' (DbType = Guid)], CommandType='"Text"', CommandTimeout='30']
SELECT a.id AS "Id", a.full_name AS "FullName", a.email AS "Email", a.phone_number AS "PhoneNumber", a.photo_url AS "PhotoUrl", a.role AS "Role", a.department_id AS "DepartmentId", d.code AS "DepartmentCode", d.name AS "DepartmentName", a.joined_on AS "JoinedOn", a.status AS "Status"
FROM "AspNetUsers" AS a
LEFT JOIN departments AS d ON a.department_id = d.id
WHERE a.id = @userId
LIMIT 1
2026-08-14 13:04:06.958 +03:00 [INF] Handled GetMeQuery for user "e71006a3-891c-4459-aa20-bf6c6d8cab84" in 0 ms
2026-08-14 13:04:06.958 +03:00 [INF] HTTP GET /api/v1/auth/me responded 200 in 24.2013 ms
2026-08-14 13:04:06.962 +03:00 [INF] Executed DbCommand (1ms) [Parameters=[@p='?' (DbType = Guid)], CommandType='"Text"', CommandTimeout='30']
SELECT a.id, a.access_failed_count, a.concurrency_stamp, a.department_id, a.email, a.email_confirmed, a.full_name, a.joined_on, a.lockout_enabled, a.lockout_end, a.must_change_password, a.normalized_email, a.normalized_user_name, a.password_hash, a.phone_number, a.phone_number_confirmed, a.photo_url, a.role, a.security_stamp, a.status, a.two_factor_enabled, a.user_name
FROM "AspNetUsers" AS a
WHERE a.id = @p
LIMIT 1
2026-08-14 13:04:06.964 +03:00 [INF] Executed DbCommand (1ms) [Parameters=[@userId='?' (DbType = Guid)], CommandType='"Text"', CommandTimeout='30']
SELECT a.id AS "Id", a.full_name AS "FullName", a.email AS "Email", a.phone_number AS "PhoneNumber", a.photo_url AS "PhotoUrl", a.role AS "Role", a.department_id AS "DepartmentId", d.code AS "DepartmentCode", d.name AS "DepartmentName", a.joined_on AS "JoinedOn", a.status AS "Status"
FROM "AspNetUsers" AS a
LEFT JOIN departments AS d ON a.department_id = d.id
WHERE a.id = @userId
LIMIT 1
2026-08-14 13:04:06.964 +03:00 [INF] Handled GetMeQuery for user "e71006a3-891c-4459-aa20-bf6c6d8cab84" in 1 ms
2026-08-14 13:04:06.964 +03:00 [INF] HTTP GET /api/v1/auth/me responded 200 in 3.5710 ms
2026-08-14 13:07:45.702 +03:00 [INF] Executed DbCommand (1ms) [Parameters=[@normalizedEmail='?'], CommandType='"Text"', CommandTimeout='30']
SELECT a.id, a.access_failed_count, a.concurrency_stamp, a.department_id, a.email, a.email_confirmed, a.full_name, a.joined_on, a.lockout_enabled, a.lockout_end, a.must_change_password, a.normalized_email, a.normalized_user_name, a.password_hash, a.phone_number, a.phone_number_confirmed, a.photo_url, a.role, a.security_stamp, a.status, a.two_factor_enabled, a.user_name
FROM "AspNetUsers" AS a
WHERE a.normalized_email = @normalizedEmail
LIMIT 2
2026-08-14 13:07:45.752 +03:00 [INF] Executed DbCommand (7ms) [Parameters=[@p0='?' (DbType = Guid), @p1='?' (DbType = DateTime), @p2='?' (DbType = DateTime), @p3='?' (DbType = Guid), @p4='?', @p5='?' (DbType = DateTime), @p6='?'], CommandType='"Text"', CommandTimeout='30']
INSERT INTO refresh_tokens (id, created_at_utc, expires_at_utc, member_id, replaced_by_token_hash, revoked_at_utc, token_hash)
VALUES (@p0, @p1, @p2, @p3, @p4, @p5, @p6);
2026-08-14 13:07:45.752 +03:00 [INF] Handled LoginCommand for user null in 52 ms
2026-08-14 13:07:45.753 +03:00 [INF] HTTP POST /api/v1/auth/login responded 200 in 53.7008 ms
2026-08-14 13:07:45.767 +03:00 [INF] Executed DbCommand (1ms) [Parameters=[@p='?' (DbType = Guid)], CommandType='"Text"', CommandTimeout='30']
SELECT a.id, a.access_failed_count, a.concurrency_stamp, a.department_id, a.email, a.email_confirmed, a.full_name, a.joined_on, a.lockout_enabled, a.lockout_end, a.must_change_password, a.normalized_email, a.normalized_user_name, a.password_hash, a.phone_number, a.phone_number_confirmed, a.photo_url, a.role, a.security_stamp, a.status, a.two_factor_enabled, a.user_name
FROM "AspNetUsers" AS a
WHERE a.id = @p
LIMIT 1
2026-08-14 13:07:45.769 +03:00 [INF] Executed DbCommand (1ms) [Parameters=[@status='?'], CommandType='"Text"', CommandTimeout='30']
SELECT count(*)::int
FROM "AspNetUsers" AS a
WHERE a.status = @status
2026-08-14 13:07:45.771 +03:00 [INF] Executed DbCommand (2ms) [Parameters=[@status='?', @p2='?' (DbType = Int32), @p='?' (DbType = Int32)], CommandType='"Text"', CommandTimeout='30']
SELECT a0.id AS "Id", a0.full_name AS "FullName", a0.email AS "Email", a0.phone_number AS "PhoneNumber", a0.photo_url AS "PhotoUrl", a0.role AS "Role", a0.department_id AS "DepartmentId", d.code AS "DepartmentCode", d.name AS "DepartmentName", a0.joined_on AS "JoinedOn", a0.status AS "Status"
FROM (
    SELECT a.id, a.department_id, a.email, a.full_name, a.joined_on, a.phone_number, a.photo_url, a.role, a.status
    FROM "AspNetUsers" AS a
    WHERE a.status = @status
    ORDER BY a.full_name
    LIMIT @p2 OFFSET @p
) AS a0
LEFT JOIN departments AS d ON a0.department_id = d.id
ORDER BY a0.full_name
2026-08-14 13:07:45.771 +03:00 [INF] Handled GetMembersQuery for user "e71006a3-891c-4459-aa20-bf6c6d8cab84" in 4 ms
2026-08-14 13:07:45.772 +03:00 [INF] HTTP GET /api/v1/members responded 200 in 5.7110 ms
2026-08-14 13:07:45.784 +03:00 [INF] Executed DbCommand (1ms) [Parameters=[@p='?' (DbType = Guid)], CommandType='"Text"', CommandTimeout='30']
SELECT a.id, a.access_failed_count, a.concurrency_stamp, a.department_id, a.email, a.email_confirmed, a.full_name, a.joined_on, a.lockout_enabled, a.lockout_end, a.must_change_password, a.normalized_email, a.normalized_user_name, a.password_hash, a.phone_number, a.phone_number_confirmed, a.photo_url, a.role, a.security_stamp, a.status, a.two_factor_enabled, a.user_name
FROM "AspNetUsers" AS a
WHERE a.id = @p
LIMIT 1
2026-08-14 13:07:45.784 +03:00 [INF] Executed DbCommand (0ms) [Parameters=[], CommandType='"Text"', CommandTimeout='30']
SELECT d.id, d.code, d.created_at_utc, d.created_by_id, d.description, d.name, d.updated_at_utc, d.updated_by_id
FROM departments AS d
ORDER BY d.code
2026-08-14 13:07:45.785 +03:00 [INF] Executed DbCommand (1ms) [Parameters=[], CommandType='"Text"', CommandTimeout='30']
SELECT a.id AS "Id", a.full_name AS "FullName", a.email AS "Email", a.phone_number AS "PhoneNumber", a.photo_url AS "PhotoUrl", a.role AS "Role", a.department_id AS "DepartmentId", d.code AS "DepartmentCode", d.name AS "DepartmentName", a.joined_on AS "JoinedOn", a.status AS "Status"
FROM "AspNetUsers" AS a
LEFT JOIN departments AS d ON a.department_id = d.id
WHERE a.status = 'Active' AND a.department_id IS NOT NULL
2026-08-14 13:07:45.786 +03:00 [INF] Handled GetDepartmentsQuery for user "e71006a3-891c-4459-aa20-bf6c6d8cab84" in 1 ms
2026-08-14 13:07:45.786 +03:00 [INF] HTTP GET /api/v1/departments responded 200 in 2.7757 ms
2026-08-14 13:07:45.882 +03:00 [INF] Executed DbCommand (1ms) [Parameters=[@p='?' (DbType = Guid)], CommandType='"Text"', CommandTimeout='30']
SELECT a.id, a.access_failed_count, a.concurrency_stamp, a.department_id, a.email, a.email_confirmed, a.full_name, a.joined_on, a.lockout_enabled, a.lockout_end, a.must_change_password, a.normalized_email, a.normalized_user_name, a.password_hash, a.phone_number, a.phone_number_confirmed, a.photo_url, a.role, a.security_stamp, a.status, a.two_factor_enabled, a.user_name
FROM "AspNetUsers" AS a
WHERE a.id = @p
LIMIT 1
2026-08-14 13:07:45.883 +03:00 [INF] Executed DbCommand (0ms) [Parameters=[@userId='?' (DbType = Guid)], CommandType='"Text"', CommandTimeout='30']
SELECT a.id AS "Id", a.full_name AS "FullName", a.email AS "Email", a.phone_number AS "PhoneNumber", a.photo_url AS "PhotoUrl", a.role AS "Role", a.department_id AS "DepartmentId", d.code AS "DepartmentCode", d.name AS "DepartmentName", a.joined_on AS "JoinedOn", a.status AS "Status"
FROM "AspNetUsers" AS a
LEFT JOIN departments AS d ON a.department_id = d.id
WHERE a.id = @userId
LIMIT 1
2026-08-14 13:07:45.883 +03:00 [INF] Handled GetMeQuery for user "e71006a3-891c-4459-aa20-bf6c6d8cab84" in 0 ms
2026-08-14 13:07:45.883 +03:00 [INF] HTTP GET /api/v1/auth/me responded 200 in 2.3039 ms
2026-08-14 13:07:45.976 +03:00 [INF] Executed DbCommand (1ms) [Parameters=[@p='?' (DbType = Guid)], CommandType='"Text"', CommandTimeout='30']
SELECT a.id, a.access_failed_count, a.concurrency_stamp, a.department_id, a.email, a.email_confirmed, a.full_name, a.joined_on, a.lockout_enabled, a.lockout_end, a.must_change_password, a.normalized_email, a.normalized_user_name, a.password_hash, a.phone_number, a.phone_number_confirmed, a.photo_url, a.role, a.security_stamp, a.status, a.two_factor_enabled, a.user_name
FROM "AspNetUsers" AS a
WHERE a.id = @p
LIMIT 1
2026-08-14 13:07:46.066 +03:00 [INF] Executed DbCommand (32ms) [Parameters=[@distinct='?' (DbType = Object)], CommandType='"Text"', CommandTimeout='30']
SELECT count(*)::int
FROM "AspNetUsers" AS a
WHERE a.id = ANY (@distinct) AND a.status = 'Active'
2026-08-14 13:07:46.118 +03:00 [INF] Executed DbCommand (7ms) [Parameters=[@p0='?' (DbType = Guid), @p1='?' (DbType = DateTime), @p2='?' (DbType = Guid), @p3='?' (DbType = DateTime), @p4='?' (DbType = Guid), @p5='?', @p6='?' (DbType = DateTime), @p7='?' (DbType = DateTime), @p8='?' (DbType = Boolean), @p9='?' (DbType = DateTime), @p10='?', @p11='?', @p12='?', @p13='?', @p14='?' (DbType = DateTime), @p15='?' (DbType = Guid), @p16='?' (DbType = Guid), @p17='?' (DbType = Guid), @p18='?' (DbType = Guid), @p19='?' (DbType = Guid)], CommandType='"Text"', CommandTimeout='30']
INSERT INTO tasks (id, created_at_utc, created_by_id, deleted_at_utc, department_id, description, due_at_utc, due_soon_notified_at_utc, is_deleted, overdue_notified_at_utc, priority, scope, status, title, updated_at_utc, updated_by_id)
VALUES (@p0, @p1, @p2, @p3, @p4, @p5, @p6, @p7, @p8, @p9, @p10, @p11, @p12, @p13, @p14, @p15);
INSERT INTO task_assignees (member_id, task_item_id)
VALUES (@p16, @p17);
INSERT INTO task_assignees (member_id, task_item_id)
VALUES (@p18, @p19);
2026-08-14 13:07:46.136 +03:00 [INF] Executed DbCommand (3ms) [Parameters=[@p0='?' (DbType = Guid), @p1='?', @p2='?' (DbType = DateTime), @p3='?' (DbType = Guid), @p4='?' (DbType = Boolean), @p5='?' (DbType = Object), @p6='?' (DbType = Guid), @p7='?', @p8='?', @p9='?' (DbType = DateTime), @p10='?' (DbType = Guid), @p11='?' (DbType = Guid), @p12='?', @p13='?' (DbType = DateTime), @p14='?' (DbType = Guid), @p15='?' (DbType = Boolean), @p16='?' (DbType = Object), @p17='?' (DbType = Guid), @p18='?', @p19='?', @p20='?' (DbType = DateTime), @p21='?' (DbType = Guid)], CommandType='"Text"', CommandTimeout='30']
INSERT INTO notifications (id, body, created_at_utc, created_by_id, is_read, payload, recipient_id, title, type, updated_at_utc, updated_by_id)
VALUES (@p0, @p1, @p2, @p3, @p4, @p5, @p6, @p7, @p8, @p9, @p10);
INSERT INTO notifications (id, body, created_at_utc, created_by_id, is_read, payload, recipient_id, title, type, updated_at_utc, updated_by_id)
VALUES (@p11, @p12, @p13, @p14, @p15, @p16, @p17, @p18, @p19, @p20, @p21);
2026-08-14 13:07:46.137 +03:00 [INF] [DEV PUSH] "TaskAssigned" -> 2 member(s) | Нова задача | Назначена Ви е задача: Организиране на пролетния бал
2026-08-14 13:07:46.148 +03:00 [WRN] Compiling a query which loads related collections for more than one collection navigation, either via 'Include' or through projection, but no 'QuerySplittingBehavior' has been configured. By default, Entity Framework will use 'QuerySplittingBehavior.SingleQuery', which can potentially result in slow query performance. See https://go.microsoft.com/fwlink/?linkid=2134277 for more information. To identify the query that's triggering this warning call 'ConfigureWarnings(w => w.Throw(RelationalEventId.MultipleCollectionIncludeWarning))'.
2026-08-14 13:07:46.169 +03:00 [INF] Executed DbCommand (6ms) [Parameters=[@taskId='?' (DbType = Guid)], CommandType='"Text"', CommandTimeout='30']
SELECT s.id, s.created_at_utc, s.created_by_id, s.deleted_at_utc, s.department_id, s.description, s.due_at_utc, s.due_soon_notified_at_utc, s.is_deleted, s.overdue_notified_at_utc, s.priority, s.scope, s.status, s.title, s.updated_at_utc, s.updated_by_id, s.id0, s.code, s.created_at_utc0, s.created_by_id0, s.description0, s.name, s.updated_at_utc0, s.updated_by_id0, s0.task_item_id, s0.member_id, s0.id, s1.id, s1.author_id, s1.created_at_utc, s1.created_by_id, s1.task_item_id, s1.text, s1.updated_at_utc, s1.updated_by_id, s1.id0, s2.id, s2.content_type, s2.created_at_utc, s2.created_by_id, s2.original_file_name, s2.size_bytes, s2.storage_key, s2.task_item_id, s2.updated_at_utc, s2.updated_by_id, s2.uploaded_at_utc, s2.uploaded_by_id, s2.id0
FROM (
    SELECT t.id, t.created_at_utc, t.created_by_id, t.deleted_at_utc, t.department_id, t.description, t.due_at_utc, t.due_soon_notified_at_utc, t.is_deleted, t.overdue_notified_at_utc, t.priority, t.scope, t.status, t.title, t.updated_at_utc, t.updated_by_id, d.id AS id0, d.code, d.created_at_utc AS created_at_utc0, d.created_by_id AS created_by_id0, d.description AS description0, d.name, d.updated_at_utc AS updated_at_utc0, d.updated_by_id AS updated_by_id0
    FROM tasks AS t
    LEFT JOIN departments AS d ON t.department_id = d.id
    WHERE NOT (t.is_deleted) AND t.id = @taskId
    LIMIT 1
) AS s
LEFT JOIN (
    SELECT t0.task_item_id, t0.member_id, t2.id
    FROM task_assignees AS t0
    INNER JOIN (
        SELECT t1.id, t1.is_deleted
        FROM tasks AS t1
        WHERE NOT (t1.is_deleted)
    ) AS t2 ON t0.task_item_id = t2.id
    WHERE NOT (t2.is_deleted)
) AS s0 ON s.id = s0.task_item_id
LEFT JOIN (
    SELECT t3.id, t3.author_id, t3.created_at_utc, t3.created_by_id, t3.task_item_id, t3.text, t3.updated_at_utc, t3.updated_by_id, t5.id AS id0
    FROM task_comments AS t3
    INNER JOIN (
        SELECT t4.id, t4.is_deleted
        FROM tasks AS t4
        WHERE NOT (t4.is_deleted)
    ) AS t5 ON t3.task_item_id = t5.id
    WHERE NOT (t5.is_deleted)
) AS s1 ON s.id = s1.task_item_id
LEFT JOIN (
    SELECT t6.id, t6.content_type, t6.created_at_utc, t6.created_by_id, t6.original_file_name, t6.size_bytes, t6.storage_key, t6.task_item_id, t6.updated_at_utc, t6.updated_by_id, t6.uploaded_at_utc, t6.uploaded_by_id, t8.id AS id0
    FROM task_documents AS t6
    INNER JOIN (
        SELECT t7.id, t7.is_deleted
        FROM tasks AS t7
        WHERE NOT (t7.is_deleted)
    ) AS t8 ON t6.task_item_id = t8.id
    WHERE NOT (t8.is_deleted)
) AS s2 ON s.id = s2.task_item_id
ORDER BY s.id, s.id0, s0.task_item_id, s0.member_id, s0.id, s1.id, s1.id0, s2.id
2026-08-14 13:07:46.184 +03:00 [INF] Executed DbCommand (1ms) [Parameters=[@distinct='?' (DbType = Object)], CommandType='"Text"', CommandTimeout='30']
SELECT a.id AS "Id", a.full_name AS "FullName", a.email AS "Email", a.phone_number AS "PhoneNumber", a.photo_url AS "PhotoUrl", a.role AS "Role", a.department_id AS "DepartmentId", d.code AS "DepartmentCode", d.name AS "DepartmentName", a.joined_on AS "JoinedOn", a.status AS "Status"
FROM "AspNetUsers" AS a
LEFT JOIN departments AS d ON a.department_id = d.id
WHERE a.id = ANY (@distinct)
2026-08-14 13:07:46.185 +03:00 [INF] Handled CreateTaskCommand for user "e71006a3-891c-4459-aa20-bf6c6d8cab84" in 117 ms
2026-08-14 13:07:46.195 +03:00 [INF] HTTP POST /api/v1/tasks responded 201 in 219.5845 ms
2026-08-14 13:07:46.209 +03:00 [INF] Executed DbCommand (1ms) [Parameters=[@p='?' (DbType = Guid)], CommandType='"Text"', CommandTimeout='30']
SELECT a.id, a.access_failed_count, a.concurrency_stamp, a.department_id, a.email, a.email_confirmed, a.full_name, a.joined_on, a.lockout_enabled, a.lockout_end, a.must_change_password, a.normalized_email, a.normalized_user_name, a.password_hash, a.phone_number, a.phone_number_confirmed, a.photo_url, a.role, a.security_stamp, a.status, a.two_factor_enabled, a.user_name
FROM "AspNetUsers" AS a
WHERE a.id = @p
LIMIT 1
2026-08-14 13:07:46.211 +03:00 [INF] Executed DbCommand (1ms) [Parameters=[@id='?' (DbType = Guid)], CommandType='"Text"', CommandTimeout='30']
SELECT EXISTS (
    SELECT 1
    FROM departments AS d
    WHERE d.id = @id)
2026-08-14 13:07:46.212 +03:00 [INF] Executed DbCommand (0ms) [Parameters=[@distinct='?' (DbType = Object)], CommandType='"Text"', CommandTimeout='30']
SELECT count(*)::int
FROM "AspNetUsers" AS a
WHERE a.id = ANY (@distinct) AND a.status = 'Active'
2026-08-14 13:07:46.214 +03:00 [INF] Executed DbCommand (1ms) [Parameters=[@p0='?' (DbType = Guid), @p1='?' (DbType = DateTime), @p2='?' (DbType = Guid), @p3='?' (DbType = DateTime), @p4='?' (DbType = Guid), @p5='?', @p6='?' (DbType = DateTime), @p7='?' (DbType = DateTime), @p8='?' (DbType = Boolean), @p9='?' (DbType = DateTime), @p10='?', @p11='?', @p12='?', @p13='?', @p14='?' (DbType = DateTime), @p15='?' (DbType = Guid), @p16='?' (DbType = Guid), @p17='?' (DbType = Guid)], CommandType='"Text"', CommandTimeout='30']
INSERT INTO tasks (id, created_at_utc, created_by_id, deleted_at_utc, department_id, description, due_at_utc, due_soon_notified_at_utc, is_deleted, overdue_notified_at_utc, priority, scope, status, title, updated_at_utc, updated_by_id)
VALUES (@p0, @p1, @p2, @p3, @p4, @p5, @p6, @p7, @p8, @p9, @p10, @p11, @p12, @p13, @p14, @p15);
INSERT INTO task_assignees (member_id, task_item_id)
VALUES (@p16, @p17);
2026-08-14 13:07:46.215 +03:00 [INF] Executed DbCommand (0ms) [Parameters=[@p0='?' (DbType = Guid), @p1='?', @p2='?' (DbType = DateTime), @p3='?' (DbType = Guid), @p4='?' (DbType = Boolean), @p5='?' (DbType = Object), @p6='?' (DbType = Guid), @p7='?', @p8='?', @p9='?' (DbType = DateTime), @p10='?' (DbType = Guid)], CommandType='"Text"', CommandTimeout='30']
INSERT INTO notifications (id, body, created_at_utc, created_by_id, is_read, payload, recipient_id, title, type, updated_at_utc, updated_by_id)
VALUES (@p0, @p1, @p2, @p3, @p4, @p5, @p6, @p7, @p8, @p9, @p10);
2026-08-14 13:07:46.216 +03:00 [INF] [DEV PUSH] "TaskAssigned" -> 1 member(s) | Нова задача | Назначена Ви е задача: Публикации за месец март
2026-08-14 13:07:46.218 +03:00 [INF] Executed DbCommand (2ms) [Parameters=[@taskId='?' (DbType = Guid)], CommandType='"Text"', CommandTimeout='30']
SELECT s.id, s.created_at_utc, s.created_by_id, s.deleted_at_utc, s.department_id, s.description, s.due_at_utc, s.due_soon_notified_at_utc, s.is_deleted, s.overdue_notified_at_utc, s.priority, s.scope, s.status, s.title, s.updated_at_utc, s.updated_by_id, s.id0, s.code, s.created_at_utc0, s.created_by_id0, s.description0, s.name, s.updated_at_utc0, s.updated_by_id0, s0.task_item_id, s0.member_id, s0.id, s1.id, s1.author_id, s1.created_at_utc, s1.created_by_id, s1.task_item_id, s1.text, s1.updated_at_utc, s1.updated_by_id, s1.id0, s2.id, s2.content_type, s2.created_at_utc, s2.created_by_id, s2.original_file_name, s2.size_bytes, s2.storage_key, s2.task_item_id, s2.updated_at_utc, s2.updated_by_id, s2.uploaded_at_utc, s2.uploaded_by_id, s2.id0
FROM (
    SELECT t.id, t.created_at_utc, t.created_by_id, t.deleted_at_utc, t.department_id, t.description, t.due_at_utc, t.due_soon_notified_at_utc, t.is_deleted, t.overdue_notified_at_utc, t.priority, t.scope, t.status, t.title, t.updated_at_utc, t.updated_by_id, d.id AS id0, d.code, d.created_at_utc AS created_at_utc0, d.created_by_id AS created_by_id0, d.description AS description0, d.name, d.updated_at_utc AS updated_at_utc0, d.updated_by_id AS updated_by_id0
    FROM tasks AS t
    LEFT JOIN departments AS d ON t.department_id = d.id
    WHERE NOT (t.is_deleted) AND t.id = @taskId
    LIMIT 1
) AS s
LEFT JOIN (
    SELECT t0.task_item_id, t0.member_id, t2.id
    FROM task_assignees AS t0
    INNER JOIN (
        SELECT t1.id, t1.is_deleted
        FROM tasks AS t1
        WHERE NOT (t1.is_deleted)
    ) AS t2 ON t0.task_item_id = t2.id
    WHERE NOT (t2.is_deleted)
) AS s0 ON s.id = s0.task_item_id
LEFT JOIN (
    SELECT t3.id, t3.author_id, t3.created_at_utc, t3.created_by_id, t3.task_item_id, t3.text, t3.updated_at_utc, t3.updated_by_id, t5.id AS id0
    FROM task_comments AS t3
    INNER JOIN (
        SELECT t4.id, t4.is_deleted
        FROM tasks AS t4
        WHERE NOT (t4.is_deleted)
    ) AS t5 ON t3.task_item_id = t5.id
    WHERE NOT (t5.is_deleted)
) AS s1 ON s.id = s1.task_item_id
LEFT JOIN (
    SELECT t6.id, t6.content_type, t6.created_at_utc, t6.created_by_id, t6.original_file_name, t6.size_bytes, t6.storage_key, t6.task_item_id, t6.updated_at_utc, t6.updated_by_id, t6.uploaded_at_utc, t6.uploaded_by_id, t8.id AS id0
    FROM task_documents AS t6
    INNER JOIN (
        SELECT t7.id, t7.is_deleted
        FROM tasks AS t7
        WHERE NOT (t7.is_deleted)
    ) AS t8 ON t6.task_item_id = t8.id
    WHERE NOT (t8.is_deleted)
) AS s2 ON s.id = s2.task_item_id
ORDER BY s.id, s.id0, s0.task_item_id, s0.member_id, s0.id, s1.id, s1.id0, s2.id
2026-08-14 13:07:46.220 +03:00 [INF] Executed DbCommand (0ms) [Parameters=[@distinct='?' (DbType = Object)], CommandType='"Text"', CommandTimeout='30']
SELECT a.id AS "Id", a.full_name AS "FullName", a.email AS "Email", a.phone_number AS "PhoneNumber", a.photo_url AS "PhotoUrl", a.role AS "Role", a.department_id AS "DepartmentId", d.code AS "DepartmentCode", d.name AS "DepartmentName", a.joined_on AS "JoinedOn", a.status AS "Status"
FROM "AspNetUsers" AS a
LEFT JOIN departments AS d ON a.department_id = d.id
WHERE a.id = ANY (@distinct)
2026-08-14 13:07:46.220 +03:00 [INF] Handled CreateTaskCommand for user "e71006a3-891c-4459-aa20-bf6c6d8cab84" in 7 ms
2026-08-14 13:07:46.220 +03:00 [INF] HTTP POST /api/v1/tasks responded 201 in 12.4760 ms
2026-08-14 13:07:46.235 +03:00 [INF] Executed DbCommand (1ms) [Parameters=[@p='?' (DbType = Guid)], CommandType='"Text"', CommandTimeout='30']
SELECT a.id, a.access_failed_count, a.concurrency_stamp, a.department_id, a.email, a.email_confirmed, a.full_name, a.joined_on, a.lockout_enabled, a.lockout_end, a.must_change_password, a.normalized_email, a.normalized_user_name, a.password_hash, a.phone_number, a.phone_number_confirmed, a.photo_url, a.role, a.security_stamp, a.status, a.two_factor_enabled, a.user_name
FROM "AspNetUsers" AS a
WHERE a.id = @p
LIMIT 1
2026-08-14 13:07:46.237 +03:00 [INF] Executed DbCommand (0ms) [Parameters=[@distinct='?' (DbType = Object)], CommandType='"Text"', CommandTimeout='30']
SELECT count(*)::int
FROM "AspNetUsers" AS a
WHERE a.id = ANY (@distinct) AND a.status = 'Active'
2026-08-14 13:07:46.239 +03:00 [INF] Executed DbCommand (1ms) [Parameters=[@p0='?' (DbType = Guid), @p1='?' (DbType = DateTime), @p2='?' (DbType = Guid), @p3='?' (DbType = DateTime), @p4='?' (DbType = Guid), @p5='?', @p6='?' (DbType = DateTime), @p7='?' (DbType = DateTime), @p8='?' (DbType = Boolean), @p9='?' (DbType = DateTime), @p10='?', @p11='?', @p12='?', @p13='?', @p14='?' (DbType = DateTime), @p15='?' (DbType = Guid), @p16='?' (DbType = Guid), @p17='?' (DbType = Guid)], CommandType='"Text"', CommandTimeout='30']
INSERT INTO tasks (id, created_at_utc, created_by_id, deleted_at_utc, department_id, description, due_at_utc, due_soon_notified_at_utc, is_deleted, overdue_notified_at_utc, priority, scope, status, title, updated_at_utc, updated_by_id)
VALUES (@p0, @p1, @p2, @p3, @p4, @p5, @p6, @p7, @p8, @p9, @p10, @p11, @p12, @p13, @p14, @p15);
INSERT INTO task_assignees (member_id, task_item_id)
VALUES (@p16, @p17);
2026-08-14 13:07:46.241 +03:00 [INF] Executed DbCommand (2ms) [Parameters=[@p0='?' (DbType = Guid), @p1='?', @p2='?' (DbType = DateTime), @p3='?' (DbType = Guid), @p4='?' (DbType = Boolean), @p5='?' (DbType = Object), @p6='?' (DbType = Guid), @p7='?', @p8='?', @p9='?' (DbType = DateTime), @p10='?' (DbType = Guid)], CommandType='"Text"', CommandTimeout='30']
INSERT INTO notifications (id, body, created_at_utc, created_by_id, is_read, payload, recipient_id, title, type, updated_at_utc, updated_by_id)
VALUES (@p0, @p1, @p2, @p3, @p4, @p5, @p6, @p7, @p8, @p9, @p10);
2026-08-14 13:07:46.241 +03:00 [INF] [DEV PUSH] "TaskAssigned" -> 1 member(s) | Нова задача | Назначена Ви е задача: Ремонт на клубната стая
2026-08-14 13:07:46.243 +03:00 [INF] Executed DbCommand (2ms) [Parameters=[@taskId='?' (DbType = Guid)], CommandType='"Text"', CommandTimeout='30']
SELECT s.id, s.created_at_utc, s.created_by_id, s.deleted_at_utc, s.department_id, s.description, s.due_at_utc, s.due_soon_notified_at_utc, s.is_deleted, s.overdue_notified_at_utc, s.priority, s.scope, s.status, s.title, s.updated_at_utc, s.updated_by_id, s.id0, s.code, s.created_at_utc0, s.created_by_id0, s.description0, s.name, s.updated_at_utc0, s.updated_by_id0, s0.task_item_id, s0.member_id, s0.id, s1.id, s1.author_id, s1.created_at_utc, s1.created_by_id, s1.task_item_id, s1.text, s1.updated_at_utc, s1.updated_by_id, s1.id0, s2.id, s2.content_type, s2.created_at_utc, s2.created_by_id, s2.original_file_name, s2.size_bytes, s2.storage_key, s2.task_item_id, s2.updated_at_utc, s2.updated_by_id, s2.uploaded_at_utc, s2.uploaded_by_id, s2.id0
FROM (
    SELECT t.id, t.created_at_utc, t.created_by_id, t.deleted_at_utc, t.department_id, t.description, t.due_at_utc, t.due_soon_notified_at_utc, t.is_deleted, t.overdue_notified_at_utc, t.priority, t.scope, t.status, t.title, t.updated_at_utc, t.updated_by_id, d.id AS id0, d.code, d.created_at_utc AS created_at_utc0, d.created_by_id AS created_by_id0, d.description AS description0, d.name, d.updated_at_utc AS updated_at_utc0, d.updated_by_id AS updated_by_id0
    FROM tasks AS t
    LEFT JOIN departments AS d ON t.department_id = d.id
    WHERE NOT (t.is_deleted) AND t.id = @taskId
    LIMIT 1
) AS s
LEFT JOIN (
    SELECT t0.task_item_id, t0.member_id, t2.id
    FROM task_assignees AS t0
    INNER JOIN (
        SELECT t1.id, t1.is_deleted
        FROM tasks AS t1
        WHERE NOT (t1.is_deleted)
    ) AS t2 ON t0.task_item_id = t2.id
    WHERE NOT (t2.is_deleted)
) AS s0 ON s.id = s0.task_item_id
LEFT JOIN (
    SELECT t3.id, t3.author_id, t3.created_at_utc, t3.created_by_id, t3.task_item_id, t3.text, t3.updated_at_utc, t3.updated_by_id, t5.id AS id0
    FROM task_comments AS t3
    INNER JOIN (
        SELECT t4.id, t4.is_deleted
        FROM tasks AS t4
        WHERE NOT (t4.is_deleted)
    ) AS t5 ON t3.task_item_id = t5.id
    WHERE NOT (t5.is_deleted)
) AS s1 ON s.id = s1.task_item_id
LEFT JOIN (
    SELECT t6.id, t6.content_type, t6.created_at_utc, t6.created_by_id, t6.original_file_name, t6.size_bytes, t6.storage_key, t6.task_item_id, t6.updated_at_utc, t6.updated_by_id, t6.uploaded_at_utc, t6.uploaded_by_id, t8.id AS id0
    FROM task_documents AS t6
    INNER JOIN (
        SELECT t7.id, t7.is_deleted
        FROM tasks AS t7
        WHERE NOT (t7.is_deleted)
    ) AS t8 ON t6.task_item_id = t8.id
    WHERE NOT (t8.is_deleted)
) AS s2 ON s.id = s2.task_item_id
ORDER BY s.id, s.id0, s0.task_item_id, s0.member_id, s0.id, s1.id, s1.id0, s2.id
2026-08-14 13:07:46.244 +03:00 [INF] Executed DbCommand (1ms) [Parameters=[@distinct='?' (DbType = Object)], CommandType='"Text"', CommandTimeout='30']
SELECT a.id AS "Id", a.full_name AS "FullName", a.email AS "Email", a.phone_number AS "PhoneNumber", a.photo_url AS "PhotoUrl", a.role AS "Role", a.department_id AS "DepartmentId", d.code AS "DepartmentCode", d.name AS "DepartmentName", a.joined_on AS "JoinedOn", a.status AS "Status"
FROM "AspNetUsers" AS a
LEFT JOIN departments AS d ON a.department_id = d.id
WHERE a.id = ANY (@distinct)
2026-08-14 13:07:46.244 +03:00 [INF] Handled CreateTaskCommand for user "e71006a3-891c-4459-aa20-bf6c6d8cab84" in 6 ms
2026-08-14 13:07:46.244 +03:00 [INF] HTTP POST /api/v1/tasks responded 201 in 10.2318 ms
2026-08-14 13:07:46.260 +03:00 [INF] Executed DbCommand (1ms) [Parameters=[@p='?' (DbType = Guid)], CommandType='"Text"', CommandTimeout='30']
SELECT a.id, a.access_failed_count, a.concurrency_stamp, a.department_id, a.email, a.email_confirmed, a.full_name, a.joined_on, a.lockout_enabled, a.lockout_end, a.must_change_password, a.normalized_email, a.normalized_user_name, a.password_hash, a.phone_number, a.phone_number_confirmed, a.photo_url, a.role, a.security_stamp, a.status, a.two_factor_enabled, a.user_name
FROM "AspNetUsers" AS a
WHERE a.id = @p
LIMIT 1
2026-08-14 13:07:46.261 +03:00 [INF] Executed DbCommand (0ms) [Parameters=[@id='?' (DbType = Guid)], CommandType='"Text"', CommandTimeout='30']
SELECT EXISTS (
    SELECT 1
    FROM departments AS d
    WHERE d.id = @id)
2026-08-14 13:07:46.261 +03:00 [INF] Executed DbCommand (0ms) [Parameters=[@distinct='?' (DbType = Object)], CommandType='"Text"', CommandTimeout='30']
SELECT count(*)::int
FROM "AspNetUsers" AS a
WHERE a.id = ANY (@distinct) AND a.status = 'Active'
2026-08-14 13:07:46.262 +03:00 [INF] Executed DbCommand (1ms) [Parameters=[@p0='?' (DbType = Guid), @p1='?' (DbType = DateTime), @p2='?' (DbType = Guid), @p3='?' (DbType = DateTime), @p4='?' (DbType = Guid), @p5='?', @p6='?' (DbType = DateTime), @p7='?' (DbType = DateTime), @p8='?' (DbType = Boolean), @p9='?' (DbType = DateTime), @p10='?', @p11='?', @p12='?', @p13='?', @p14='?' (DbType = DateTime), @p15='?' (DbType = Guid), @p16='?' (DbType = Guid), @p17='?' (DbType = Guid)], CommandType='"Text"', CommandTimeout='30']
INSERT INTO tasks (id, created_at_utc, created_by_id, deleted_at_utc, department_id, description, due_at_utc, due_soon_notified_at_utc, is_deleted, overdue_notified_at_utc, priority, scope, status, title, updated_at_utc, updated_by_id)
VALUES (@p0, @p1, @p2, @p3, @p4, @p5, @p6, @p7, @p8, @p9, @p10, @p11, @p12, @p13, @p14, @p15);
INSERT INTO task_assignees (member_id, task_item_id)
VALUES (@p16, @p17);
2026-08-14 13:07:46.264 +03:00 [INF] Executed DbCommand (0ms) [Parameters=[@p0='?' (DbType = Guid), @p1='?', @p2='?' (DbType = DateTime), @p3='?' (DbType = Guid), @p4='?' (DbType = Boolean), @p5='?' (DbType = Object), @p6='?' (DbType = Guid), @p7='?', @p8='?', @p9='?' (DbType = DateTime), @p10='?' (DbType = Guid)], CommandType='"Text"', CommandTimeout='30']
INSERT INTO notifications (id, body, created_at_utc, created_by_id, is_read, payload, recipient_id, title, type, updated_at_utc, updated_by_id)
VALUES (@p0, @p1, @p2, @p3, @p4, @p5, @p6, @p7, @p8, @p9, @p10);
2026-08-14 13:07:46.264 +03:00 [INF] [DEV PUSH] "TaskAssigned" -> 1 member(s) | Нова задача | Назначена Ви е задача: Обновяване на сайта
2026-08-14 13:07:46.266 +03:00 [INF] Executed DbCommand (2ms) [Parameters=[@taskId='?' (DbType = Guid)], CommandType='"Text"', CommandTimeout='30']
SELECT s.id, s.created_at_utc, s.created_by_id, s.deleted_at_utc, s.department_id, s.description, s.due_at_utc, s.due_soon_notified_at_utc, s.is_deleted, s.overdue_notified_at_utc, s.priority, s.scope, s.status, s.title, s.updated_at_utc, s.updated_by_id, s.id0, s.code, s.created_at_utc0, s.created_by_id0, s.description0, s.name, s.updated_at_utc0, s.updated_by_id0, s0.task_item_id, s0.member_id, s0.id, s1.id, s1.author_id, s1.created_at_utc, s1.created_by_id, s1.task_item_id, s1.text, s1.updated_at_utc, s1.updated_by_id, s1.id0, s2.id, s2.content_type, s2.created_at_utc, s2.created_by_id, s2.original_file_name, s2.size_bytes, s2.storage_key, s2.task_item_id, s2.updated_at_utc, s2.updated_by_id, s2.uploaded_at_utc, s2.uploaded_by_id, s2.id0
FROM (
    SELECT t.id, t.created_at_utc, t.created_by_id, t.deleted_at_utc, t.department_id, t.description, t.due_at_utc, t.due_soon_notified_at_utc, t.is_deleted, t.overdue_notified_at_utc, t.priority, t.scope, t.status, t.title, t.updated_at_utc, t.updated_by_id, d.id AS id0, d.code, d.created_at_utc AS created_at_utc0, d.created_by_id AS created_by_id0, d.description AS description0, d.name, d.updated_at_utc AS updated_at_utc0, d.updated_by_id AS updated_by_id0
    FROM tasks AS t
    LEFT JOIN departments AS d ON t.department_id = d.id
    WHERE NOT (t.is_deleted) AND t.id = @taskId
    LIMIT 1
) AS s
LEFT JOIN (
    SELECT t0.task_item_id, t0.member_id, t2.id
    FROM task_assignees AS t0
    INNER JOIN (
        SELECT t1.id, t1.is_deleted
        FROM tasks AS t1
        WHERE NOT (t1.is_deleted)
    ) AS t2 ON t0.task_item_id = t2.id
    WHERE NOT (t2.is_deleted)
) AS s0 ON s.id = s0.task_item_id
LEFT JOIN (
    SELECT t3.id, t3.author_id, t3.created_at_utc, t3.created_by_id, t3.task_item_id, t3.text, t3.updated_at_utc, t3.updated_by_id, t5.id AS id0
    FROM task_comments AS t3
    INNER JOIN (
        SELECT t4.id, t4.is_deleted
        FROM tasks AS t4
        WHERE NOT (t4.is_deleted)
    ) AS t5 ON t3.task_item_id = t5.id
    WHERE NOT (t5.is_deleted)
) AS s1 ON s.id = s1.task_item_id
LEFT JOIN (
    SELECT t6.id, t6.content_type, t6.created_at_utc, t6.created_by_id, t6.original_file_name, t6.size_bytes, t6.storage_key, t6.task_item_id, t6.updated_at_utc, t6.updated_by_id, t6.uploaded_at_utc, t6.uploaded_by_id, t8.id AS id0
    FROM task_documents AS t6
    INNER JOIN (
        SELECT t7.id, t7.is_deleted
        FROM tasks AS t7
        WHERE NOT (t7.is_deleted)
    ) AS t8 ON t6.task_item_id = t8.id
    WHERE NOT (t8.is_deleted)
) AS s2 ON s.id = s2.task_item_id
ORDER BY s.id, s.id0, s0.task_item_id, s0.member_id, s0.id, s1.id, s1.id0, s2.id
2026-08-14 13:07:46.267 +03:00 [INF] Executed DbCommand (1ms) [Parameters=[@distinct='?' (DbType = Object)], CommandType='"Text"', CommandTimeout='30']
SELECT a.id AS "Id", a.full_name AS "FullName", a.email AS "Email", a.phone_number AS "PhoneNumber", a.photo_url AS "PhotoUrl", a.role AS "Role", a.department_id AS "DepartmentId", d.code AS "DepartmentCode", d.name AS "DepartmentName", a.joined_on AS "JoinedOn", a.status AS "Status"
FROM "AspNetUsers" AS a
LEFT JOIN departments AS d ON a.department_id = d.id
WHERE a.id = ANY (@distinct)
2026-08-14 13:07:46.267 +03:00 [INF] Handled CreateTaskCommand for user "e71006a3-891c-4459-aa20-bf6c6d8cab84" in 6 ms
2026-08-14 13:07:46.268 +03:00 [INF] HTTP POST /api/v1/tasks responded 201 in 8.9322 ms
2026-08-14 13:07:46.282 +03:00 [INF] Executed DbCommand (1ms) [Parameters=[@p='?' (DbType = Guid)], CommandType='"Text"', CommandTimeout='30']
SELECT a.id, a.access_failed_count, a.concurrency_stamp, a.department_id, a.email, a.email_confirmed, a.full_name, a.joined_on, a.lockout_enabled, a.lockout_end, a.must_change_password, a.normalized_email, a.normalized_user_name, a.password_hash, a.phone_number, a.phone_number_confirmed, a.photo_url, a.role, a.security_stamp, a.status, a.two_factor_enabled, a.user_name
FROM "AspNetUsers" AS a
WHERE a.id = @p
LIMIT 1
2026-08-14 13:07:46.298 +03:00 [INF] Executed DbCommand (1ms) [Parameters=[], CommandType='"Text"', CommandTimeout='30']
SELECT count(*)::int
FROM tasks AS t
WHERE NOT (t.is_deleted)
2026-08-14 13:07:46.307 +03:00 [INF] Executed DbCommand (2ms) [Parameters=[@nowUtc='?' (DbType = DateTime), @p1='?' (DbType = Int32), @p='?' (DbType = Int32)], CommandType='"Text"', CommandTimeout='30']
SELECT t0.id, t0.title, t0.priority, t0.status, t0.due_at_utc, t0.scope, d.code, (
    SELECT count(*)::int
    FROM task_assignees AS t1
    INNER JOIN (
        SELECT t2.id, t2.is_deleted
        FROM tasks AS t2
        WHERE NOT (t2.is_deleted)
    ) AS t3 ON t1.task_item_id = t3.id
    WHERE NOT (t3.is_deleted) AND t0.id = t1.task_item_id), (
    SELECT count(*)::int
    FROM task_comments AS t4
    INNER JOIN (
        SELECT t5.id, t5.is_deleted
        FROM tasks AS t5
        WHERE NOT (t5.is_deleted)
    ) AS t6 ON t4.task_item_id = t6.id
    WHERE NOT (t6.is_deleted) AND t0.id = t4.task_item_id), (
    SELECT count(*)::int
    FROM task_documents AS t7
    INNER JOIN (
        SELECT t8.id, t8.is_deleted
        FROM tasks AS t8
        WHERE NOT (t8.is_deleted)
    ) AS t9 ON t7.task_item_id = t9.id
    WHERE NOT (t9.is_deleted) AND t0.id = t7.task_item_id), t0.due_at_utc IS NOT NULL AND t0.due_at_utc < @nowUtc AND t0.status <> 'Completed' AND t0.status <> 'Cancelled'
FROM (
    SELECT t.id, t.created_at_utc, t.department_id, t.due_at_utc, t.priority, t.scope, t.status, t.title
    FROM tasks AS t
    WHERE NOT (t.is_deleted)
    ORDER BY t.created_at_utc DESC
    LIMIT @p1 OFFSET @p
) AS t0
LEFT JOIN departments AS d ON t0.department_id = d.id
ORDER BY t0.created_at_utc DESC
2026-08-14 13:07:46.308 +03:00 [INF] Handled GetTasksQuery for user "e71006a3-891c-4459-aa20-bf6c6d8cab84" in 17 ms
2026-08-14 13:07:46.310 +03:00 [INF] HTTP GET /api/v1/tasks responded 200 in 29.8363 ms
2026-08-14 13:07:52.165 +03:00 [INF] Executed DbCommand (1ms) [Parameters=[@normalizedEmail='?'], CommandType='"Text"', CommandTimeout='30']
SELECT a.id, a.access_failed_count, a.concurrency_stamp, a.department_id, a.email, a.email_confirmed, a.full_name, a.joined_on, a.lockout_enabled, a.lockout_end, a.must_change_password, a.normalized_email, a.normalized_user_name, a.password_hash, a.phone_number, a.phone_number_confirmed, a.photo_url, a.role, a.security_stamp, a.status, a.two_factor_enabled, a.user_name
FROM "AspNetUsers" AS a
WHERE a.normalized_email = @normalizedEmail
LIMIT 2
2026-08-14 13:07:52.210 +03:00 [INF] Executed DbCommand (1ms) [Parameters=[@p0='?' (DbType = Guid), @p1='?' (DbType = DateTime), @p2='?' (DbType = DateTime), @p3='?' (DbType = Guid), @p4='?', @p5='?' (DbType = DateTime), @p6='?'], CommandType='"Text"', CommandTimeout='30']
INSERT INTO refresh_tokens (id, created_at_utc, expires_at_utc, member_id, replaced_by_token_hash, revoked_at_utc, token_hash)
VALUES (@p0, @p1, @p2, @p3, @p4, @p5, @p6);
2026-08-14 13:07:52.210 +03:00 [INF] Handled LoginCommand for user null in 46 ms
2026-08-14 13:07:52.210 +03:00 [INF] HTTP POST /api/v1/auth/login responded 200 in 46.5020 ms
2026-08-14 13:07:52.295 +03:00 [INF] Executed DbCommand (1ms) [Parameters=[@p='?' (DbType = Guid)], CommandType='"Text"', CommandTimeout='30']
SELECT a.id, a.access_failed_count, a.concurrency_stamp, a.department_id, a.email, a.email_confirmed, a.full_name, a.joined_on, a.lockout_enabled, a.lockout_end, a.must_change_password, a.normalized_email, a.normalized_user_name, a.password_hash, a.phone_number, a.phone_number_confirmed, a.photo_url, a.role, a.security_stamp, a.status, a.two_factor_enabled, a.user_name
FROM "AspNetUsers" AS a
WHERE a.id = @p
LIMIT 1
2026-08-14 13:07:52.297 +03:00 [INF] Executed DbCommand (1ms) [Parameters=[@userId='?' (DbType = Guid)], CommandType='"Text"', CommandTimeout='30']
SELECT a.id AS "Id", a.full_name AS "FullName", a.email AS "Email", a.phone_number AS "PhoneNumber", a.photo_url AS "PhotoUrl", a.role AS "Role", a.department_id AS "DepartmentId", d.code AS "DepartmentCode", d.name AS "DepartmentName", a.joined_on AS "JoinedOn", a.status AS "Status"
FROM "AspNetUsers" AS a
LEFT JOIN departments AS d ON a.department_id = d.id
WHERE a.id = @userId
LIMIT 1
2026-08-14 13:07:52.297 +03:00 [INF] Handled GetMeQuery for user "e71006a3-891c-4459-aa20-bf6c6d8cab84" in 1 ms
2026-08-14 13:07:52.297 +03:00 [INF] HTTP GET /api/v1/auth/me responded 200 in 2.4865 ms
2026-08-14 13:07:52.300 +03:00 [INF] Executed DbCommand (1ms) [Parameters=[@p='?' (DbType = Guid)], CommandType='"Text"', CommandTimeout='30']
SELECT a.id, a.access_failed_count, a.concurrency_stamp, a.department_id, a.email, a.email_confirmed, a.full_name, a.joined_on, a.lockout_enabled, a.lockout_end, a.must_change_password, a.normalized_email, a.normalized_user_name, a.password_hash, a.phone_number, a.phone_number_confirmed, a.photo_url, a.role, a.security_stamp, a.status, a.two_factor_enabled, a.user_name
FROM "AspNetUsers" AS a
WHERE a.id = @p
LIMIT 1
2026-08-14 13:07:52.301 +03:00 [INF] Executed DbCommand (1ms) [Parameters=[@userId='?' (DbType = Guid)], CommandType='"Text"', CommandTimeout='30']
SELECT a.id AS "Id", a.full_name AS "FullName", a.email AS "Email", a.phone_number AS "PhoneNumber", a.photo_url AS "PhotoUrl", a.role AS "Role", a.department_id AS "DepartmentId", d.code AS "DepartmentCode", d.name AS "DepartmentName", a.joined_on AS "JoinedOn", a.status AS "Status"
FROM "AspNetUsers" AS a
LEFT JOIN departments AS d ON a.department_id = d.id
WHERE a.id = @userId
LIMIT 1
2026-08-14 13:07:52.301 +03:00 [INF] Handled GetMeQuery for user "e71006a3-891c-4459-aa20-bf6c6d8cab84" in 0 ms
2026-08-14 13:07:52.302 +03:00 [INF] HTTP GET /api/v1/auth/me responded 200 in 2.8018 ms
2026-08-14 13:07:52.323 +03:00 [INF] Executed DbCommand (1ms) [Parameters=[@p='?' (DbType = Guid)], CommandType='"Text"', CommandTimeout='30']
SELECT a.id, a.access_failed_count, a.concurrency_stamp, a.department_id, a.email, a.email_confirmed, a.full_name, a.joined_on, a.lockout_enabled, a.lockout_end, a.must_change_password, a.normalized_email, a.normalized_user_name, a.password_hash, a.phone_number, a.phone_number_confirmed, a.photo_url, a.role, a.security_stamp, a.status, a.two_factor_enabled, a.user_name
FROM "AspNetUsers" AS a
WHERE a.id = @p
LIMIT 1
2026-08-14 13:07:52.326 +03:00 [INF] Executed DbCommand (1ms) [Parameters=[], CommandType='"Text"', CommandTimeout='30']
SELECT count(*)::int
FROM tasks AS t
WHERE NOT (t.is_deleted)
2026-08-14 13:07:52.332 +03:00 [INF] Executed DbCommand (2ms) [Parameters=[@nowUtc='?' (DbType = DateTime), @p1='?' (DbType = Int32), @p='?' (DbType = Int32)], CommandType='"Text"', CommandTimeout='30']
SELECT t0.id, t0.title, t0.priority, t0.status, t0.due_at_utc, t0.scope, d.code, (
    SELECT count(*)::int
    FROM task_assignees AS t1
    INNER JOIN (
        SELECT t2.id, t2.is_deleted
        FROM tasks AS t2
        WHERE NOT (t2.is_deleted)
    ) AS t3 ON t1.task_item_id = t3.id
    WHERE NOT (t3.is_deleted) AND t0.id = t1.task_item_id), (
    SELECT count(*)::int
    FROM task_comments AS t4
    INNER JOIN (
        SELECT t5.id, t5.is_deleted
        FROM tasks AS t5
        WHERE NOT (t5.is_deleted)
    ) AS t6 ON t4.task_item_id = t6.id
    WHERE NOT (t6.is_deleted) AND t0.id = t4.task_item_id), (
    SELECT count(*)::int
    FROM task_documents AS t7
    INNER JOIN (
        SELECT t8.id, t8.is_deleted
        FROM tasks AS t8
        WHERE NOT (t8.is_deleted)
    ) AS t9 ON t7.task_item_id = t9.id
    WHERE NOT (t9.is_deleted) AND t0.id = t7.task_item_id), t0.due_at_utc IS NOT NULL AND t0.due_at_utc < @nowUtc AND t0.status <> 'Completed' AND t0.status <> 'Cancelled'
FROM (
    SELECT t.id, t.department_id, t.due_at_utc, t.priority, t.scope, t.status, t.title
    FROM tasks AS t
    WHERE NOT (t.is_deleted)
    ORDER BY t.due_at_utc
    LIMIT @p1 OFFSET @p
) AS t0
LEFT JOIN departments AS d ON t0.department_id = d.id
ORDER BY t0.due_at_utc
2026-08-14 13:07:52.332 +03:00 [INF] Handled GetTasksQuery for user "e71006a3-891c-4459-aa20-bf6c6d8cab84" in 8 ms
2026-08-14 13:07:52.332 +03:00 [INF] HTTP GET /api/v1/tasks responded 200 in 10.7848 ms
2026-08-14 13:08:14.067 +03:00 [INF] Executed DbCommand (1ms) [Parameters=[@p='?' (DbType = Guid)], CommandType='"Text"', CommandTimeout='30']
SELECT a.id, a.access_failed_count, a.concurrency_stamp, a.department_id, a.email, a.email_confirmed, a.full_name, a.joined_on, a.lockout_enabled, a.lockout_end, a.must_change_password, a.normalized_email, a.normalized_user_name, a.password_hash, a.phone_number, a.phone_number_confirmed, a.photo_url, a.role, a.security_stamp, a.status, a.two_factor_enabled, a.user_name
FROM "AspNetUsers" AS a
WHERE a.id = @p
LIMIT 1
2026-08-14 13:08:14.071 +03:00 [INF] Executed DbCommand (1ms) [Parameters=[@scope='?'], CommandType='"Text"', CommandTimeout='30']
SELECT count(*)::int
FROM tasks AS t
WHERE NOT (t.is_deleted) AND t.scope = @scope
2026-08-14 13:08:14.075 +03:00 [INF] Executed DbCommand (2ms) [Parameters=[@nowUtc='?' (DbType = DateTime), @scope='?', @p2='?' (DbType = Int32), @p='?' (DbType = Int32)], CommandType='"Text"', CommandTimeout='30']
SELECT t0.id, t0.title, t0.priority, t0.status, t0.due_at_utc, t0.scope, d.code, (
    SELECT count(*)::int
    FROM task_assignees AS t1
    INNER JOIN (
        SELECT t2.id, t2.is_deleted
        FROM tasks AS t2
        WHERE NOT (t2.is_deleted)
    ) AS t3 ON t1.task_item_id = t3.id
    WHERE NOT (t3.is_deleted) AND t0.id = t1.task_item_id), (
    SELECT count(*)::int
    FROM task_comments AS t4
    INNER JOIN (
        SELECT t5.id, t5.is_deleted
        FROM tasks AS t5
        WHERE NOT (t5.is_deleted)
    ) AS t6 ON t4.task_item_id = t6.id
    WHERE NOT (t6.is_deleted) AND t0.id = t4.task_item_id), (
    SELECT count(*)::int
    FROM task_documents AS t7
    INNER JOIN (
        SELECT t8.id, t8.is_deleted
        FROM tasks AS t8
        WHERE NOT (t8.is_deleted)
    ) AS t9 ON t7.task_item_id = t9.id
    WHERE NOT (t9.is_deleted) AND t0.id = t7.task_item_id), t0.due_at_utc IS NOT NULL AND t0.due_at_utc < @nowUtc AND t0.status <> 'Completed' AND t0.status <> 'Cancelled'
FROM (
    SELECT t.id, t.department_id, t.due_at_utc, t.priority, t.scope, t.status, t.title
    FROM tasks AS t
    WHERE NOT (t.is_deleted) AND t.scope = @scope
    ORDER BY t.due_at_utc
    LIMIT @p2 OFFSET @p
) AS t0
LEFT JOIN departments AS d ON t0.department_id = d.id
ORDER BY t0.due_at_utc
2026-08-14 13:08:14.076 +03:00 [INF] Handled GetTasksQuery for user "e71006a3-891c-4459-aa20-bf6c6d8cab84" in 7 ms
2026-08-14 13:08:14.076 +03:00 [INF] HTTP GET /api/v1/tasks responded 200 in 9.9882 ms
2026-08-14 13:08:14.676 +03:00 [INF] Executed DbCommand (1ms) [Parameters=[@p='?' (DbType = Guid)], CommandType='"Text"', CommandTimeout='30']
SELECT a.id, a.access_failed_count, a.concurrency_stamp, a.department_id, a.email, a.email_confirmed, a.full_name, a.joined_on, a.lockout_enabled, a.lockout_end, a.must_change_password, a.normalized_email, a.normalized_user_name, a.password_hash, a.phone_number, a.phone_number_confirmed, a.photo_url, a.role, a.security_stamp, a.status, a.two_factor_enabled, a.user_name
FROM "AspNetUsers" AS a
WHERE a.id = @p
LIMIT 1
2026-08-14 13:08:14.677 +03:00 [INF] Executed DbCommand (1ms) [Parameters=[], CommandType='"Text"', CommandTimeout='30']
SELECT count(*)::int
FROM tasks AS t
WHERE NOT (t.is_deleted)
2026-08-14 13:08:14.678 +03:00 [INF] Executed DbCommand (1ms) [Parameters=[@nowUtc='?' (DbType = DateTime), @p1='?' (DbType = Int32), @p='?' (DbType = Int32)], CommandType='"Text"', CommandTimeout='30']
SELECT t0.id, t0.title, t0.priority, t0.status, t0.due_at_utc, t0.scope, d.code, (
    SELECT count(*)::int
    FROM task_assignees AS t1
    INNER JOIN (
        SELECT t2.id, t2.is_deleted
        FROM tasks AS t2
        WHERE NOT (t2.is_deleted)
    ) AS t3 ON t1.task_item_id = t3.id
    WHERE NOT (t3.is_deleted) AND t0.id = t1.task_item_id), (
    SELECT count(*)::int
    FROM task_comments AS t4
    INNER JOIN (
        SELECT t5.id, t5.is_deleted
        FROM tasks AS t5
        WHERE NOT (t5.is_deleted)
    ) AS t6 ON t4.task_item_id = t6.id
    WHERE NOT (t6.is_deleted) AND t0.id = t4.task_item_id), (
    SELECT count(*)::int
    FROM task_documents AS t7
    INNER JOIN (
        SELECT t8.id, t8.is_deleted
        FROM tasks AS t8
        WHERE NOT (t8.is_deleted)
    ) AS t9 ON t7.task_item_id = t9.id
    WHERE NOT (t9.is_deleted) AND t0.id = t7.task_item_id), t0.due_at_utc IS NOT NULL AND t0.due_at_utc < @nowUtc AND t0.status <> 'Completed' AND t0.status <> 'Cancelled'
FROM (
    SELECT t.id, t.department_id, t.due_at_utc, t.priority, t.scope, t.status, t.title
    FROM tasks AS t
    WHERE NOT (t.is_deleted)
    ORDER BY t.due_at_utc
    LIMIT @p1 OFFSET @p
) AS t0
LEFT JOIN departments AS d ON t0.department_id = d.id
ORDER BY t0.due_at_utc
2026-08-14 13:08:14.678 +03:00 [INF] Handled GetTasksQuery for user "e71006a3-891c-4459-aa20-bf6c6d8cab84" in 2 ms
2026-08-14 13:08:14.679 +03:00 [INF] HTTP GET /api/v1/tasks responded 200 in 4.2222 ms
2026-08-14 13:08:15.288 +03:00 [INF] Executed DbCommand (1ms) [Parameters=[@p='?' (DbType = Guid)], CommandType='"Text"', CommandTimeout='30']
SELECT a.id, a.access_failed_count, a.concurrency_stamp, a.department_id, a.email, a.email_confirmed, a.full_name, a.joined_on, a.lockout_enabled, a.lockout_end, a.must_change_password, a.normalized_email, a.normalized_user_name, a.password_hash, a.phone_number, a.phone_number_confirmed, a.photo_url, a.role, a.security_stamp, a.status, a.two_factor_enabled, a.user_name
FROM "AspNetUsers" AS a
WHERE a.id = @p
LIMIT 1
2026-08-14 13:08:15.310 +03:00 [INF] Executed DbCommand (2ms) [Parameters=[@nowUtc='?' (DbType = DateTime), @userId='?' (DbType = Guid)], CommandType='"Text"', CommandTimeout='30']
SELECT t.id, t.title, t.priority, t.status, t.due_at_utc, t.scope, d.code, (
    SELECT count(*)::int
    FROM task_assignees AS t3
    INNER JOIN (
        SELECT t4.id, t4.is_deleted
        FROM tasks AS t4
        WHERE NOT (t4.is_deleted)
    ) AS t5 ON t3.task_item_id = t5.id
    WHERE NOT (t5.is_deleted) AND t.id = t3.task_item_id), (
    SELECT count(*)::int
    FROM task_comments AS t6
    INNER JOIN (
        SELECT t7.id, t7.is_deleted
        FROM tasks AS t7
        WHERE NOT (t7.is_deleted)
    ) AS t8 ON t6.task_item_id = t8.id
    WHERE NOT (t8.is_deleted) AND t.id = t6.task_item_id), (
    SELECT count(*)::int
    FROM task_documents AS t9
    INNER JOIN (
        SELECT t10.id, t10.is_deleted
        FROM tasks AS t10
        WHERE NOT (t10.is_deleted)
    ) AS t11 ON t9.task_item_id = t11.id
    WHERE NOT (t11.is_deleted) AND t.id = t9.task_item_id), t.due_at_utc IS NOT NULL AND t.due_at_utc < @nowUtc AND t.status <> 'Completed' AND t.status <> 'Cancelled'
FROM tasks AS t
LEFT JOIN departments AS d ON t.department_id = d.id
WHERE NOT (t.is_deleted) AND EXISTS (
    SELECT 1
    FROM task_assignees AS t0
    INNER JOIN (
        SELECT t1.id, t1.is_deleted
        FROM tasks AS t1
        WHERE NOT (t1.is_deleted)
    ) AS t2 ON t0.task_item_id = t2.id
    WHERE NOT (t2.is_deleted) AND t.id = t0.task_item_id AND t0.member_id = @userId)
ORDER BY t.status, t.due_at_utc
2026-08-14 13:08:15.310 +03:00 [INF] Handled GetMyTasksQuery for user "e71006a3-891c-4459-aa20-bf6c6d8cab84" in 14 ms
2026-08-14 13:08:15.312 +03:00 [INF] HTTP GET /api/v1/tasks/mine responded 200 in 25.2761 ms
2026-08-14 13:09:16.805 +03:00 [INF] Executed DbCommand (1ms) [Parameters=[@normalizedEmail='?'], CommandType='"Text"', CommandTimeout='30']
SELECT a.id, a.access_failed_count, a.concurrency_stamp, a.department_id, a.email, a.email_confirmed, a.full_name, a.joined_on, a.lockout_enabled, a.lockout_end, a.must_change_password, a.normalized_email, a.normalized_user_name, a.password_hash, a.phone_number, a.phone_number_confirmed, a.photo_url, a.role, a.security_stamp, a.status, a.two_factor_enabled, a.user_name
FROM "AspNetUsers" AS a
WHERE a.normalized_email = @normalizedEmail
LIMIT 2
2026-08-14 13:09:16.845 +03:00 [INF] Executed DbCommand (1ms) [Parameters=[@p0='?' (DbType = Guid), @p1='?' (DbType = DateTime), @p2='?' (DbType = DateTime), @p3='?' (DbType = Guid), @p4='?', @p5='?' (DbType = DateTime), @p6='?'], CommandType='"Text"', CommandTimeout='30']
INSERT INTO refresh_tokens (id, created_at_utc, expires_at_utc, member_id, replaced_by_token_hash, revoked_at_utc, token_hash)
VALUES (@p0, @p1, @p2, @p3, @p4, @p5, @p6);
2026-08-14 13:09:16.845 +03:00 [INF] Handled LoginCommand for user null in 41 ms
2026-08-14 13:09:16.845 +03:00 [INF] HTTP POST /api/v1/auth/login responded 200 in 41.6827 ms
2026-08-14 13:09:16.860 +03:00 [INF] Executed DbCommand (1ms) [Parameters=[@p='?' (DbType = Guid)], CommandType='"Text"', CommandTimeout='30']
SELECT a.id, a.access_failed_count, a.concurrency_stamp, a.department_id, a.email, a.email_confirmed, a.full_name, a.joined_on, a.lockout_enabled, a.lockout_end, a.must_change_password, a.normalized_email, a.normalized_user_name, a.password_hash, a.phone_number, a.phone_number_confirmed, a.photo_url, a.role, a.security_stamp, a.status, a.two_factor_enabled, a.user_name
FROM "AspNetUsers" AS a
WHERE a.id = @p
LIMIT 1
2026-08-14 13:09:16.861 +03:00 [INF] Executed DbCommand (0ms) [Parameters=[@userId='?' (DbType = Guid)], CommandType='"Text"', CommandTimeout='30']
SELECT a.id AS "Id", a.full_name AS "FullName", a.email AS "Email", a.phone_number AS "PhoneNumber", a.photo_url AS "PhotoUrl", a.role AS "Role", a.department_id AS "DepartmentId", d.code AS "DepartmentCode", d.name AS "DepartmentName", a.joined_on AS "JoinedOn", a.status AS "Status"
FROM "AspNetUsers" AS a
LEFT JOIN departments AS d ON a.department_id = d.id
WHERE a.id = @userId
LIMIT 1
2026-08-14 13:09:16.861 +03:00 [INF] Handled GetMeQuery for user "e71006a3-891c-4459-aa20-bf6c6d8cab84" in 0 ms
2026-08-14 13:09:16.861 +03:00 [INF] HTTP GET /api/v1/auth/me responded 200 in 2.2233 ms
2026-08-14 13:09:16.892 +03:00 [INF] Executed DbCommand (1ms) [Parameters=[@p='?' (DbType = Guid)], CommandType='"Text"', CommandTimeout='30']
SELECT a.id, a.access_failed_count, a.concurrency_stamp, a.department_id, a.email, a.email_confirmed, a.full_name, a.joined_on, a.lockout_enabled, a.lockout_end, a.must_change_password, a.normalized_email, a.normalized_user_name, a.password_hash, a.phone_number, a.phone_number_confirmed, a.photo_url, a.role, a.security_stamp, a.status, a.two_factor_enabled, a.user_name
FROM "AspNetUsers" AS a
WHERE a.id = @p
LIMIT 1
2026-08-14 13:09:16.894 +03:00 [INF] Executed DbCommand (1ms) [Parameters=[@nowUtc='?' (DbType = DateTime), @userId='?' (DbType = Guid)], CommandType='"Text"', CommandTimeout='30']
SELECT t.id, t.title, t.priority, t.status, t.due_at_utc, t.scope, d.code, (
    SELECT count(*)::int
    FROM task_assignees AS t3
    INNER JOIN (
        SELECT t4.id, t4.is_deleted
        FROM tasks AS t4
        WHERE NOT (t4.is_deleted)
    ) AS t5 ON t3.task_item_id = t5.id
    WHERE NOT (t5.is_deleted) AND t.id = t3.task_item_id), (
    SELECT count(*)::int
    FROM task_comments AS t6
    INNER JOIN (
        SELECT t7.id, t7.is_deleted
        FROM tasks AS t7
        WHERE NOT (t7.is_deleted)
    ) AS t8 ON t6.task_item_id = t8.id
    WHERE NOT (t8.is_deleted) AND t.id = t6.task_item_id), (
    SELECT count(*)::int
    FROM task_documents AS t9
    INNER JOIN (
        SELECT t10.id, t10.is_deleted
        FROM tasks AS t10
        WHERE NOT (t10.is_deleted)
    ) AS t11 ON t9.task_item_id = t11.id
    WHERE NOT (t11.is_deleted) AND t.id = t9.task_item_id), t.due_at_utc IS NOT NULL AND t.due_at_utc < @nowUtc AND t.status <> 'Completed' AND t.status <> 'Cancelled'
FROM tasks AS t
LEFT JOIN departments AS d ON t.department_id = d.id
WHERE NOT (t.is_deleted) AND EXISTS (
    SELECT 1
    FROM task_assignees AS t0
    INNER JOIN (
        SELECT t1.id, t1.is_deleted
        FROM tasks AS t1
        WHERE NOT (t1.is_deleted)
    ) AS t2 ON t0.task_item_id = t2.id
    WHERE NOT (t2.is_deleted) AND t.id = t0.task_item_id AND t0.member_id = @userId)
ORDER BY t.status, t.due_at_utc
2026-08-14 13:09:16.894 +03:00 [INF] Handled GetMyTasksQuery for user "e71006a3-891c-4459-aa20-bf6c6d8cab84" in 1 ms
2026-08-14 13:09:16.894 +03:00 [INF] HTTP GET /api/v1/tasks/mine responded 200 in 3.8495 ms
2026-08-14 13:09:16.924 +03:00 [INF] Executed DbCommand (1ms) [Parameters=[@p='?' (DbType = Guid)], CommandType='"Text"', CommandTimeout='30']
SELECT a.id, a.access_failed_count, a.concurrency_stamp, a.department_id, a.email, a.email_confirmed, a.full_name, a.joined_on, a.lockout_enabled, a.lockout_end, a.must_change_password, a.normalized_email, a.normalized_user_name, a.password_hash, a.phone_number, a.phone_number_confirmed, a.photo_url, a.role, a.security_stamp, a.status, a.two_factor_enabled, a.user_name
FROM "AspNetUsers" AS a
WHERE a.id = @p
LIMIT 1
2026-08-14 13:09:16.927 +03:00 [INF] Executed DbCommand (1ms) [Parameters=[@nowUtc='?' (DbType = DateTime), @userId='?' (DbType = Guid)], CommandType='"Text"', CommandTimeout='30']
SELECT t.id, t.title, t.priority, t.status, t.due_at_utc, t.scope, d.code, (
    SELECT count(*)::int
    FROM task_assignees AS t3
    INNER JOIN (
        SELECT t4.id, t4.is_deleted
        FROM tasks AS t4
        WHERE NOT (t4.is_deleted)
    ) AS t5 ON t3.task_item_id = t5.id
    WHERE NOT (t5.is_deleted) AND t.id = t3.task_item_id), (
    SELECT count(*)::int
    FROM task_comments AS t6
    INNER JOIN (
        SELECT t7.id, t7.is_deleted
        FROM tasks AS t7
        WHERE NOT (t7.is_deleted)
    ) AS t8 ON t6.task_item_id = t8.id
    WHERE NOT (t8.is_deleted) AND t.id = t6.task_item_id), (
    SELECT count(*)::int
    FROM task_documents AS t9
    INNER JOIN (
        SELECT t10.id, t10.is_deleted
        FROM tasks AS t10
        WHERE NOT (t10.is_deleted)
    ) AS t11 ON t9.task_item_id = t11.id
    WHERE NOT (t11.is_deleted) AND t.id = t9.task_item_id), t.due_at_utc IS NOT NULL AND t.due_at_utc < @nowUtc AND t.status <> 'Completed' AND t.status <> 'Cancelled'
FROM tasks AS t
LEFT JOIN departments AS d ON t.department_id = d.id
WHERE NOT (t.is_deleted) AND EXISTS (
    SELECT 1
    FROM task_assignees AS t0
    INNER JOIN (
        SELECT t1.id, t1.is_deleted
        FROM tasks AS t1
        WHERE NOT (t1.is_deleted)
    ) AS t2 ON t0.task_item_id = t2.id
    WHERE NOT (t2.is_deleted) AND t.id = t0.task_item_id AND t0.member_id = @userId)
ORDER BY t.status, t.due_at_utc
2026-08-14 13:09:16.927 +03:00 [INF] Handled GetMyTasksQuery for user "e71006a3-891c-4459-aa20-bf6c6d8cab84" in 1 ms
2026-08-14 13:09:16.927 +03:00 [INF] HTTP GET /api/v1/tasks/mine responded 200 in 3.7760 ms
2026-08-14 13:09:16.972 +03:00 [INF] Executed DbCommand (2ms) [Parameters=[@p='?' (DbType = Guid)], CommandType='"Text"', CommandTimeout='30']
SELECT a.id, a.access_failed_count, a.concurrency_stamp, a.department_id, a.email, a.email_confirmed, a.full_name, a.joined_on, a.lockout_enabled, a.lockout_end, a.must_change_password, a.normalized_email, a.normalized_user_name, a.password_hash, a.phone_number, a.phone_number_confirmed, a.photo_url, a.role, a.security_stamp, a.status, a.two_factor_enabled, a.user_name
FROM "AspNetUsers" AS a
WHERE a.id = @p
LIMIT 1
2026-08-14 13:09:16.974 +03:00 [INF] Executed DbCommand (1ms) [Parameters=[], CommandType='"Text"', CommandTimeout='30']
SELECT count(*)::int
FROM tasks AS t
WHERE NOT (t.is_deleted)
2026-08-14 13:09:16.977 +03:00 [INF] Executed DbCommand (2ms) [Parameters=[@nowUtc='?' (DbType = DateTime), @p1='?' (DbType = Int32), @p='?' (DbType = Int32)], CommandType='"Text"', CommandTimeout='30']
SELECT t0.id, t0.title, t0.priority, t0.status, t0.due_at_utc, t0.scope, d.code, (
    SELECT count(*)::int
    FROM task_assignees AS t1
    INNER JOIN (
        SELECT t2.id, t2.is_deleted
        FROM tasks AS t2
        WHERE NOT (t2.is_deleted)
    ) AS t3 ON t1.task_item_id = t3.id
    WHERE NOT (t3.is_deleted) AND t0.id = t1.task_item_id), (
    SELECT count(*)::int
    FROM task_comments AS t4
    INNER JOIN (
        SELECT t5.id, t5.is_deleted
        FROM tasks AS t5
        WHERE NOT (t5.is_deleted)
    ) AS t6 ON t4.task_item_id = t6.id
    WHERE NOT (t6.is_deleted) AND t0.id = t4.task_item_id), (
    SELECT count(*)::int
    FROM task_documents AS t7
    INNER JOIN (
        SELECT t8.id, t8.is_deleted
        FROM tasks AS t8
        WHERE NOT (t8.is_deleted)
    ) AS t9 ON t7.task_item_id = t9.id
    WHERE NOT (t9.is_deleted) AND t0.id = t7.task_item_id), t0.due_at_utc IS NOT NULL AND t0.due_at_utc < @nowUtc AND t0.status <> 'Completed' AND t0.status <> 'Cancelled'
FROM (
    SELECT t.id, t.created_at_utc, t.department_id, t.due_at_utc, t.priority, t.scope, t.status, t.title
    FROM tasks AS t
    WHERE NOT (t.is_deleted)
    ORDER BY t.created_at_utc DESC
    LIMIT @p1 OFFSET @p
) AS t0
LEFT JOIN departments AS d ON t0.department_id = d.id
ORDER BY t0.created_at_utc DESC
2026-08-14 13:09:16.977 +03:00 [INF] Handled GetTasksQuery for user "e71006a3-891c-4459-aa20-bf6c6d8cab84" in 4 ms
2026-08-14 13:09:16.977 +03:00 [INF] HTTP GET /api/v1/tasks responded 200 in 8.1614 ms
2026-08-14 13:09:17.021 +03:00 [INF] Executed DbCommand (1ms) [Parameters=[@p='?' (DbType = Guid)], CommandType='"Text"', CommandTimeout='30']
SELECT a.id, a.access_failed_count, a.concurrency_stamp, a.department_id, a.email, a.email_confirmed, a.full_name, a.joined_on, a.lockout_enabled, a.lockout_end, a.must_change_password, a.normalized_email, a.normalized_user_name, a.password_hash, a.phone_number, a.phone_number_confirmed, a.photo_url, a.role, a.security_stamp, a.status, a.two_factor_enabled, a.user_name
FROM "AspNetUsers" AS a
WHERE a.id = @p
LIMIT 1
2026-08-14 13:09:17.030 +03:00 [WRN] Compiling a query which loads related collections for more than one collection navigation, either via 'Include' or through projection, but no 'QuerySplittingBehavior' has been configured. By default, Entity Framework will use 'QuerySplittingBehavior.SingleQuery', which can potentially result in slow query performance. See https://go.microsoft.com/fwlink/?linkid=2134277 for more information. To identify the query that's triggering this warning call 'ConfigureWarnings(w => w.Throw(RelationalEventId.MultipleCollectionIncludeWarning))'.
2026-08-14 13:09:17.048 +03:00 [INF] Executed DbCommand (3ms) [Parameters=[@request_Id='?' (DbType = Guid)], CommandType='"Text"', CommandTimeout='30']
SELECT s.id, s.created_at_utc, s.created_by_id, s.deleted_at_utc, s.department_id, s.description, s.due_at_utc, s.due_soon_notified_at_utc, s.is_deleted, s.overdue_notified_at_utc, s.priority, s.scope, s.status, s.title, s.updated_at_utc, s.updated_by_id, s.id0, s.code, s.created_at_utc0, s.created_by_id0, s.description0, s.name, s.updated_at_utc0, s.updated_by_id0, s0.task_item_id, s0.member_id, s0.id, s1.id, s1.author_id, s1.created_at_utc, s1.created_by_id, s1.task_item_id, s1.text, s1.updated_at_utc, s1.updated_by_id, s1.id0, s2.id, s2.content_type, s2.created_at_utc, s2.created_by_id, s2.original_file_name, s2.size_bytes, s2.storage_key, s2.task_item_id, s2.updated_at_utc, s2.updated_by_id, s2.uploaded_at_utc, s2.uploaded_by_id, s2.id0
FROM (
    SELECT t.id, t.created_at_utc, t.created_by_id, t.deleted_at_utc, t.department_id, t.description, t.due_at_utc, t.due_soon_notified_at_utc, t.is_deleted, t.overdue_notified_at_utc, t.priority, t.scope, t.status, t.title, t.updated_at_utc, t.updated_by_id, d.id AS id0, d.code, d.created_at_utc AS created_at_utc0, d.created_by_id AS created_by_id0, d.description AS description0, d.name, d.updated_at_utc AS updated_at_utc0, d.updated_by_id AS updated_by_id0
    FROM tasks AS t
    LEFT JOIN departments AS d ON t.department_id = d.id
    WHERE NOT (t.is_deleted) AND t.id = @request_Id
    LIMIT 1
) AS s
LEFT JOIN (
    SELECT t0.task_item_id, t0.member_id, t2.id
    FROM task_assignees AS t0
    INNER JOIN (
        SELECT t1.id, t1.is_deleted
        FROM tasks AS t1
        WHERE NOT (t1.is_deleted)
    ) AS t2 ON t0.task_item_id = t2.id
    WHERE NOT (t2.is_deleted)
) AS s0 ON s.id = s0.task_item_id
LEFT JOIN (
    SELECT t3.id, t3.author_id, t3.created_at_utc, t3.created_by_id, t3.task_item_id, t3.text, t3.updated_at_utc, t3.updated_by_id, t5.id AS id0
    FROM task_comments AS t3
    INNER JOIN (
        SELECT t4.id, t4.is_deleted
        FROM tasks AS t4
        WHERE NOT (t4.is_deleted)
    ) AS t5 ON t3.task_item_id = t5.id
    WHERE NOT (t5.is_deleted)
) AS s1 ON s.id = s1.task_item_id
LEFT JOIN (
    SELECT t6.id, t6.content_type, t6.created_at_utc, t6.created_by_id, t6.original_file_name, t6.size_bytes, t6.storage_key, t6.task_item_id, t6.updated_at_utc, t6.updated_by_id, t6.uploaded_at_utc, t6.uploaded_by_id, t8.id AS id0
    FROM task_documents AS t6
    INNER JOIN (
        SELECT t7.id, t7.is_deleted
        FROM tasks AS t7
        WHERE NOT (t7.is_deleted)
    ) AS t8 ON t6.task_item_id = t8.id
    WHERE NOT (t8.is_deleted)
) AS s2 ON s.id = s2.task_item_id
ORDER BY s.id, s.id0, s0.task_item_id, s0.member_id, s0.id, s1.id, s1.id0, s2.id
2026-08-14 13:09:17.067 +03:00 [INF] Executed DbCommand (16ms) [Parameters=[@distinct='?' (DbType = Object)], CommandType='"Text"', CommandTimeout='30']
SELECT a.id AS "Id", a.full_name AS "FullName", a.email AS "Email", a.phone_number AS "PhoneNumber", a.photo_url AS "PhotoUrl", a.role AS "Role", a.department_id AS "DepartmentId", d.code AS "DepartmentCode", d.name AS "DepartmentName", a.joined_on AS "JoinedOn", a.status AS "Status"
FROM "AspNetUsers" AS a
LEFT JOIN departments AS d ON a.department_id = d.id
WHERE a.id = ANY (@distinct)
2026-08-14 13:09:17.067 +03:00 [INF] Handled GetTaskQuery for user "e71006a3-891c-4459-aa20-bf6c6d8cab84" in 41 ms
2026-08-14 13:09:17.067 +03:00 [INF] HTTP GET /api/v1/tasks/0d336343-cbef-440d-9baf-6cd6b07e2272 responded 200 in 47.1200 ms
2026-08-14 13:09:29.902 +03:00 [INF] Executed DbCommand (1ms) [Parameters=[@normalizedEmail='?'], CommandType='"Text"', CommandTimeout='30']
SELECT a.id, a.access_failed_count, a.concurrency_stamp, a.department_id, a.email, a.email_confirmed, a.full_name, a.joined_on, a.lockout_enabled, a.lockout_end, a.must_change_password, a.normalized_email, a.normalized_user_name, a.password_hash, a.phone_number, a.phone_number_confirmed, a.photo_url, a.role, a.security_stamp, a.status, a.two_factor_enabled, a.user_name
FROM "AspNetUsers" AS a
WHERE a.normalized_email = @normalizedEmail
LIMIT 2
2026-08-14 13:09:29.944 +03:00 [INF] Executed DbCommand (1ms) [Parameters=[@p0='?' (DbType = Guid), @p1='?' (DbType = DateTime), @p2='?' (DbType = DateTime), @p3='?' (DbType = Guid), @p4='?', @p5='?' (DbType = DateTime), @p6='?'], CommandType='"Text"', CommandTimeout='30']
INSERT INTO refresh_tokens (id, created_at_utc, expires_at_utc, member_id, replaced_by_token_hash, revoked_at_utc, token_hash)
VALUES (@p0, @p1, @p2, @p3, @p4, @p5, @p6);
2026-08-14 13:09:29.944 +03:00 [INF] Handled LoginCommand for user null in 43 ms
2026-08-14 13:09:29.944 +03:00 [INF] HTTP POST /api/v1/auth/login responded 200 in 43.3931 ms
2026-08-14 13:09:29.959 +03:00 [INF] Executed DbCommand (1ms) [Parameters=[@p='?' (DbType = Guid)], CommandType='"Text"', CommandTimeout='30']
SELECT a.id, a.access_failed_count, a.concurrency_stamp, a.department_id, a.email, a.email_confirmed, a.full_name, a.joined_on, a.lockout_enabled, a.lockout_end, a.must_change_password, a.normalized_email, a.normalized_user_name, a.password_hash, a.phone_number, a.phone_number_confirmed, a.photo_url, a.role, a.security_stamp, a.status, a.two_factor_enabled, a.user_name
FROM "AspNetUsers" AS a
WHERE a.id = @p
LIMIT 1
2026-08-14 13:09:29.961 +03:00 [INF] Executed DbCommand (1ms) [Parameters=[@nowUtc='?' (DbType = DateTime), @userId='?' (DbType = Guid)], CommandType='"Text"', CommandTimeout='30']
SELECT t.id, t.title, t.priority, t.status, t.due_at_utc, t.scope, d.code, (
    SELECT count(*)::int
    FROM task_assignees AS t3
    INNER JOIN (
        SELECT t4.id, t4.is_deleted
        FROM tasks AS t4
        WHERE NOT (t4.is_deleted)
    ) AS t5 ON t3.task_item_id = t5.id
    WHERE NOT (t5.is_deleted) AND t.id = t3.task_item_id), (
    SELECT count(*)::int
    FROM task_comments AS t6
    INNER JOIN (
        SELECT t7.id, t7.is_deleted
        FROM tasks AS t7
        WHERE NOT (t7.is_deleted)
    ) AS t8 ON t6.task_item_id = t8.id
    WHERE NOT (t8.is_deleted) AND t.id = t6.task_item_id), (
    SELECT count(*)::int
    FROM task_documents AS t9
    INNER JOIN (
        SELECT t10.id, t10.is_deleted
        FROM tasks AS t10
        WHERE NOT (t10.is_deleted)
    ) AS t11 ON t9.task_item_id = t11.id
    WHERE NOT (t11.is_deleted) AND t.id = t9.task_item_id), t.due_at_utc IS NOT NULL AND t.due_at_utc < @nowUtc AND t.status <> 'Completed' AND t.status <> 'Cancelled'
FROM tasks AS t
LEFT JOIN departments AS d ON t.department_id = d.id
WHERE NOT (t.is_deleted) AND EXISTS (
    SELECT 1
    FROM task_assignees AS t0
    INNER JOIN (
        SELECT t1.id, t1.is_deleted
        FROM tasks AS t1
        WHERE NOT (t1.is_deleted)
    ) AS t2 ON t0.task_item_id = t2.id
    WHERE NOT (t2.is_deleted) AND t.id = t0.task_item_id AND t0.member_id = @userId)
ORDER BY t.status, t.due_at_utc
2026-08-14 13:09:29.961 +03:00 [INF] Handled GetMyTasksQuery for user "e71006a3-891c-4459-aa20-bf6c6d8cab84" in 1 ms
2026-08-14 13:09:29.961 +03:00 [INF] HTTP GET /api/v1/tasks/mine responded 200 in 3.0118 ms
2026-08-14 13:09:44.060 +03:00 [INF] Executed DbCommand (1ms) [Parameters=[@p='?' (DbType = Guid)], CommandType='"Text"', CommandTimeout='30']
SELECT a.id, a.access_failed_count, a.concurrency_stamp, a.department_id, a.email, a.email_confirmed, a.full_name, a.joined_on, a.lockout_enabled, a.lockout_end, a.must_change_password, a.normalized_email, a.normalized_user_name, a.password_hash, a.phone_number, a.phone_number_confirmed, a.photo_url, a.role, a.security_stamp, a.status, a.two_factor_enabled, a.user_name
FROM "AspNetUsers" AS a
WHERE a.id = @p
LIMIT 1
2026-08-14 13:09:44.062 +03:00 [INF] Executed DbCommand (1ms) [Parameters=[@nowUtc='?' (DbType = DateTime), @userId='?' (DbType = Guid)], CommandType='"Text"', CommandTimeout='30']
SELECT t.id, t.title, t.priority, t.status, t.due_at_utc, t.scope, d.code, (
    SELECT count(*)::int
    FROM task_assignees AS t3
    INNER JOIN (
        SELECT t4.id, t4.is_deleted
        FROM tasks AS t4
        WHERE NOT (t4.is_deleted)
    ) AS t5 ON t3.task_item_id = t5.id
    WHERE NOT (t5.is_deleted) AND t.id = t3.task_item_id), (
    SELECT count(*)::int
    FROM task_comments AS t6
    INNER JOIN (
        SELECT t7.id, t7.is_deleted
        FROM tasks AS t7
        WHERE NOT (t7.is_deleted)
    ) AS t8 ON t6.task_item_id = t8.id
    WHERE NOT (t8.is_deleted) AND t.id = t6.task_item_id), (
    SELECT count(*)::int
    FROM task_documents AS t9
    INNER JOIN (
        SELECT t10.id, t10.is_deleted
        FROM tasks AS t10
        WHERE NOT (t10.is_deleted)
    ) AS t11 ON t9.task_item_id = t11.id
    WHERE NOT (t11.is_deleted) AND t.id = t9.task_item_id), t.due_at_utc IS NOT NULL AND t.due_at_utc < @nowUtc AND t.status <> 'Completed' AND t.status <> 'Cancelled'
FROM tasks AS t
LEFT JOIN departments AS d ON t.department_id = d.id
WHERE NOT (t.is_deleted) AND EXISTS (
    SELECT 1
    FROM task_assignees AS t0
    INNER JOIN (
        SELECT t1.id, t1.is_deleted
        FROM tasks AS t1
        WHERE NOT (t1.is_deleted)
    ) AS t2 ON t0.task_item_id = t2.id
    WHERE NOT (t2.is_deleted) AND t.id = t0.task_item_id AND t0.member_id = @userId)
ORDER BY t.status, t.due_at_utc
2026-08-14 13:09:44.062 +03:00 [INF] Handled GetMyTasksQuery for user "e71006a3-891c-4459-aa20-bf6c6d8cab84" in 1 ms
2026-08-14 13:09:44.062 +03:00 [INF] HTTP GET /api/v1/tasks/mine responded 200 in 3.4870 ms
2026-08-14 13:09:48.814 +03:00 [INF] Executed DbCommand (1ms) [Parameters=[@p='?' (DbType = Guid)], CommandType='"Text"', CommandTimeout='30']
SELECT a.id, a.access_failed_count, a.concurrency_stamp, a.department_id, a.email, a.email_confirmed, a.full_name, a.joined_on, a.lockout_enabled, a.lockout_end, a.must_change_password, a.normalized_email, a.normalized_user_name, a.password_hash, a.phone_number, a.phone_number_confirmed, a.photo_url, a.role, a.security_stamp, a.status, a.two_factor_enabled, a.user_name
FROM "AspNetUsers" AS a
WHERE a.id = @p
LIMIT 1
2026-08-14 13:09:48.818 +03:00 [INF] Executed DbCommand (3ms) [Parameters=[@nowUtc='?' (DbType = DateTime), @userId='?' (DbType = Guid)], CommandType='"Text"', CommandTimeout='30']
SELECT t.id, t.title, t.priority, t.status, t.due_at_utc, t.scope, d.code, (
    SELECT count(*)::int
    FROM task_assignees AS t3
    INNER JOIN (
        SELECT t4.id, t4.is_deleted
        FROM tasks AS t4
        WHERE NOT (t4.is_deleted)
    ) AS t5 ON t3.task_item_id = t5.id
    WHERE NOT (t5.is_deleted) AND t.id = t3.task_item_id), (
    SELECT count(*)::int
    FROM task_comments AS t6
    INNER JOIN (
        SELECT t7.id, t7.is_deleted
        FROM tasks AS t7
        WHERE NOT (t7.is_deleted)
    ) AS t8 ON t6.task_item_id = t8.id
    WHERE NOT (t8.is_deleted) AND t.id = t6.task_item_id), (
    SELECT count(*)::int
    FROM task_documents AS t9
    INNER JOIN (
        SELECT t10.id, t10.is_deleted
        FROM tasks AS t10
        WHERE NOT (t10.is_deleted)
    ) AS t11 ON t9.task_item_id = t11.id
    WHERE NOT (t11.is_deleted) AND t.id = t9.task_item_id), t.due_at_utc IS NOT NULL AND t.due_at_utc < @nowUtc AND t.status <> 'Completed' AND t.status <> 'Cancelled'
FROM tasks AS t
LEFT JOIN departments AS d ON t.department_id = d.id
WHERE NOT (t.is_deleted) AND EXISTS (
    SELECT 1
    FROM task_assignees AS t0
    INNER JOIN (
        SELECT t1.id, t1.is_deleted
        FROM tasks AS t1
        WHERE NOT (t1.is_deleted)
    ) AS t2 ON t0.task_item_id = t2.id
    WHERE NOT (t2.is_deleted) AND t.id = t0.task_item_id AND t0.member_id = @userId)
ORDER BY t.status, t.due_at_utc
2026-08-14 13:09:48.818 +03:00 [INF] Handled GetMyTasksQuery for user "e71006a3-891c-4459-aa20-bf6c6d8cab84" in 3 ms
2026-08-14 13:09:48.818 +03:00 [INF] HTTP GET /api/v1/tasks/mine responded 200 in 5.3708 ms
2026-08-14 13:10:02.649 +03:00 [INF] Executed DbCommand (1ms) [Parameters=[@p='?' (DbType = Guid)], CommandType='"Text"', CommandTimeout='30']
SELECT a.id, a.access_failed_count, a.concurrency_stamp, a.department_id, a.email, a.email_confirmed, a.full_name, a.joined_on, a.lockout_enabled, a.lockout_end, a.must_change_password, a.normalized_email, a.normalized_user_name, a.password_hash, a.phone_number, a.phone_number_confirmed, a.photo_url, a.role, a.security_stamp, a.status, a.two_factor_enabled, a.user_name
FROM "AspNetUsers" AS a
WHERE a.id = @p
LIMIT 1
2026-08-14 13:10:02.650 +03:00 [INF] Executed DbCommand (1ms) [Parameters=[@userId='?' (DbType = Guid)], CommandType='"Text"', CommandTimeout='30']
SELECT a.id AS "Id", a.full_name AS "FullName", a.email AS "Email", a.phone_number AS "PhoneNumber", a.photo_url AS "PhotoUrl", a.role AS "Role", a.department_id AS "DepartmentId", d.code AS "DepartmentCode", d.name AS "DepartmentName", a.joined_on AS "JoinedOn", a.status AS "Status"
FROM "AspNetUsers" AS a
LEFT JOIN departments AS d ON a.department_id = d.id
WHERE a.id = @userId
LIMIT 1
2026-08-14 13:10:02.650 +03:00 [INF] Handled GetMeQuery for user "e71006a3-891c-4459-aa20-bf6c6d8cab84" in 0 ms
2026-08-14 13:10:02.650 +03:00 [INF] HTTP GET /api/v1/auth/me responded 200 in 2.6170 ms
2026-08-14 13:10:02.653 +03:00 [INF] Executed DbCommand (1ms) [Parameters=[@p='?' (DbType = Guid)], CommandType='"Text"', CommandTimeout='30']
SELECT a.id, a.access_failed_count, a.concurrency_stamp, a.department_id, a.email, a.email_confirmed, a.full_name, a.joined_on, a.lockout_enabled, a.lockout_end, a.must_change_password, a.normalized_email, a.normalized_user_name, a.password_hash, a.phone_number, a.phone_number_confirmed, a.photo_url, a.role, a.security_stamp, a.status, a.two_factor_enabled, a.user_name
FROM "AspNetUsers" AS a
WHERE a.id = @p
LIMIT 1
2026-08-14 13:10:02.654 +03:00 [INF] Executed DbCommand (1ms) [Parameters=[@userId='?' (DbType = Guid)], CommandType='"Text"', CommandTimeout='30']
SELECT a.id AS "Id", a.full_name AS "FullName", a.email AS "Email", a.phone_number AS "PhoneNumber", a.photo_url AS "PhotoUrl", a.role AS "Role", a.department_id AS "DepartmentId", d.code AS "DepartmentCode", d.name AS "DepartmentName", a.joined_on AS "JoinedOn", a.status AS "Status"
FROM "AspNetUsers" AS a
LEFT JOIN departments AS d ON a.department_id = d.id
WHERE a.id = @userId
LIMIT 1
2026-08-14 13:10:02.654 +03:00 [INF] Handled GetMeQuery for user "e71006a3-891c-4459-aa20-bf6c6d8cab84" in 1 ms
2026-08-14 13:10:02.654 +03:00 [INF] HTTP GET /api/v1/auth/me responded 200 in 2.7709 ms
2026-08-14 13:10:13.721 +03:00 [INF] Executed DbCommand (1ms) [Parameters=[@p='?' (DbType = Guid)], CommandType='"Text"', CommandTimeout='30']
SELECT a.id, a.access_failed_count, a.concurrency_stamp, a.department_id, a.email, a.email_confirmed, a.full_name, a.joined_on, a.lockout_enabled, a.lockout_end, a.must_change_password, a.normalized_email, a.normalized_user_name, a.password_hash, a.phone_number, a.phone_number_confirmed, a.photo_url, a.role, a.security_stamp, a.status, a.two_factor_enabled, a.user_name
FROM "AspNetUsers" AS a
WHERE a.id = @p
LIMIT 1
2026-08-14 13:10:13.722 +03:00 [INF] Executed DbCommand (0ms) [Parameters=[@userId='?' (DbType = Guid)], CommandType='"Text"', CommandTimeout='30']
SELECT a.id AS "Id", a.full_name AS "FullName", a.email AS "Email", a.phone_number AS "PhoneNumber", a.photo_url AS "PhotoUrl", a.role AS "Role", a.department_id AS "DepartmentId", d.code AS "DepartmentCode", d.name AS "DepartmentName", a.joined_on AS "JoinedOn", a.status AS "Status"
FROM "AspNetUsers" AS a
LEFT JOIN departments AS d ON a.department_id = d.id
WHERE a.id = @userId
LIMIT 1
2026-08-14 13:10:13.722 +03:00 [INF] Handled GetMeQuery for user "e71006a3-891c-4459-aa20-bf6c6d8cab84" in 0 ms
2026-08-14 13:10:13.722 +03:00 [INF] HTTP GET /api/v1/auth/me responded 200 in 2.2463 ms
2026-08-14 13:10:13.725 +03:00 [INF] Executed DbCommand (1ms) [Parameters=[@p='?' (DbType = Guid)], CommandType='"Text"', CommandTimeout='30']
SELECT a.id, a.access_failed_count, a.concurrency_stamp, a.department_id, a.email, a.email_confirmed, a.full_name, a.joined_on, a.lockout_enabled, a.lockout_end, a.must_change_password, a.normalized_email, a.normalized_user_name, a.password_hash, a.phone_number, a.phone_number_confirmed, a.photo_url, a.role, a.security_stamp, a.status, a.two_factor_enabled, a.user_name
FROM "AspNetUsers" AS a
WHERE a.id = @p
LIMIT 1
2026-08-14 13:10:13.726 +03:00 [INF] Executed DbCommand (1ms) [Parameters=[@userId='?' (DbType = Guid)], CommandType='"Text"', CommandTimeout='30']
SELECT a.id AS "Id", a.full_name AS "FullName", a.email AS "Email", a.phone_number AS "PhoneNumber", a.photo_url AS "PhotoUrl", a.role AS "Role", a.department_id AS "DepartmentId", d.code AS "DepartmentCode", d.name AS "DepartmentName", a.joined_on AS "JoinedOn", a.status AS "Status"
FROM "AspNetUsers" AS a
LEFT JOIN departments AS d ON a.department_id = d.id
WHERE a.id = @userId
LIMIT 1
2026-08-14 13:10:13.726 +03:00 [INF] Handled GetMeQuery for user "e71006a3-891c-4459-aa20-bf6c6d8cab84" in 0 ms
2026-08-14 13:10:13.727 +03:00 [INF] HTTP GET /api/v1/auth/me responded 200 in 2.6132 ms
2026-08-14 13:10:13.743 +03:00 [INF] Executed DbCommand (1ms) [Parameters=[@p='?' (DbType = Guid)], CommandType='"Text"', CommandTimeout='30']
SELECT a.id, a.access_failed_count, a.concurrency_stamp, a.department_id, a.email, a.email_confirmed, a.full_name, a.joined_on, a.lockout_enabled, a.lockout_end, a.must_change_password, a.normalized_email, a.normalized_user_name, a.password_hash, a.phone_number, a.phone_number_confirmed, a.photo_url, a.role, a.security_stamp, a.status, a.two_factor_enabled, a.user_name
FROM "AspNetUsers" AS a
WHERE a.id = @p
LIMIT 1
2026-08-14 13:10:13.744 +03:00 [INF] Executed DbCommand (1ms) [Parameters=[], CommandType='"Text"', CommandTimeout='30']
SELECT count(*)::int
FROM tasks AS t
WHERE NOT (t.is_deleted)
2026-08-14 13:10:13.746 +03:00 [INF] Executed DbCommand (2ms) [Parameters=[@nowUtc='?' (DbType = DateTime), @p1='?' (DbType = Int32), @p='?' (DbType = Int32)], CommandType='"Text"', CommandTimeout='30']
SELECT t0.id, t0.title, t0.priority, t0.status, t0.due_at_utc, t0.scope, d.code, (
    SELECT count(*)::int
    FROM task_assignees AS t1
    INNER JOIN (
        SELECT t2.id, t2.is_deleted
        FROM tasks AS t2
        WHERE NOT (t2.is_deleted)
    ) AS t3 ON t1.task_item_id = t3.id
    WHERE NOT (t3.is_deleted) AND t0.id = t1.task_item_id), (
    SELECT count(*)::int
    FROM task_comments AS t4
    INNER JOIN (
        SELECT t5.id, t5.is_deleted
        FROM tasks AS t5
        WHERE NOT (t5.is_deleted)
    ) AS t6 ON t4.task_item_id = t6.id
    WHERE NOT (t6.is_deleted) AND t0.id = t4.task_item_id), (
    SELECT count(*)::int
    FROM task_documents AS t7
    INNER JOIN (
        SELECT t8.id, t8.is_deleted
        FROM tasks AS t8
        WHERE NOT (t8.is_deleted)
    ) AS t9 ON t7.task_item_id = t9.id
    WHERE NOT (t9.is_deleted) AND t0.id = t7.task_item_id), t0.due_at_utc IS NOT NULL AND t0.due_at_utc < @nowUtc AND t0.status <> 'Completed' AND t0.status <> 'Cancelled'
FROM (
    SELECT t.id, t.department_id, t.due_at_utc, t.priority, t.scope, t.status, t.title
    FROM tasks AS t
    WHERE NOT (t.is_deleted)
    ORDER BY t.due_at_utc
    LIMIT @p1 OFFSET @p
) AS t0
LEFT JOIN departments AS d ON t0.department_id = d.id
ORDER BY t0.due_at_utc
2026-08-14 13:10:13.746 +03:00 [INF] Handled GetTasksQuery for user "e71006a3-891c-4459-aa20-bf6c6d8cab84" in 2 ms
2026-08-14 13:10:13.746 +03:00 [INF] HTTP GET /api/v1/tasks responded 200 in 5.1496 ms
2026-08-14 13:10:28.413 +03:00 [INF] Executed DbCommand (1ms) [Parameters=[@p='?' (DbType = Guid)], CommandType='"Text"', CommandTimeout='30']
SELECT a.id, a.access_failed_count, a.concurrency_stamp, a.department_id, a.email, a.email_confirmed, a.full_name, a.joined_on, a.lockout_enabled, a.lockout_end, a.must_change_password, a.normalized_email, a.normalized_user_name, a.password_hash, a.phone_number, a.phone_number_confirmed, a.photo_url, a.role, a.security_stamp, a.status, a.two_factor_enabled, a.user_name
FROM "AspNetUsers" AS a
WHERE a.id = @p
LIMIT 1
2026-08-14 13:10:28.415 +03:00 [INF] Executed DbCommand (1ms) [Parameters=[@nowUtc='?' (DbType = DateTime), @userId='?' (DbType = Guid)], CommandType='"Text"', CommandTimeout='30']
SELECT t.id, t.title, t.priority, t.status, t.due_at_utc, t.scope, d.code, (
    SELECT count(*)::int
    FROM task_assignees AS t3
    INNER JOIN (
        SELECT t4.id, t4.is_deleted
        FROM tasks AS t4
        WHERE NOT (t4.is_deleted)
    ) AS t5 ON t3.task_item_id = t5.id
    WHERE NOT (t5.is_deleted) AND t.id = t3.task_item_id), (
    SELECT count(*)::int
    FROM task_comments AS t6
    INNER JOIN (
        SELECT t7.id, t7.is_deleted
        FROM tasks AS t7
        WHERE NOT (t7.is_deleted)
    ) AS t8 ON t6.task_item_id = t8.id
    WHERE NOT (t8.is_deleted) AND t.id = t6.task_item_id), (
    SELECT count(*)::int
    FROM task_documents AS t9
    INNER JOIN (
        SELECT t10.id, t10.is_deleted
        FROM tasks AS t10
        WHERE NOT (t10.is_deleted)
    ) AS t11 ON t9.task_item_id = t11.id
    WHERE NOT (t11.is_deleted) AND t.id = t9.task_item_id), t.due_at_utc IS NOT NULL AND t.due_at_utc < @nowUtc AND t.status <> 'Completed' AND t.status <> 'Cancelled'
FROM tasks AS t
LEFT JOIN departments AS d ON t.department_id = d.id
WHERE NOT (t.is_deleted) AND EXISTS (
    SELECT 1
    FROM task_assignees AS t0
    INNER JOIN (
        SELECT t1.id, t1.is_deleted
        FROM tasks AS t1
        WHERE NOT (t1.is_deleted)
    ) AS t2 ON t0.task_item_id = t2.id
    WHERE NOT (t2.is_deleted) AND t.id = t0.task_item_id AND t0.member_id = @userId)
ORDER BY t.status, t.due_at_utc
2026-08-14 13:10:28.415 +03:00 [INF] Handled GetMyTasksQuery for user "e71006a3-891c-4459-aa20-bf6c6d8cab84" in 1 ms
2026-08-14 13:10:28.415 +03:00 [INF] HTTP GET /api/v1/tasks/mine responded 200 in 4.1923 ms
2026-08-14 13:10:37.660 +03:00 [INF] Executed DbCommand (1ms) [Parameters=[@p='?' (DbType = Guid)], CommandType='"Text"', CommandTimeout='30']
SELECT a.id, a.access_failed_count, a.concurrency_stamp, a.department_id, a.email, a.email_confirmed, a.full_name, a.joined_on, a.lockout_enabled, a.lockout_end, a.must_change_password, a.normalized_email, a.normalized_user_name, a.password_hash, a.phone_number, a.phone_number_confirmed, a.photo_url, a.role, a.security_stamp, a.status, a.two_factor_enabled, a.user_name
FROM "AspNetUsers" AS a
WHERE a.id = @p
LIMIT 1
2026-08-14 13:10:37.663 +03:00 [INF] Executed DbCommand (2ms) [Parameters=[@request_Id='?' (DbType = Guid)], CommandType='"Text"', CommandTimeout='30']
SELECT s.id, s.created_at_utc, s.created_by_id, s.deleted_at_utc, s.department_id, s.description, s.due_at_utc, s.due_soon_notified_at_utc, s.is_deleted, s.overdue_notified_at_utc, s.priority, s.scope, s.status, s.title, s.updated_at_utc, s.updated_by_id, s.id0, s.code, s.created_at_utc0, s.created_by_id0, s.description0, s.name, s.updated_at_utc0, s.updated_by_id0, s0.task_item_id, s0.member_id, s0.id, s1.id, s1.author_id, s1.created_at_utc, s1.created_by_id, s1.task_item_id, s1.text, s1.updated_at_utc, s1.updated_by_id, s1.id0, s2.id, s2.content_type, s2.created_at_utc, s2.created_by_id, s2.original_file_name, s2.size_bytes, s2.storage_key, s2.task_item_id, s2.updated_at_utc, s2.updated_by_id, s2.uploaded_at_utc, s2.uploaded_by_id, s2.id0
FROM (
    SELECT t.id, t.created_at_utc, t.created_by_id, t.deleted_at_utc, t.department_id, t.description, t.due_at_utc, t.due_soon_notified_at_utc, t.is_deleted, t.overdue_notified_at_utc, t.priority, t.scope, t.status, t.title, t.updated_at_utc, t.updated_by_id, d.id AS id0, d.code, d.created_at_utc AS created_at_utc0, d.created_by_id AS created_by_id0, d.description AS description0, d.name, d.updated_at_utc AS updated_at_utc0, d.updated_by_id AS updated_by_id0
    FROM tasks AS t
    LEFT JOIN departments AS d ON t.department_id = d.id
    WHERE NOT (t.is_deleted) AND t.id = @request_Id
    LIMIT 1
) AS s
LEFT JOIN (
    SELECT t0.task_item_id, t0.member_id, t2.id
    FROM task_assignees AS t0
    INNER JOIN (
        SELECT t1.id, t1.is_deleted
        FROM tasks AS t1
        WHERE NOT (t1.is_deleted)
    ) AS t2 ON t0.task_item_id = t2.id
    WHERE NOT (t2.is_deleted)
) AS s0 ON s.id = s0.task_item_id
LEFT JOIN (
    SELECT t3.id, t3.author_id, t3.created_at_utc, t3.created_by_id, t3.task_item_id, t3.text, t3.updated_at_utc, t3.updated_by_id, t5.id AS id0
    FROM task_comments AS t3
    INNER JOIN (
        SELECT t4.id, t4.is_deleted
        FROM tasks AS t4
        WHERE NOT (t4.is_deleted)
    ) AS t5 ON t3.task_item_id = t5.id
    WHERE NOT (t5.is_deleted)
) AS s1 ON s.id = s1.task_item_id
LEFT JOIN (
    SELECT t6.id, t6.content_type, t6.created_at_utc, t6.created_by_id, t6.original_file_name, t6.size_bytes, t6.storage_key, t6.task_item_id, t6.updated_at_utc, t6.updated_by_id, t6.uploaded_at_utc, t6.uploaded_by_id, t8.id AS id0
    FROM task_documents AS t6
    INNER JOIN (
        SELECT t7.id, t7.is_deleted
        FROM tasks AS t7
        WHERE NOT (t7.is_deleted)
    ) AS t8 ON t6.task_item_id = t8.id
    WHERE NOT (t8.is_deleted)
) AS s2 ON s.id = s2.task_item_id
ORDER BY s.id, s.id0, s0.task_item_id, s0.member_id, s0.id, s1.id, s1.id0, s2.id
2026-08-14 13:10:37.664 +03:00 [INF] Executed DbCommand (1ms) [Parameters=[@distinct='?' (DbType = Object)], CommandType='"Text"', CommandTimeout='30']
SELECT a.id AS "Id", a.full_name AS "FullName", a.email AS "Email", a.phone_number AS "PhoneNumber", a.photo_url AS "PhotoUrl", a.role AS "Role", a.department_id AS "DepartmentId", d.code AS "DepartmentCode", d.name AS "DepartmentName", a.joined_on AS "JoinedOn", a.status AS "Status"
FROM "AspNetUsers" AS a
LEFT JOIN departments AS d ON a.department_id = d.id
WHERE a.id = ANY (@distinct)
2026-08-14 13:10:37.664 +03:00 [INF] Handled GetTaskQuery for user "e71006a3-891c-4459-aa20-bf6c6d8cab84" in 3 ms
2026-08-14 13:10:37.664 +03:00 [INF] HTTP GET /api/v1/tasks/902918e1-f1ce-4fc4-9dff-f56dda8cd969 responded 200 in 5.6313 ms
2026-08-14 13:10:49.433 +03:00 [INF] Executed DbCommand (1ms) [Parameters=[@p='?' (DbType = Guid)], CommandType='"Text"', CommandTimeout='30']
SELECT a.id, a.access_failed_count, a.concurrency_stamp, a.department_id, a.email, a.email_confirmed, a.full_name, a.joined_on, a.lockout_enabled, a.lockout_end, a.must_change_password, a.normalized_email, a.normalized_user_name, a.password_hash, a.phone_number, a.phone_number_confirmed, a.photo_url, a.role, a.security_stamp, a.status, a.two_factor_enabled, a.user_name
FROM "AspNetUsers" AS a
WHERE a.id = @p
LIMIT 1
2026-08-14 13:10:49.435 +03:00 [INF] Executed DbCommand (1ms) [Parameters=[@request_Id='?' (DbType = Guid)], CommandType='"Text"', CommandTimeout='30']
SELECT s.id, s.created_at_utc, s.created_by_id, s.deleted_at_utc, s.department_id, s.description, s.due_at_utc, s.due_soon_notified_at_utc, s.is_deleted, s.overdue_notified_at_utc, s.priority, s.scope, s.status, s.title, s.updated_at_utc, s.updated_by_id, s.id0, s.code, s.created_at_utc0, s.created_by_id0, s.description0, s.name, s.updated_at_utc0, s.updated_by_id0, s0.task_item_id, s0.member_id, s0.id, s1.id, s1.author_id, s1.created_at_utc, s1.created_by_id, s1.task_item_id, s1.text, s1.updated_at_utc, s1.updated_by_id, s1.id0, s2.id, s2.content_type, s2.created_at_utc, s2.created_by_id, s2.original_file_name, s2.size_bytes, s2.storage_key, s2.task_item_id, s2.updated_at_utc, s2.updated_by_id, s2.uploaded_at_utc, s2.uploaded_by_id, s2.id0
FROM (
    SELECT t.id, t.created_at_utc, t.created_by_id, t.deleted_at_utc, t.department_id, t.description, t.due_at_utc, t.due_soon_notified_at_utc, t.is_deleted, t.overdue_notified_at_utc, t.priority, t.scope, t.status, t.title, t.updated_at_utc, t.updated_by_id, d.id AS id0, d.code, d.created_at_utc AS created_at_utc0, d.created_by_id AS created_by_id0, d.description AS description0, d.name, d.updated_at_utc AS updated_at_utc0, d.updated_by_id AS updated_by_id0
    FROM tasks AS t
    LEFT JOIN departments AS d ON t.department_id = d.id
    WHERE NOT (t.is_deleted) AND t.id = @request_Id
    LIMIT 1
) AS s
LEFT JOIN (
    SELECT t0.task_item_id, t0.member_id, t2.id
    FROM task_assignees AS t0
    INNER JOIN (
        SELECT t1.id, t1.is_deleted
        FROM tasks AS t1
        WHERE NOT (t1.is_deleted)
    ) AS t2 ON t0.task_item_id = t2.id
    WHERE NOT (t2.is_deleted)
) AS s0 ON s.id = s0.task_item_id
LEFT JOIN (
    SELECT t3.id, t3.author_id, t3.created_at_utc, t3.created_by_id, t3.task_item_id, t3.text, t3.updated_at_utc, t3.updated_by_id, t5.id AS id0
    FROM task_comments AS t3
    INNER JOIN (
        SELECT t4.id, t4.is_deleted
        FROM tasks AS t4
        WHERE NOT (t4.is_deleted)
    ) AS t5 ON t3.task_item_id = t5.id
    WHERE NOT (t5.is_deleted)
) AS s1 ON s.id = s1.task_item_id
LEFT JOIN (
    SELECT t6.id, t6.content_type, t6.created_at_utc, t6.created_by_id, t6.original_file_name, t6.size_bytes, t6.storage_key, t6.task_item_id, t6.updated_at_utc, t6.updated_by_id, t6.uploaded_at_utc, t6.uploaded_by_id, t8.id AS id0
    FROM task_documents AS t6
    INNER JOIN (
        SELECT t7.id, t7.is_deleted
        FROM tasks AS t7
        WHERE NOT (t7.is_deleted)
    ) AS t8 ON t6.task_item_id = t8.id
    WHERE NOT (t8.is_deleted)
) AS s2 ON s.id = s2.task_item_id
ORDER BY s.id, s.id0, s0.task_item_id, s0.member_id, s0.id, s1.id, s1.id0, s2.id
2026-08-14 13:10:49.436 +03:00 [INF] Handled GetTaskQuery for user "e71006a3-891c-4459-aa20-bf6c6d8cab84" in 2 ms
2026-08-14 13:10:49.439 +03:00 [WRN] Handled not_found (404): Task with key '00000000-0000-0000-0000-000000000001' was not found.
2026-08-14 13:10:49.440 +03:00 [INF] HTTP GET /api/v1/tasks/00000000-0000-0000-0000-000000000001 responded 404 in 8.2595 ms
2026-08-14 13:12:14.951 +03:00 [INF] Executed DbCommand (3ms) [Parameters=[@p='?' (DbType = Guid)], CommandType='"Text"', CommandTimeout='30']
SELECT a.id, a.access_failed_count, a.concurrency_stamp, a.department_id, a.email, a.email_confirmed, a.full_name, a.joined_on, a.lockout_enabled, a.lockout_end, a.must_change_password, a.normalized_email, a.normalized_user_name, a.password_hash, a.phone_number, a.phone_number_confirmed, a.photo_url, a.role, a.security_stamp, a.status, a.two_factor_enabled, a.user_name
FROM "AspNetUsers" AS a
WHERE a.id = @p
LIMIT 1
2026-08-14 13:12:14.958 +03:00 [INF] Executed DbCommand (5ms) [Parameters=[@request_Id='?' (DbType = Guid)], CommandType='"Text"', CommandTimeout='30']
SELECT s.id, s.created_at_utc, s.created_by_id, s.deleted_at_utc, s.department_id, s.description, s.due_at_utc, s.due_soon_notified_at_utc, s.is_deleted, s.overdue_notified_at_utc, s.priority, s.scope, s.status, s.title, s.updated_at_utc, s.updated_by_id, s.id0, s.code, s.created_at_utc0, s.created_by_id0, s.description0, s.name, s.updated_at_utc0, s.updated_by_id0, s0.task_item_id, s0.member_id, s0.id, s1.id, s1.author_id, s1.created_at_utc, s1.created_by_id, s1.task_item_id, s1.text, s1.updated_at_utc, s1.updated_by_id, s1.id0, s2.id, s2.content_type, s2.created_at_utc, s2.created_by_id, s2.original_file_name, s2.size_bytes, s2.storage_key, s2.task_item_id, s2.updated_at_utc, s2.updated_by_id, s2.uploaded_at_utc, s2.uploaded_by_id, s2.id0
FROM (
    SELECT t.id, t.created_at_utc, t.created_by_id, t.deleted_at_utc, t.department_id, t.description, t.due_at_utc, t.due_soon_notified_at_utc, t.is_deleted, t.overdue_notified_at_utc, t.priority, t.scope, t.status, t.title, t.updated_at_utc, t.updated_by_id, d.id AS id0, d.code, d.created_at_utc AS created_at_utc0, d.created_by_id AS created_by_id0, d.description AS description0, d.name, d.updated_at_utc AS updated_at_utc0, d.updated_by_id AS updated_by_id0
    FROM tasks AS t
    LEFT JOIN departments AS d ON t.department_id = d.id
    WHERE NOT (t.is_deleted) AND t.id = @request_Id
    LIMIT 1
) AS s
LEFT JOIN (
    SELECT t0.task_item_id, t0.member_id, t2.id
    FROM task_assignees AS t0
    INNER JOIN (
        SELECT t1.id, t1.is_deleted
        FROM tasks AS t1
        WHERE NOT (t1.is_deleted)
    ) AS t2 ON t0.task_item_id = t2.id
    WHERE NOT (t2.is_deleted)
) AS s0 ON s.id = s0.task_item_id
LEFT JOIN (
    SELECT t3.id, t3.author_id, t3.created_at_utc, t3.created_by_id, t3.task_item_id, t3.text, t3.updated_at_utc, t3.updated_by_id, t5.id AS id0
    FROM task_comments AS t3
    INNER JOIN (
        SELECT t4.id, t4.is_deleted
        FROM tasks AS t4
        WHERE NOT (t4.is_deleted)
    ) AS t5 ON t3.task_item_id = t5.id
    WHERE NOT (t5.is_deleted)
) AS s1 ON s.id = s1.task_item_id
LEFT JOIN (
    SELECT t6.id, t6.content_type, t6.created_at_utc, t6.created_by_id, t6.original_file_name, t6.size_bytes, t6.storage_key, t6.task_item_id, t6.updated_at_utc, t6.updated_by_id, t6.uploaded_at_utc, t6.uploaded_by_id, t8.id AS id0
    FROM task_documents AS t6
    INNER JOIN (
        SELECT t7.id, t7.is_deleted
        FROM tasks AS t7
        WHERE NOT (t7.is_deleted)
    ) AS t8 ON t6.task_item_id = t8.id
    WHERE NOT (t8.is_deleted)
) AS s2 ON s.id = s2.task_item_id
ORDER BY s.id, s.id0, s0.task_item_id, s0.member_id, s0.id, s1.id, s1.id0, s2.id
2026-08-14 13:12:14.959 +03:00 [INF] Handled GetTaskQuery for user "e71006a3-891c-4459-aa20-bf6c6d8cab84" in 6 ms
2026-08-14 13:12:14.959 +03:00 [WRN] Handled not_found (404): Task with key '00000000-0000-0000-0000-000000000001' was not found.
2026-08-14 13:12:14.960 +03:00 [INF] HTTP GET /api/v1/tasks/00000000-0000-0000-0000-000000000001 responded 404 in 86.3225 ms
2026-08-14 13:13:42.775 +03:00 [INF] Executed DbCommand (1ms) [Parameters=[@p='?' (DbType = Guid)], CommandType='"Text"', CommandTimeout='30']
SELECT a.id, a.access_failed_count, a.concurrency_stamp, a.department_id, a.email, a.email_confirmed, a.full_name, a.joined_on, a.lockout_enabled, a.lockout_end, a.must_change_password, a.normalized_email, a.normalized_user_name, a.password_hash, a.phone_number, a.phone_number_confirmed, a.photo_url, a.role, a.security_stamp, a.status, a.two_factor_enabled, a.user_name
FROM "AspNetUsers" AS a
WHERE a.id = @p
LIMIT 1
2026-08-14 13:13:42.779 +03:00 [INF] Executed DbCommand (2ms) [Parameters=[@request_Id='?' (DbType = Guid)], CommandType='"Text"', CommandTimeout='30']
SELECT s.id, s.created_at_utc, s.created_by_id, s.deleted_at_utc, s.department_id, s.description, s.due_at_utc, s.due_soon_notified_at_utc, s.is_deleted, s.overdue_notified_at_utc, s.priority, s.scope, s.status, s.title, s.updated_at_utc, s.updated_by_id, s.id0, s.code, s.created_at_utc0, s.created_by_id0, s.description0, s.name, s.updated_at_utc0, s.updated_by_id0, s0.task_item_id, s0.member_id, s0.id, s1.id, s1.author_id, s1.created_at_utc, s1.created_by_id, s1.task_item_id, s1.text, s1.updated_at_utc, s1.updated_by_id, s1.id0, s2.id, s2.content_type, s2.created_at_utc, s2.created_by_id, s2.original_file_name, s2.size_bytes, s2.storage_key, s2.task_item_id, s2.updated_at_utc, s2.updated_by_id, s2.uploaded_at_utc, s2.uploaded_by_id, s2.id0
FROM (
    SELECT t.id, t.created_at_utc, t.created_by_id, t.deleted_at_utc, t.department_id, t.description, t.due_at_utc, t.due_soon_notified_at_utc, t.is_deleted, t.overdue_notified_at_utc, t.priority, t.scope, t.status, t.title, t.updated_at_utc, t.updated_by_id, d.id AS id0, d.code, d.created_at_utc AS created_at_utc0, d.created_by_id AS created_by_id0, d.description AS description0, d.name, d.updated_at_utc AS updated_at_utc0, d.updated_by_id AS updated_by_id0
    FROM tasks AS t
    LEFT JOIN departments AS d ON t.department_id = d.id
    WHERE NOT (t.is_deleted) AND t.id = @request_Id
    LIMIT 1
) AS s
LEFT JOIN (
    SELECT t0.task_item_id, t0.member_id, t2.id
    FROM task_assignees AS t0
    INNER JOIN (
        SELECT t1.id, t1.is_deleted
        FROM tasks AS t1
        WHERE NOT (t1.is_deleted)
    ) AS t2 ON t0.task_item_id = t2.id
    WHERE NOT (t2.is_deleted)
) AS s0 ON s.id = s0.task_item_id
LEFT JOIN (
    SELECT t3.id, t3.author_id, t3.created_at_utc, t3.created_by_id, t3.task_item_id, t3.text, t3.updated_at_utc, t3.updated_by_id, t5.id AS id0
    FROM task_comments AS t3
    INNER JOIN (
        SELECT t4.id, t4.is_deleted
        FROM tasks AS t4
        WHERE NOT (t4.is_deleted)
    ) AS t5 ON t3.task_item_id = t5.id
    WHERE NOT (t5.is_deleted)
) AS s1 ON s.id = s1.task_item_id
LEFT JOIN (
    SELECT t6.id, t6.content_type, t6.created_at_utc, t6.created_by_id, t6.original_file_name, t6.size_bytes, t6.storage_key, t6.task_item_id, t6.updated_at_utc, t6.updated_by_id, t6.uploaded_at_utc, t6.uploaded_by_id, t8.id AS id0
    FROM task_documents AS t6
    INNER JOIN (
        SELECT t7.id, t7.is_deleted
        FROM tasks AS t7
        WHERE NOT (t7.is_deleted)
    ) AS t8 ON t6.task_item_id = t8.id
    WHERE NOT (t8.is_deleted)
) AS s2 ON s.id = s2.task_item_id
ORDER BY s.id, s.id0, s0.task_item_id, s0.member_id, s0.id, s1.id, s1.id0, s2.id
2026-08-14 13:13:42.780 +03:00 [INF] Handled GetTaskQuery for user "e71006a3-891c-4459-aa20-bf6c6d8cab84" in 2 ms
2026-08-14 13:13:42.780 +03:00 [WRN] Handled not_found (404): Task with key '00000000-0000-0000-0000-000000000001' was not found.
2026-08-14 13:13:42.780 +03:00 [INF] HTTP GET /api/v1/tasks/00000000-0000-0000-0000-000000000001 responded 404 in 6.5852 ms
2026-08-14 13:13:45.788 +03:00 [INF] Executed DbCommand (2ms) [Parameters=[@now='?' (DbType = DateTime), @horizon='?' (DbType = DateTime)], CommandType='"Text"', CommandTimeout='30']
SELECT t.id, t.created_at_utc, t.created_by_id, t.deleted_at_utc, t.department_id, t.description, t.due_at_utc, t.due_soon_notified_at_utc, t.is_deleted, t.overdue_notified_at_utc, t.priority, t.scope, t.status, t.title, t.updated_at_utc, t.updated_by_id, s.task_item_id, s.member_id, s.id
FROM tasks AS t
LEFT JOIN (
    SELECT t0.task_item_id, t0.member_id, t2.id
    FROM task_assignees AS t0
    INNER JOIN (
        SELECT t1.id, t1.is_deleted
        FROM tasks AS t1
        WHERE NOT (t1.is_deleted)
    ) AS t2 ON t0.task_item_id = t2.id
    WHERE NOT (t2.is_deleted)
) AS s ON t.id = s.task_item_id
WHERE NOT (t.is_deleted) AND t.due_at_utc IS NOT NULL AND t.due_at_utc > @now AND t.due_at_utc <= @horizon AND t.status <> 'Completed' AND t.status <> 'Cancelled' AND t.due_soon_notified_at_utc IS NULL
ORDER BY t.id, s.task_item_id, s.member_id
2026-08-14 13:13:45.794 +03:00 [INF] Executed DbCommand (3ms) [Parameters=[@now='?' (DbType = DateTime), @horizon24='?' (DbType = DateTime)], CommandType='"Text"', CommandTimeout='30']
SELECT c.id, c.created_at_utc, c.created_by_id, c.department_id, c.description, c.end_utc, c.location, c.organizer_id, c.recurrence, c.reminder1h_sent_at_utc, c.reminder24h_sent_at_utc, c.start_utc, c.title, c.type, c.updated_at_utc, c.updated_by_id, e.calendar_event_id, e.member_id
FROM calendar_events AS c
LEFT JOIN event_participants AS e ON c.id = e.calendar_event_id
WHERE c.recurrence = 'None' AND c.start_utc > @now AND c.start_utc <= @horizon24 AND (c.reminder24h_sent_at_utc IS NULL OR c.reminder1h_sent_at_utc IS NULL)
ORDER BY c.id, e.calendar_event_id
2026-08-14 13:13:45.798 +03:00 [INF] Executed DbCommand (2ms) [Parameters=[@p0='?' (DbType = Guid), @p1='?', @p2='?' (DbType = DateTime), @p3='?' (DbType = Guid), @p4='?' (DbType = Boolean), @p5='?' (DbType = Object), @p6='?' (DbType = Guid), @p7='?', @p8='?', @p9='?' (DbType = DateTime), @p10='?' (DbType = Guid), @p13='?' (DbType = Guid), @p11='?' (DbType = DateTime), @p12='?' (DbType = DateTime)], CommandType='"Text"', CommandTimeout='30']
INSERT INTO notifications (id, body, created_at_utc, created_by_id, is_read, payload, recipient_id, title, type, updated_at_utc, updated_by_id)
VALUES (@p0, @p1, @p2, @p3, @p4, @p5, @p6, @p7, @p8, @p9, @p10);
UPDATE tasks SET due_soon_notified_at_utc = @p11, updated_at_utc = @p12
WHERE id = @p13;
2026-08-14 13:13:45.800 +03:00 [INF] [DEV PUSH] "TaskDueSoon" -> 1 member(s) | Наближаващ срок | Срокът на задача „Публикации за месец март“ изтича до 24 часа.
2026-08-14 13:13:48.778 +03:00 [INF] Executed DbCommand (1ms) [Parameters=[@p='?' (DbType = Guid)], CommandType='"Text"', CommandTimeout='30']
SELECT a.id, a.access_failed_count, a.concurrency_stamp, a.department_id, a.email, a.email_confirmed, a.full_name, a.joined_on, a.lockout_enabled, a.lockout_end, a.must_change_password, a.normalized_email, a.normalized_user_name, a.password_hash, a.phone_number, a.phone_number_confirmed, a.photo_url, a.role, a.security_stamp, a.status, a.two_factor_enabled, a.user_name
FROM "AspNetUsers" AS a
WHERE a.id = @p
LIMIT 1
2026-08-14 13:13:48.784 +03:00 [INF] Executed DbCommand (5ms) [Parameters=[@request_Id='?' (DbType = Guid)], CommandType='"Text"', CommandTimeout='30']
SELECT s.id, s.created_at_utc, s.created_by_id, s.deleted_at_utc, s.department_id, s.description, s.due_at_utc, s.due_soon_notified_at_utc, s.is_deleted, s.overdue_notified_at_utc, s.priority, s.scope, s.status, s.title, s.updated_at_utc, s.updated_by_id, s.id0, s.code, s.created_at_utc0, s.created_by_id0, s.description0, s.name, s.updated_at_utc0, s.updated_by_id0, s0.task_item_id, s0.member_id, s0.id, s1.id, s1.author_id, s1.created_at_utc, s1.created_by_id, s1.task_item_id, s1.text, s1.updated_at_utc, s1.updated_by_id, s1.id0, s2.id, s2.content_type, s2.created_at_utc, s2.created_by_id, s2.original_file_name, s2.size_bytes, s2.storage_key, s2.task_item_id, s2.updated_at_utc, s2.updated_by_id, s2.uploaded_at_utc, s2.uploaded_by_id, s2.id0
FROM (
    SELECT t.id, t.created_at_utc, t.created_by_id, t.deleted_at_utc, t.department_id, t.description, t.due_at_utc, t.due_soon_notified_at_utc, t.is_deleted, t.overdue_notified_at_utc, t.priority, t.scope, t.status, t.title, t.updated_at_utc, t.updated_by_id, d.id AS id0, d.code, d.created_at_utc AS created_at_utc0, d.created_by_id AS created_by_id0, d.description AS description0, d.name, d.updated_at_utc AS updated_at_utc0, d.updated_by_id AS updated_by_id0
    FROM tasks AS t
    LEFT JOIN departments AS d ON t.department_id = d.id
    WHERE NOT (t.is_deleted) AND t.id = @request_Id
    LIMIT 1
) AS s
LEFT JOIN (
    SELECT t0.task_item_id, t0.member_id, t2.id
    FROM task_assignees AS t0
    INNER JOIN (
        SELECT t1.id, t1.is_deleted
        FROM tasks AS t1
        WHERE NOT (t1.is_deleted)
    ) AS t2 ON t0.task_item_id = t2.id
    WHERE NOT (t2.is_deleted)
) AS s0 ON s.id = s0.task_item_id
LEFT JOIN (
    SELECT t3.id, t3.author_id, t3.created_at_utc, t3.created_by_id, t3.task_item_id, t3.text, t3.updated_at_utc, t3.updated_by_id, t5.id AS id0
    FROM task_comments AS t3
    INNER JOIN (
        SELECT t4.id, t4.is_deleted
        FROM tasks AS t4
        WHERE NOT (t4.is_deleted)
    ) AS t5 ON t3.task_item_id = t5.id
    WHERE NOT (t5.is_deleted)
) AS s1 ON s.id = s1.task_item_id
LEFT JOIN (
    SELECT t6.id, t6.content_type, t6.created_at_utc, t6.created_by_id, t6.original_file_name, t6.size_bytes, t6.storage_key, t6.task_item_id, t6.updated_at_utc, t6.updated_by_id, t6.uploaded_at_utc, t6.uploaded_by_id, t8.id AS id0
    FROM task_documents AS t6
    INNER JOIN (
        SELECT t7.id, t7.is_deleted
        FROM tasks AS t7
        WHERE NOT (t7.is_deleted)
    ) AS t8 ON t6.task_item_id = t8.id
    WHERE NOT (t8.is_deleted)
) AS s2 ON s.id = s2.task_item_id
ORDER BY s.id, s.id0, s0.task_item_id, s0.member_id, s0.id, s1.id, s1.id0, s2.id
2026-08-14 13:13:48.784 +03:00 [INF] Handled GetTaskQuery for user "e71006a3-891c-4459-aa20-bf6c6d8cab84" in 5 ms
2026-08-14 13:13:48.785 +03:00 [WRN] Handled not_found (404): Task with key '00000000-0000-0000-0000-000000000001' was not found.
2026-08-14 13:13:48.785 +03:00 [INF] HTTP GET /api/v1/tasks/00000000-0000-0000-0000-000000000001 responded 404 in 8.3401 ms
2026-08-14 13:13:50.795 +03:00 [INF] Executed DbCommand (17ms) [Parameters=[@p='?' (DbType = Guid)], CommandType='"Text"', CommandTimeout='30']
SELECT a.id, a.access_failed_count, a.concurrency_stamp, a.department_id, a.email, a.email_confirmed, a.full_name, a.joined_on, a.lockout_enabled, a.lockout_end, a.must_change_password, a.normalized_email, a.normalized_user_name, a.password_hash, a.phone_number, a.phone_number_confirmed, a.photo_url, a.role, a.security_stamp, a.status, a.two_factor_enabled, a.user_name
FROM "AspNetUsers" AS a
WHERE a.id = @p
LIMIT 1
2026-08-14 13:13:50.800 +03:00 [INF] Executed DbCommand (4ms) [Parameters=[@request_Id='?' (DbType = Guid)], CommandType='"Text"', CommandTimeout='30']
SELECT s.id, s.created_at_utc, s.created_by_id, s.deleted_at_utc, s.department_id, s.description, s.due_at_utc, s.due_soon_notified_at_utc, s.is_deleted, s.overdue_notified_at_utc, s.priority, s.scope, s.status, s.title, s.updated_at_utc, s.updated_by_id, s.id0, s.code, s.created_at_utc0, s.created_by_id0, s.description0, s.name, s.updated_at_utc0, s.updated_by_id0, s0.task_item_id, s0.member_id, s0.id, s1.id, s1.author_id, s1.created_at_utc, s1.created_by_id, s1.task_item_id, s1.text, s1.updated_at_utc, s1.updated_by_id, s1.id0, s2.id, s2.content_type, s2.created_at_utc, s2.created_by_id, s2.original_file_name, s2.size_bytes, s2.storage_key, s2.task_item_id, s2.updated_at_utc, s2.updated_by_id, s2.uploaded_at_utc, s2.uploaded_by_id, s2.id0
FROM (
    SELECT t.id, t.created_at_utc, t.created_by_id, t.deleted_at_utc, t.department_id, t.description, t.due_at_utc, t.due_soon_notified_at_utc, t.is_deleted, t.overdue_notified_at_utc, t.priority, t.scope, t.status, t.title, t.updated_at_utc, t.updated_by_id, d.id AS id0, d.code, d.created_at_utc AS created_at_utc0, d.created_by_id AS created_by_id0, d.description AS description0, d.name, d.updated_at_utc AS updated_at_utc0, d.updated_by_id AS updated_by_id0
    FROM tasks AS t
    LEFT JOIN departments AS d ON t.department_id = d.id
    WHERE NOT (t.is_deleted) AND t.id = @request_Id
    LIMIT 1
) AS s
LEFT JOIN (
    SELECT t0.task_item_id, t0.member_id, t2.id
    FROM task_assignees AS t0
    INNER JOIN (
        SELECT t1.id, t1.is_deleted
        FROM tasks AS t1
        WHERE NOT (t1.is_deleted)
    ) AS t2 ON t0.task_item_id = t2.id
    WHERE NOT (t2.is_deleted)
) AS s0 ON s.id = s0.task_item_id
LEFT JOIN (
    SELECT t3.id, t3.author_id, t3.created_at_utc, t3.created_by_id, t3.task_item_id, t3.text, t3.updated_at_utc, t3.updated_by_id, t5.id AS id0
    FROM task_comments AS t3
    INNER JOIN (
        SELECT t4.id, t4.is_deleted
        FROM tasks AS t4
        WHERE NOT (t4.is_deleted)
    ) AS t5 ON t3.task_item_id = t5.id
    WHERE NOT (t5.is_deleted)
) AS s1 ON s.id = s1.task_item_id
LEFT JOIN (
    SELECT t6.id, t6.content_type, t6.created_at_utc, t6.created_by_id, t6.original_file_name, t6.size_bytes, t6.storage_key, t6.task_item_id, t6.updated_at_utc, t6.updated_by_id, t6.uploaded_at_utc, t6.uploaded_by_id, t8.id AS id0
    FROM task_documents AS t6
    INNER JOIN (
        SELECT t7.id, t7.is_deleted
        FROM tasks AS t7
        WHERE NOT (t7.is_deleted)
    ) AS t8 ON t6.task_item_id = t8.id
    WHERE NOT (t8.is_deleted)
) AS s2 ON s.id = s2.task_item_id
ORDER BY s.id, s.id0, s0.task_item_id, s0.member_id, s0.id, s1.id, s1.id0, s2.id
2026-08-14 13:13:50.801 +03:00 [INF] Handled GetTaskQuery for user "e71006a3-891c-4459-aa20-bf6c6d8cab84" in 4 ms
2026-08-14 13:13:50.801 +03:00 [WRN] Handled not_found (404): Task with key '00000000-0000-0000-0000-000000000001' was not found.
2026-08-14 13:13:50.801 +03:00 [INF] HTTP GET /api/v1/tasks/00000000-0000-0000-0000-000000000001 responded 404 in 22.8924 ms
2026-08-14 13:13:52.781 +03:00 [INF] Executed DbCommand (3ms) [Parameters=[@p='?' (DbType = Guid)], CommandType='"Text"', CommandTimeout='30']
SELECT a.id, a.access_failed_count, a.concurrency_stamp, a.department_id, a.email, a.email_confirmed, a.full_name, a.joined_on, a.lockout_enabled, a.lockout_end, a.must_change_password, a.normalized_email, a.normalized_user_name, a.password_hash, a.phone_number, a.phone_number_confirmed, a.photo_url, a.role, a.security_stamp, a.status, a.two_factor_enabled, a.user_name
FROM "AspNetUsers" AS a
WHERE a.id = @p
LIMIT 1
2026-08-14 13:13:52.783 +03:00 [INF] Executed DbCommand (2ms) [Parameters=[@request_Id='?' (DbType = Guid)], CommandType='"Text"', CommandTimeout='30']
SELECT s.id, s.created_at_utc, s.created_by_id, s.deleted_at_utc, s.department_id, s.description, s.due_at_utc, s.due_soon_notified_at_utc, s.is_deleted, s.overdue_notified_at_utc, s.priority, s.scope, s.status, s.title, s.updated_at_utc, s.updated_by_id, s.id0, s.code, s.created_at_utc0, s.created_by_id0, s.description0, s.name, s.updated_at_utc0, s.updated_by_id0, s0.task_item_id, s0.member_id, s0.id, s1.id, s1.author_id, s1.created_at_utc, s1.created_by_id, s1.task_item_id, s1.text, s1.updated_at_utc, s1.updated_by_id, s1.id0, s2.id, s2.content_type, s2.created_at_utc, s2.created_by_id, s2.original_file_name, s2.size_bytes, s2.storage_key, s2.task_item_id, s2.updated_at_utc, s2.updated_by_id, s2.uploaded_at_utc, s2.uploaded_by_id, s2.id0
FROM (
    SELECT t.id, t.created_at_utc, t.created_by_id, t.deleted_at_utc, t.department_id, t.description, t.due_at_utc, t.due_soon_notified_at_utc, t.is_deleted, t.overdue_notified_at_utc, t.priority, t.scope, t.status, t.title, t.updated_at_utc, t.updated_by_id, d.id AS id0, d.code, d.created_at_utc AS created_at_utc0, d.created_by_id AS created_by_id0, d.description AS description0, d.name, d.updated_at_utc AS updated_at_utc0, d.updated_by_id AS updated_by_id0
    FROM tasks AS t
    LEFT JOIN departments AS d ON t.department_id = d.id
    WHERE NOT (t.is_deleted) AND t.id = @request_Id
    LIMIT 1
) AS s
LEFT JOIN (
    SELECT t0.task_item_id, t0.member_id, t2.id
    FROM task_assignees AS t0
    INNER JOIN (
        SELECT t1.id, t1.is_deleted
        FROM tasks AS t1
        WHERE NOT (t1.is_deleted)
    ) AS t2 ON t0.task_item_id = t2.id
    WHERE NOT (t2.is_deleted)
) AS s0 ON s.id = s0.task_item_id
LEFT JOIN (
    SELECT t3.id, t3.author_id, t3.created_at_utc, t3.created_by_id, t3.task_item_id, t3.text, t3.updated_at_utc, t3.updated_by_id, t5.id AS id0
    FROM task_comments AS t3
    INNER JOIN (
        SELECT t4.id, t4.is_deleted
        FROM tasks AS t4
        WHERE NOT (t4.is_deleted)
    ) AS t5 ON t3.task_item_id = t5.id
    WHERE NOT (t5.is_deleted)
) AS s1 ON s.id = s1.task_item_id
LEFT JOIN (
    SELECT t6.id, t6.content_type, t6.created_at_utc, t6.created_by_id, t6.original_file_name, t6.size_bytes, t6.storage_key, t6.task_item_id, t6.updated_at_utc, t6.updated_by_id, t6.uploaded_at_utc, t6.uploaded_by_id, t8.id AS id0
    FROM task_documents AS t6
    INNER JOIN (
        SELECT t7.id, t7.is_deleted
        FROM tasks AS t7
        WHERE NOT (t7.is_deleted)
    ) AS t8 ON t6.task_item_id = t8.id
    WHERE NOT (t8.is_deleted)
) AS s2 ON s.id = s2.task_item_id
ORDER BY s.id, s.id0, s0.task_item_id, s0.member_id, s0.id, s1.id, s1.id0, s2.id
2026-08-14 13:13:52.783 +03:00 [INF] Handled GetTaskQuery for user "e71006a3-891c-4459-aa20-bf6c6d8cab84" in 2 ms
2026-08-14 13:13:52.783 +03:00 [WRN] Handled not_found (404): Task with key '00000000-0000-0000-0000-000000000001' was not found.
2026-08-14 13:13:52.784 +03:00 [INF] HTTP GET /api/v1/tasks/00000000-0000-0000-0000-000000000001 responded 404 in 9.5553 ms
2026-08-14 13:13:54.776 +03:00 [INF] Executed DbCommand (1ms) [Parameters=[@p='?' (DbType = Guid)], CommandType='"Text"', CommandTimeout='30']
SELECT a.id, a.access_failed_count, a.concurrency_stamp, a.department_id, a.email, a.email_confirmed, a.full_name, a.joined_on, a.lockout_enabled, a.lockout_end, a.must_change_password, a.normalized_email, a.normalized_user_name, a.password_hash, a.phone_number, a.phone_number_confirmed, a.photo_url, a.role, a.security_stamp, a.status, a.two_factor_enabled, a.user_name
FROM "AspNetUsers" AS a
WHERE a.id = @p
LIMIT 1
2026-08-14 13:13:54.779 +03:00 [INF] Executed DbCommand (2ms) [Parameters=[@request_Id='?' (DbType = Guid)], CommandType='"Text"', CommandTimeout='30']
SELECT s.id, s.created_at_utc, s.created_by_id, s.deleted_at_utc, s.department_id, s.description, s.due_at_utc, s.due_soon_notified_at_utc, s.is_deleted, s.overdue_notified_at_utc, s.priority, s.scope, s.status, s.title, s.updated_at_utc, s.updated_by_id, s.id0, s.code, s.created_at_utc0, s.created_by_id0, s.description0, s.name, s.updated_at_utc0, s.updated_by_id0, s0.task_item_id, s0.member_id, s0.id, s1.id, s1.author_id, s1.created_at_utc, s1.created_by_id, s1.task_item_id, s1.text, s1.updated_at_utc, s1.updated_by_id, s1.id0, s2.id, s2.content_type, s2.created_at_utc, s2.created_by_id, s2.original_file_name, s2.size_bytes, s2.storage_key, s2.task_item_id, s2.updated_at_utc, s2.updated_by_id, s2.uploaded_at_utc, s2.uploaded_by_id, s2.id0
FROM (
    SELECT t.id, t.created_at_utc, t.created_by_id, t.deleted_at_utc, t.department_id, t.description, t.due_at_utc, t.due_soon_notified_at_utc, t.is_deleted, t.overdue_notified_at_utc, t.priority, t.scope, t.status, t.title, t.updated_at_utc, t.updated_by_id, d.id AS id0, d.code, d.created_at_utc AS created_at_utc0, d.created_by_id AS created_by_id0, d.description AS description0, d.name, d.updated_at_utc AS updated_at_utc0, d.updated_by_id AS updated_by_id0
    FROM tasks AS t
    LEFT JOIN departments AS d ON t.department_id = d.id
    WHERE NOT (t.is_deleted) AND t.id = @request_Id
    LIMIT 1
) AS s
LEFT JOIN (
    SELECT t0.task_item_id, t0.member_id, t2.id
    FROM task_assignees AS t0
    INNER JOIN (
        SELECT t1.id, t1.is_deleted
        FROM tasks AS t1
        WHERE NOT (t1.is_deleted)
    ) AS t2 ON t0.task_item_id = t2.id
    WHERE NOT (t2.is_deleted)
) AS s0 ON s.id = s0.task_item_id
LEFT JOIN (
    SELECT t3.id, t3.author_id, t3.created_at_utc, t3.created_by_id, t3.task_item_id, t3.text, t3.updated_at_utc, t3.updated_by_id, t5.id AS id0
    FROM task_comments AS t3
    INNER JOIN (
        SELECT t4.id, t4.is_deleted
        FROM tasks AS t4
        WHERE NOT (t4.is_deleted)
    ) AS t5 ON t3.task_item_id = t5.id
    WHERE NOT (t5.is_deleted)
) AS s1 ON s.id = s1.task_item_id
LEFT JOIN (
    SELECT t6.id, t6.content_type, t6.created_at_utc, t6.created_by_id, t6.original_file_name, t6.size_bytes, t6.storage_key, t6.task_item_id, t6.updated_at_utc, t6.updated_by_id, t6.uploaded_at_utc, t6.uploaded_by_id, t8.id AS id0
    FROM task_documents AS t6
    INNER JOIN (
        SELECT t7.id, t7.is_deleted
        FROM tasks AS t7
        WHERE NOT (t7.is_deleted)
    ) AS t8 ON t6.task_item_id = t8.id
    WHERE NOT (t8.is_deleted)
) AS s2 ON s.id = s2.task_item_id
ORDER BY s.id, s.id0, s0.task_item_id, s0.member_id, s0.id, s1.id, s1.id0, s2.id
2026-08-14 13:13:54.779 +03:00 [INF] Handled GetTaskQuery for user "e71006a3-891c-4459-aa20-bf6c6d8cab84" in 2 ms
2026-08-14 13:13:54.780 +03:00 [WRN] Handled not_found (404): Task with key '00000000-0000-0000-0000-000000000001' was not found.
2026-08-14 13:13:54.781 +03:00 [INF] HTTP GET /api/v1/tasks/00000000-0000-0000-0000-000000000001 responded 404 in 5.9810 ms
2026-08-14 13:13:56.780 +03:00 [INF] Executed DbCommand (4ms) [Parameters=[@p='?' (DbType = Guid)], CommandType='"Text"', CommandTimeout='30']
SELECT a.id, a.access_failed_count, a.concurrency_stamp, a.department_id, a.email, a.email_confirmed, a.full_name, a.joined_on, a.lockout_enabled, a.lockout_end, a.must_change_password, a.normalized_email, a.normalized_user_name, a.password_hash, a.phone_number, a.phone_number_confirmed, a.photo_url, a.role, a.security_stamp, a.status, a.two_factor_enabled, a.user_name
FROM "AspNetUsers" AS a
WHERE a.id = @p
LIMIT 1
2026-08-14 13:13:56.783 +03:00 [INF] Executed DbCommand (2ms) [Parameters=[@request_Id='?' (DbType = Guid)], CommandType='"Text"', CommandTimeout='30']
SELECT s.id, s.created_at_utc, s.created_by_id, s.deleted_at_utc, s.department_id, s.description, s.due_at_utc, s.due_soon_notified_at_utc, s.is_deleted, s.overdue_notified_at_utc, s.priority, s.scope, s.status, s.title, s.updated_at_utc, s.updated_by_id, s.id0, s.code, s.created_at_utc0, s.created_by_id0, s.description0, s.name, s.updated_at_utc0, s.updated_by_id0, s0.task_item_id, s0.member_id, s0.id, s1.id, s1.author_id, s1.created_at_utc, s1.created_by_id, s1.task_item_id, s1.text, s1.updated_at_utc, s1.updated_by_id, s1.id0, s2.id, s2.content_type, s2.created_at_utc, s2.created_by_id, s2.original_file_name, s2.size_bytes, s2.storage_key, s2.task_item_id, s2.updated_at_utc, s2.updated_by_id, s2.uploaded_at_utc, s2.uploaded_by_id, s2.id0
FROM (
    SELECT t.id, t.created_at_utc, t.created_by_id, t.deleted_at_utc, t.department_id, t.description, t.due_at_utc, t.due_soon_notified_at_utc, t.is_deleted, t.overdue_notified_at_utc, t.priority, t.scope, t.status, t.title, t.updated_at_utc, t.updated_by_id, d.id AS id0, d.code, d.created_at_utc AS created_at_utc0, d.created_by_id AS created_by_id0, d.description AS description0, d.name, d.updated_at_utc AS updated_at_utc0, d.updated_by_id AS updated_by_id0
    FROM tasks AS t
    LEFT JOIN departments AS d ON t.department_id = d.id
    WHERE NOT (t.is_deleted) AND t.id = @request_Id
    LIMIT 1
) AS s
LEFT JOIN (
    SELECT t0.task_item_id, t0.member_id, t2.id
    FROM task_assignees AS t0
    INNER JOIN (
        SELECT t1.id, t1.is_deleted
        FROM tasks AS t1
        WHERE NOT (t1.is_deleted)
    ) AS t2 ON t0.task_item_id = t2.id
    WHERE NOT (t2.is_deleted)
) AS s0 ON s.id = s0.task_item_id
LEFT JOIN (
    SELECT t3.id, t3.author_id, t3.created_at_utc, t3.created_by_id, t3.task_item_id, t3.text, t3.updated_at_utc, t3.updated_by_id, t5.id AS id0
    FROM task_comments AS t3
    INNER JOIN (
        SELECT t4.id, t4.is_deleted
        FROM tasks AS t4
        WHERE NOT (t4.is_deleted)
    ) AS t5 ON t3.task_item_id = t5.id
    WHERE NOT (t5.is_deleted)
) AS s1 ON s.id = s1.task_item_id
LEFT JOIN (
    SELECT t6.id, t6.content_type, t6.created_at_utc, t6.created_by_id, t6.original_file_name, t6.size_bytes, t6.storage_key, t6.task_item_id, t6.updated_at_utc, t6.updated_by_id, t6.uploaded_at_utc, t6.uploaded_by_id, t8.id AS id0
    FROM task_documents AS t6
    INNER JOIN (
        SELECT t7.id, t7.is_deleted
        FROM tasks AS t7
        WHERE NOT (t7.is_deleted)
    ) AS t8 ON t6.task_item_id = t8.id
    WHERE NOT (t8.is_deleted)
) AS s2 ON s.id = s2.task_item_id
ORDER BY s.id, s.id0, s0.task_item_id, s0.member_id, s0.id, s1.id, s1.id0, s2.id
2026-08-14 13:13:56.783 +03:00 [INF] Handled GetTaskQuery for user "e71006a3-891c-4459-aa20-bf6c6d8cab84" in 2 ms
2026-08-14 13:13:56.783 +03:00 [WRN] Handled not_found (404): Task with key '00000000-0000-0000-0000-000000000001' was not found.
2026-08-14 13:13:56.783 +03:00 [INF] HTTP GET /api/v1/tasks/00000000-0000-0000-0000-000000000001 responded 404 in 7.2877 ms
2026-08-14 13:13:58.775 +03:00 [INF] Executed DbCommand (1ms) [Parameters=[@p='?' (DbType = Guid)], CommandType='"Text"', CommandTimeout='30']
SELECT a.id, a.access_failed_count, a.concurrency_stamp, a.department_id, a.email, a.email_confirmed, a.full_name, a.joined_on, a.lockout_enabled, a.lockout_end, a.must_change_password, a.normalized_email, a.normalized_user_name, a.password_hash, a.phone_number, a.phone_number_confirmed, a.photo_url, a.role, a.security_stamp, a.status, a.two_factor_enabled, a.user_name
FROM "AspNetUsers" AS a
WHERE a.id = @p
LIMIT 1
2026-08-14 13:13:58.777 +03:00 [INF] Executed DbCommand (1ms) [Parameters=[@request_Id='?' (DbType = Guid)], CommandType='"Text"', CommandTimeout='30']
SELECT s.id, s.created_at_utc, s.created_by_id, s.deleted_at_utc, s.department_id, s.description, s.due_at_utc, s.due_soon_notified_at_utc, s.is_deleted, s.overdue_notified_at_utc, s.priority, s.scope, s.status, s.title, s.updated_at_utc, s.updated_by_id, s.id0, s.code, s.created_at_utc0, s.created_by_id0, s.description0, s.name, s.updated_at_utc0, s.updated_by_id0, s0.task_item_id, s0.member_id, s0.id, s1.id, s1.author_id, s1.created_at_utc, s1.created_by_id, s1.task_item_id, s1.text, s1.updated_at_utc, s1.updated_by_id, s1.id0, s2.id, s2.content_type, s2.created_at_utc, s2.created_by_id, s2.original_file_name, s2.size_bytes, s2.storage_key, s2.task_item_id, s2.updated_at_utc, s2.updated_by_id, s2.uploaded_at_utc, s2.uploaded_by_id, s2.id0
FROM (
    SELECT t.id, t.created_at_utc, t.created_by_id, t.deleted_at_utc, t.department_id, t.description, t.due_at_utc, t.due_soon_notified_at_utc, t.is_deleted, t.overdue_notified_at_utc, t.priority, t.scope, t.status, t.title, t.updated_at_utc, t.updated_by_id, d.id AS id0, d.code, d.created_at_utc AS created_at_utc0, d.created_by_id AS created_by_id0, d.description AS description0, d.name, d.updated_at_utc AS updated_at_utc0, d.updated_by_id AS updated_by_id0
    FROM tasks AS t
    LEFT JOIN departments AS d ON t.department_id = d.id
    WHERE NOT (t.is_deleted) AND t.id = @request_Id
    LIMIT 1
) AS s
LEFT JOIN (
    SELECT t0.task_item_id, t0.member_id, t2.id
    FROM task_assignees AS t0
    INNER JOIN (
        SELECT t1.id, t1.is_deleted
        FROM tasks AS t1
        WHERE NOT (t1.is_deleted)
    ) AS t2 ON t0.task_item_id = t2.id
    WHERE NOT (t2.is_deleted)
) AS s0 ON s.id = s0.task_item_id
LEFT JOIN (
    SELECT t3.id, t3.author_id, t3.created_at_utc, t3.created_by_id, t3.task_item_id, t3.text, t3.updated_at_utc, t3.updated_by_id, t5.id AS id0
    FROM task_comments AS t3
    INNER JOIN (
        SELECT t4.id, t4.is_deleted
        FROM tasks AS t4
        WHERE NOT (t4.is_deleted)
    ) AS t5 ON t3.task_item_id = t5.id
    WHERE NOT (t5.is_deleted)
) AS s1 ON s.id = s1.task_item_id
LEFT JOIN (
    SELECT t6.id, t6.content_type, t6.created_at_utc, t6.created_by_id, t6.original_file_name, t6.size_bytes, t6.storage_key, t6.task_item_id, t6.updated_at_utc, t6.updated_by_id, t6.uploaded_at_utc, t6.uploaded_by_id, t8.id AS id0
    FROM task_documents AS t6
    INNER JOIN (
        SELECT t7.id, t7.is_deleted
        FROM tasks AS t7
        WHERE NOT (t7.is_deleted)
    ) AS t8 ON t6.task_item_id = t8.id
    WHERE NOT (t8.is_deleted)
) AS s2 ON s.id = s2.task_item_id
ORDER BY s.id, s.id0, s0.task_item_id, s0.member_id, s0.id, s1.id, s1.id0, s2.id
2026-08-14 13:13:58.777 +03:00 [INF] Handled GetTaskQuery for user "e71006a3-891c-4459-aa20-bf6c6d8cab84" in 1 ms
2026-08-14 13:13:58.777 +03:00 [WRN] Handled not_found (404): Task with key '00000000-0000-0000-0000-000000000001' was not found.
2026-08-14 13:13:58.777 +03:00 [INF] HTTP GET /api/v1/tasks/00000000-0000-0000-0000-000000000001 responded 404 in 4.1273 ms
2026-08-14 13:14:04.780 +03:00 [INF] Executed DbCommand (1ms) [Parameters=[@p='?' (DbType = Guid)], CommandType='"Text"', CommandTimeout='30']
SELECT a.id, a.access_failed_count, a.concurrency_stamp, a.department_id, a.email, a.email_confirmed, a.full_name, a.joined_on, a.lockout_enabled, a.lockout_end, a.must_change_password, a.normalized_email, a.normalized_user_name, a.password_hash, a.phone_number, a.phone_number_confirmed, a.photo_url, a.role, a.security_stamp, a.status, a.two_factor_enabled, a.user_name
FROM "AspNetUsers" AS a
WHERE a.id = @p
LIMIT 1
2026-08-14 13:14:04.787 +03:00 [INF] Executed DbCommand (3ms) [Parameters=[@request_Id='?' (DbType = Guid)], CommandType='"Text"', CommandTimeout='30']
SELECT s.id, s.created_at_utc, s.created_by_id, s.deleted_at_utc, s.department_id, s.description, s.due_at_utc, s.due_soon_notified_at_utc, s.is_deleted, s.overdue_notified_at_utc, s.priority, s.scope, s.status, s.title, s.updated_at_utc, s.updated_by_id, s.id0, s.code, s.created_at_utc0, s.created_by_id0, s.description0, s.name, s.updated_at_utc0, s.updated_by_id0, s0.task_item_id, s0.member_id, s0.id, s1.id, s1.author_id, s1.created_at_utc, s1.created_by_id, s1.task_item_id, s1.text, s1.updated_at_utc, s1.updated_by_id, s1.id0, s2.id, s2.content_type, s2.created_at_utc, s2.created_by_id, s2.original_file_name, s2.size_bytes, s2.storage_key, s2.task_item_id, s2.updated_at_utc, s2.updated_by_id, s2.uploaded_at_utc, s2.uploaded_by_id, s2.id0
FROM (
    SELECT t.id, t.created_at_utc, t.created_by_id, t.deleted_at_utc, t.department_id, t.description, t.due_at_utc, t.due_soon_notified_at_utc, t.is_deleted, t.overdue_notified_at_utc, t.priority, t.scope, t.status, t.title, t.updated_at_utc, t.updated_by_id, d.id AS id0, d.code, d.created_at_utc AS created_at_utc0, d.created_by_id AS created_by_id0, d.description AS description0, d.name, d.updated_at_utc AS updated_at_utc0, d.updated_by_id AS updated_by_id0
    FROM tasks AS t
    LEFT JOIN departments AS d ON t.department_id = d.id
    WHERE NOT (t.is_deleted) AND t.id = @request_Id
    LIMIT 1
) AS s
LEFT JOIN (
    SELECT t0.task_item_id, t0.member_id, t2.id
    FROM task_assignees AS t0
    INNER JOIN (
        SELECT t1.id, t1.is_deleted
        FROM tasks AS t1
        WHERE NOT (t1.is_deleted)
    ) AS t2 ON t0.task_item_id = t2.id
    WHERE NOT (t2.is_deleted)
) AS s0 ON s.id = s0.task_item_id
LEFT JOIN (
    SELECT t3.id, t3.author_id, t3.created_at_utc, t3.created_by_id, t3.task_item_id, t3.text, t3.updated_at_utc, t3.updated_by_id, t5.id AS id0
    FROM task_comments AS t3
    INNER JOIN (
        SELECT t4.id, t4.is_deleted
        FROM tasks AS t4
        WHERE NOT (t4.is_deleted)
    ) AS t5 ON t3.task_item_id = t5.id
    WHERE NOT (t5.is_deleted)
) AS s1 ON s.id = s1.task_item_id
LEFT JOIN (
    SELECT t6.id, t6.content_type, t6.created_at_utc, t6.created_by_id, t6.original_file_name, t6.size_bytes, t6.storage_key, t6.task_item_id, t6.updated_at_utc, t6.updated_by_id, t6.uploaded_at_utc, t6.uploaded_by_id, t8.id AS id0
    FROM task_documents AS t6
    INNER JOIN (
        SELECT t7.id, t7.is_deleted
        FROM tasks AS t7
        WHERE NOT (t7.is_deleted)
    ) AS t8 ON t6.task_item_id = t8.id
    WHERE NOT (t8.is_deleted)
) AS s2 ON s.id = s2.task_item_id
ORDER BY s.id, s.id0, s0.task_item_id, s0.member_id, s0.id, s1.id, s1.id0, s2.id
2026-08-14 13:14:04.787 +03:00 [INF] Handled GetTaskQuery for user "e71006a3-891c-4459-aa20-bf6c6d8cab84" in 2 ms
2026-08-14 13:14:04.787 +03:00 [WRN] Handled not_found (404): Task with key '00000000-0000-0000-0000-000000000001' was not found.
2026-08-14 13:14:04.787 +03:00 [INF] HTTP GET /api/v1/tasks/00000000-0000-0000-0000-000000000001 responded 404 in 9.0868 ms
2026-08-14 13:14:10.784 +03:00 [INF] Executed DbCommand (1ms) [Parameters=[@p='?' (DbType = Guid)], CommandType='"Text"', CommandTimeout='30']
SELECT a.id, a.access_failed_count, a.concurrency_stamp, a.department_id, a.email, a.email_confirmed, a.full_name, a.joined_on, a.lockout_enabled, a.lockout_end, a.must_change_password, a.normalized_email, a.normalized_user_name, a.password_hash, a.phone_number, a.phone_number_confirmed, a.photo_url, a.role, a.security_stamp, a.status, a.two_factor_enabled, a.user_name
FROM "AspNetUsers" AS a
WHERE a.id = @p
LIMIT 1
2026-08-14 13:14:10.786 +03:00 [INF] Executed DbCommand (2ms) [Parameters=[@request_Id='?' (DbType = Guid)], CommandType='"Text"', CommandTimeout='30']
SELECT s.id, s.created_at_utc, s.created_by_id, s.deleted_at_utc, s.department_id, s.description, s.due_at_utc, s.due_soon_notified_at_utc, s.is_deleted, s.overdue_notified_at_utc, s.priority, s.scope, s.status, s.title, s.updated_at_utc, s.updated_by_id, s.id0, s.code, s.created_at_utc0, s.created_by_id0, s.description0, s.name, s.updated_at_utc0, s.updated_by_id0, s0.task_item_id, s0.member_id, s0.id, s1.id, s1.author_id, s1.created_at_utc, s1.created_by_id, s1.task_item_id, s1.text, s1.updated_at_utc, s1.updated_by_id, s1.id0, s2.id, s2.content_type, s2.created_at_utc, s2.created_by_id, s2.original_file_name, s2.size_bytes, s2.storage_key, s2.task_item_id, s2.updated_at_utc, s2.updated_by_id, s2.uploaded_at_utc, s2.uploaded_by_id, s2.id0
FROM (
    SELECT t.id, t.created_at_utc, t.created_by_id, t.deleted_at_utc, t.department_id, t.description, t.due_at_utc, t.due_soon_notified_at_utc, t.is_deleted, t.overdue_notified_at_utc, t.priority, t.scope, t.status, t.title, t.updated_at_utc, t.updated_by_id, d.id AS id0, d.code, d.created_at_utc AS created_at_utc0, d.created_by_id AS created_by_id0, d.description AS description0, d.name, d.updated_at_utc AS updated_at_utc0, d.updated_by_id AS updated_by_id0
    FROM tasks AS t
    LEFT JOIN departments AS d ON t.department_id = d.id
    WHERE NOT (t.is_deleted) AND t.id = @request_Id
    LIMIT 1
) AS s
LEFT JOIN (
    SELECT t0.task_item_id, t0.member_id, t2.id
    FROM task_assignees AS t0
    INNER JOIN (
        SELECT t1.id, t1.is_deleted
        FROM tasks AS t1
        WHERE NOT (t1.is_deleted)
    ) AS t2 ON t0.task_item_id = t2.id
    WHERE NOT (t2.is_deleted)
) AS s0 ON s.id = s0.task_item_id
LEFT JOIN (
    SELECT t3.id, t3.author_id, t3.created_at_utc, t3.created_by_id, t3.task_item_id, t3.text, t3.updated_at_utc, t3.updated_by_id, t5.id AS id0
    FROM task_comments AS t3
    INNER JOIN (
        SELECT t4.id, t4.is_deleted
        FROM tasks AS t4
        WHERE NOT (t4.is_deleted)
    ) AS t5 ON t3.task_item_id = t5.id
    WHERE NOT (t5.is_deleted)
) AS s1 ON s.id = s1.task_item_id
LEFT JOIN (
    SELECT t6.id, t6.content_type, t6.created_at_utc, t6.created_by_id, t6.original_file_name, t6.size_bytes, t6.storage_key, t6.task_item_id, t6.updated_at_utc, t6.updated_by_id, t6.uploaded_at_utc, t6.uploaded_by_id, t8.id AS id0
    FROM task_documents AS t6
    INNER JOIN (
        SELECT t7.id, t7.is_deleted
        FROM tasks AS t7
        WHERE NOT (t7.is_deleted)
    ) AS t8 ON t6.task_item_id = t8.id
    WHERE NOT (t8.is_deleted)
) AS s2 ON s.id = s2.task_item_id
ORDER BY s.id, s.id0, s0.task_item_id, s0.member_id, s0.id, s1.id, s1.id0, s2.id
2026-08-14 13:14:10.786 +03:00 [INF] Handled GetTaskQuery for user "e71006a3-891c-4459-aa20-bf6c6d8cab84" in 1 ms
2026-08-14 13:14:10.787 +03:00 [WRN] Handled not_found (404): Task with key '00000000-0000-0000-0000-000000000001' was not found.
2026-08-14 13:14:10.787 +03:00 [INF] HTTP GET /api/v1/tasks/00000000-0000-0000-0000-000000000001 responded 404 in 4.4621 ms
2026-08-14 13:14:16.779 +03:00 [INF] Executed DbCommand (1ms) [Parameters=[@p='?' (DbType = Guid)], CommandType='"Text"', CommandTimeout='30']
SELECT a.id, a.access_failed_count, a.concurrency_stamp, a.department_id, a.email, a.email_confirmed, a.full_name, a.joined_on, a.lockout_enabled, a.lockout_end, a.must_change_password, a.normalized_email, a.normalized_user_name, a.password_hash, a.phone_number, a.phone_number_confirmed, a.photo_url, a.role, a.security_stamp, a.status, a.two_factor_enabled, a.user_name
FROM "AspNetUsers" AS a
WHERE a.id = @p
LIMIT 1
2026-08-14 13:14:16.781 +03:00 [INF] Executed DbCommand (2ms) [Parameters=[@request_Id='?' (DbType = Guid)], CommandType='"Text"', CommandTimeout='30']
SELECT s.id, s.created_at_utc, s.created_by_id, s.deleted_at_utc, s.department_id, s.description, s.due_at_utc, s.due_soon_notified_at_utc, s.is_deleted, s.overdue_notified_at_utc, s.priority, s.scope, s.status, s.title, s.updated_at_utc, s.updated_by_id, s.id0, s.code, s.created_at_utc0, s.created_by_id0, s.description0, s.name, s.updated_at_utc0, s.updated_by_id0, s0.task_item_id, s0.member_id, s0.id, s1.id, s1.author_id, s1.created_at_utc, s1.created_by_id, s1.task_item_id, s1.text, s1.updated_at_utc, s1.updated_by_id, s1.id0, s2.id, s2.content_type, s2.created_at_utc, s2.created_by_id, s2.original_file_name, s2.size_bytes, s2.storage_key, s2.task_item_id, s2.updated_at_utc, s2.updated_by_id, s2.uploaded_at_utc, s2.uploaded_by_id, s2.id0
FROM (
    SELECT t.id, t.created_at_utc, t.created_by_id, t.deleted_at_utc, t.department_id, t.description, t.due_at_utc, t.due_soon_notified_at_utc, t.is_deleted, t.overdue_notified_at_utc, t.priority, t.scope, t.status, t.title, t.updated_at_utc, t.updated_by_id, d.id AS id0, d.code, d.created_at_utc AS created_at_utc0, d.created_by_id AS created_by_id0, d.description AS description0, d.name, d.updated_at_utc AS updated_at_utc0, d.updated_by_id AS updated_by_id0
    FROM tasks AS t
    LEFT JOIN departments AS d ON t.department_id = d.id
    WHERE NOT (t.is_deleted) AND t.id = @request_Id
    LIMIT 1
) AS s
LEFT JOIN (
    SELECT t0.task_item_id, t0.member_id, t2.id
    FROM task_assignees AS t0
    INNER JOIN (
        SELECT t1.id, t1.is_deleted
        FROM tasks AS t1
        WHERE NOT (t1.is_deleted)
    ) AS t2 ON t0.task_item_id = t2.id
    WHERE NOT (t2.is_deleted)
) AS s0 ON s.id = s0.task_item_id
LEFT JOIN (
    SELECT t3.id, t3.author_id, t3.created_at_utc, t3.created_by_id, t3.task_item_id, t3.text, t3.updated_at_utc, t3.updated_by_id, t5.id AS id0
    FROM task_comments AS t3
    INNER JOIN (
        SELECT t4.id, t4.is_deleted
        FROM tasks AS t4
        WHERE NOT (t4.is_deleted)
    ) AS t5 ON t3.task_item_id = t5.id
    WHERE NOT (t5.is_deleted)
) AS s1 ON s.id = s1.task_item_id
LEFT JOIN (
    SELECT t6.id, t6.content_type, t6.created_at_utc, t6.created_by_id, t6.original_file_name, t6.size_bytes, t6.storage_key, t6.task_item_id, t6.updated_at_utc, t6.updated_by_id, t6.uploaded_at_utc, t6.uploaded_by_id, t8.id AS id0
    FROM task_documents AS t6
    INNER JOIN (
        SELECT t7.id, t7.is_deleted
        FROM tasks AS t7
        WHERE NOT (t7.is_deleted)
    ) AS t8 ON t6.task_item_id = t8.id
    WHERE NOT (t8.is_deleted)
) AS s2 ON s.id = s2.task_item_id
ORDER BY s.id, s.id0, s0.task_item_id, s0.member_id, s0.id, s1.id, s1.id0, s2.id
2026-08-14 13:14:16.781 +03:00 [INF] Handled GetTaskQuery for user "e71006a3-891c-4459-aa20-bf6c6d8cab84" in 2 ms
2026-08-14 13:14:16.782 +03:00 [WRN] Handled not_found (404): Task with key '00000000-0000-0000-0000-000000000001' was not found.
2026-08-14 13:14:16.782 +03:00 [INF] HTTP GET /api/v1/tasks/00000000-0000-0000-0000-000000000001 responded 404 in 4.7918 ms
2026-08-14 13:14:22.780 +03:00 [INF] Executed DbCommand (1ms) [Parameters=[@p='?' (DbType = Guid)], CommandType='"Text"', CommandTimeout='30']
SELECT a.id, a.access_failed_count, a.concurrency_stamp, a.department_id, a.email, a.email_confirmed, a.full_name, a.joined_on, a.lockout_enabled, a.lockout_end, a.must_change_password, a.normalized_email, a.normalized_user_name, a.password_hash, a.phone_number, a.phone_number_confirmed, a.photo_url, a.role, a.security_stamp, a.status, a.two_factor_enabled, a.user_name
FROM "AspNetUsers" AS a
WHERE a.id = @p
LIMIT 1
2026-08-14 13:14:22.782 +03:00 [INF] Executed DbCommand (2ms) [Parameters=[@request_Id='?' (DbType = Guid)], CommandType='"Text"', CommandTimeout='30']
SELECT s.id, s.created_at_utc, s.created_by_id, s.deleted_at_utc, s.department_id, s.description, s.due_at_utc, s.due_soon_notified_at_utc, s.is_deleted, s.overdue_notified_at_utc, s.priority, s.scope, s.status, s.title, s.updated_at_utc, s.updated_by_id, s.id0, s.code, s.created_at_utc0, s.created_by_id0, s.description0, s.name, s.updated_at_utc0, s.updated_by_id0, s0.task_item_id, s0.member_id, s0.id, s1.id, s1.author_id, s1.created_at_utc, s1.created_by_id, s1.task_item_id, s1.text, s1.updated_at_utc, s1.updated_by_id, s1.id0, s2.id, s2.content_type, s2.created_at_utc, s2.created_by_id, s2.original_file_name, s2.size_bytes, s2.storage_key, s2.task_item_id, s2.updated_at_utc, s2.updated_by_id, s2.uploaded_at_utc, s2.uploaded_by_id, s2.id0
FROM (
    SELECT t.id, t.created_at_utc, t.created_by_id, t.deleted_at_utc, t.department_id, t.description, t.due_at_utc, t.due_soon_notified_at_utc, t.is_deleted, t.overdue_notified_at_utc, t.priority, t.scope, t.status, t.title, t.updated_at_utc, t.updated_by_id, d.id AS id0, d.code, d.created_at_utc AS created_at_utc0, d.created_by_id AS created_by_id0, d.description AS description0, d.name, d.updated_at_utc AS updated_at_utc0, d.updated_by_id AS updated_by_id0
    FROM tasks AS t
    LEFT JOIN departments AS d ON t.department_id = d.id
    WHERE NOT (t.is_deleted) AND t.id = @request_Id
    LIMIT 1
) AS s
LEFT JOIN (
    SELECT t0.task_item_id, t0.member_id, t2.id
    FROM task_assignees AS t0
    INNER JOIN (
        SELECT t1.id, t1.is_deleted
        FROM tasks AS t1
        WHERE NOT (t1.is_deleted)
    ) AS t2 ON t0.task_item_id = t2.id
    WHERE NOT (t2.is_deleted)
) AS s0 ON s.id = s0.task_item_id
LEFT JOIN (
    SELECT t3.id, t3.author_id, t3.created_at_utc, t3.created_by_id, t3.task_item_id, t3.text, t3.updated_at_utc, t3.updated_by_id, t5.id AS id0
    FROM task_comments AS t3
    INNER JOIN (
        SELECT t4.id, t4.is_deleted
        FROM tasks AS t4
        WHERE NOT (t4.is_deleted)
    ) AS t5 ON t3.task_item_id = t5.id
    WHERE NOT (t5.is_deleted)
) AS s1 ON s.id = s1.task_item_id
LEFT JOIN (
    SELECT t6.id, t6.content_type, t6.created_at_utc, t6.created_by_id, t6.original_file_name, t6.size_bytes, t6.storage_key, t6.task_item_id, t6.updated_at_utc, t6.updated_by_id, t6.uploaded_at_utc, t6.uploaded_by_id, t8.id AS id0
    FROM task_documents AS t6
    INNER JOIN (
        SELECT t7.id, t7.is_deleted
        FROM tasks AS t7
        WHERE NOT (t7.is_deleted)
    ) AS t8 ON t6.task_item_id = t8.id
    WHERE NOT (t8.is_deleted)
) AS s2 ON s.id = s2.task_item_id
ORDER BY s.id, s.id0, s0.task_item_id, s0.member_id, s0.id, s1.id, s1.id0, s2.id
2026-08-14 13:14:22.783 +03:00 [INF] Handled GetTaskQuery for user "e71006a3-891c-4459-aa20-bf6c6d8cab84" in 1 ms
2026-08-14 13:14:22.783 +03:00 [WRN] Handled not_found (404): Task with key '00000000-0000-0000-0000-000000000001' was not found.
2026-08-14 13:14:22.783 +03:00 [INF] HTTP GET /api/v1/tasks/00000000-0000-0000-0000-000000000001 responded 404 in 4.6731 ms
2026-08-14 13:14:28.777 +03:00 [INF] Executed DbCommand (2ms) [Parameters=[@p='?' (DbType = Guid)], CommandType='"Text"', CommandTimeout='30']
SELECT a.id, a.access_failed_count, a.concurrency_stamp, a.department_id, a.email, a.email_confirmed, a.full_name, a.joined_on, a.lockout_enabled, a.lockout_end, a.must_change_password, a.normalized_email, a.normalized_user_name, a.password_hash, a.phone_number, a.phone_number_confirmed, a.photo_url, a.role, a.security_stamp, a.status, a.two_factor_enabled, a.user_name
FROM "AspNetUsers" AS a
WHERE a.id = @p
LIMIT 1
2026-08-14 13:14:28.786 +03:00 [INF] Executed DbCommand (8ms) [Parameters=[@request_Id='?' (DbType = Guid)], CommandType='"Text"', CommandTimeout='30']
SELECT s.id, s.created_at_utc, s.created_by_id, s.deleted_at_utc, s.department_id, s.description, s.due_at_utc, s.due_soon_notified_at_utc, s.is_deleted, s.overdue_notified_at_utc, s.priority, s.scope, s.status, s.title, s.updated_at_utc, s.updated_by_id, s.id0, s.code, s.created_at_utc0, s.created_by_id0, s.description0, s.name, s.updated_at_utc0, s.updated_by_id0, s0.task_item_id, s0.member_id, s0.id, s1.id, s1.author_id, s1.created_at_utc, s1.created_by_id, s1.task_item_id, s1.text, s1.updated_at_utc, s1.updated_by_id, s1.id0, s2.id, s2.content_type, s2.created_at_utc, s2.created_by_id, s2.original_file_name, s2.size_bytes, s2.storage_key, s2.task_item_id, s2.updated_at_utc, s2.updated_by_id, s2.uploaded_at_utc, s2.uploaded_by_id, s2.id0
FROM (
    SELECT t.id, t.created_at_utc, t.created_by_id, t.deleted_at_utc, t.department_id, t.description, t.due_at_utc, t.due_soon_notified_at_utc, t.is_deleted, t.overdue_notified_at_utc, t.priority, t.scope, t.status, t.title, t.updated_at_utc, t.updated_by_id, d.id AS id0, d.code, d.created_at_utc AS created_at_utc0, d.created_by_id AS created_by_id0, d.description AS description0, d.name, d.updated_at_utc AS updated_at_utc0, d.updated_by_id AS updated_by_id0
    FROM tasks AS t
    LEFT JOIN departments AS d ON t.department_id = d.id
    WHERE NOT (t.is_deleted) AND t.id = @request_Id
    LIMIT 1
) AS s
LEFT JOIN (
    SELECT t0.task_item_id, t0.member_id, t2.id
    FROM task_assignees AS t0
    INNER JOIN (
        SELECT t1.id, t1.is_deleted
        FROM tasks AS t1
        WHERE NOT (t1.is_deleted)
    ) AS t2 ON t0.task_item_id = t2.id
    WHERE NOT (t2.is_deleted)
) AS s0 ON s.id = s0.task_item_id
LEFT JOIN (
    SELECT t3.id, t3.author_id, t3.created_at_utc, t3.created_by_id, t3.task_item_id, t3.text, t3.updated_at_utc, t3.updated_by_id, t5.id AS id0
    FROM task_comments AS t3
    INNER JOIN (
        SELECT t4.id, t4.is_deleted
        FROM tasks AS t4
        WHERE NOT (t4.is_deleted)
    ) AS t5 ON t3.task_item_id = t5.id
    WHERE NOT (t5.is_deleted)
) AS s1 ON s.id = s1.task_item_id
LEFT JOIN (
    SELECT t6.id, t6.content_type, t6.created_at_utc, t6.created_by_id, t6.original_file_name, t6.size_bytes, t6.storage_key, t6.task_item_id, t6.updated_at_utc, t6.updated_by_id, t6.uploaded_at_utc, t6.uploaded_by_id, t8.id AS id0
    FROM task_documents AS t6
    INNER JOIN (
        SELECT t7.id, t7.is_deleted
        FROM tasks AS t7
        WHERE NOT (t7.is_deleted)
    ) AS t8 ON t6.task_item_id = t8.id
    WHERE NOT (t8.is_deleted)
) AS s2 ON s.id = s2.task_item_id
ORDER BY s.id, s.id0, s0.task_item_id, s0.member_id, s0.id, s1.id, s1.id0, s2.id
2026-08-14 13:14:28.787 +03:00 [INF] Handled GetTaskQuery for user "e71006a3-891c-4459-aa20-bf6c6d8cab84" in 8 ms
2026-08-14 13:14:28.788 +03:00 [WRN] Handled not_found (404): Task with key '00000000-0000-0000-0000-000000000001' was not found.
2026-08-14 13:14:28.788 +03:00 [INF] HTTP GET /api/v1/tasks/00000000-0000-0000-0000-000000000001 responded 404 in 13.6960 ms
2026-08-14 13:14:29.195 +03:00 [INF] Executed DbCommand (1ms) [Parameters=[@p='?' (DbType = Guid)], CommandType='"Text"', CommandTimeout='30']
SELECT a.id, a.access_failed_count, a.concurrency_stamp, a.department_id, a.email, a.email_confirmed, a.full_name, a.joined_on, a.lockout_enabled, a.lockout_end, a.must_change_password, a.normalized_email, a.normalized_user_name, a.password_hash, a.phone_number, a.phone_number_confirmed, a.photo_url, a.role, a.security_stamp, a.status, a.two_factor_enabled, a.user_name
FROM "AspNetUsers" AS a
WHERE a.id = @p
LIMIT 1
2026-08-14 13:14:29.199 +03:00 [INF] Executed DbCommand (3ms) [Parameters=[@request_Id='?' (DbType = Guid)], CommandType='"Text"', CommandTimeout='30']
SELECT s.id, s.created_at_utc, s.created_by_id, s.deleted_at_utc, s.department_id, s.description, s.due_at_utc, s.due_soon_notified_at_utc, s.is_deleted, s.overdue_notified_at_utc, s.priority, s.scope, s.status, s.title, s.updated_at_utc, s.updated_by_id, s.id0, s.code, s.created_at_utc0, s.created_by_id0, s.description0, s.name, s.updated_at_utc0, s.updated_by_id0, s0.task_item_id, s0.member_id, s0.id, s1.id, s1.author_id, s1.created_at_utc, s1.created_by_id, s1.task_item_id, s1.text, s1.updated_at_utc, s1.updated_by_id, s1.id0, s2.id, s2.content_type, s2.created_at_utc, s2.created_by_id, s2.original_file_name, s2.size_bytes, s2.storage_key, s2.task_item_id, s2.updated_at_utc, s2.updated_by_id, s2.uploaded_at_utc, s2.uploaded_by_id, s2.id0
FROM (
    SELECT t.id, t.created_at_utc, t.created_by_id, t.deleted_at_utc, t.department_id, t.description, t.due_at_utc, t.due_soon_notified_at_utc, t.is_deleted, t.overdue_notified_at_utc, t.priority, t.scope, t.status, t.title, t.updated_at_utc, t.updated_by_id, d.id AS id0, d.code, d.created_at_utc AS created_at_utc0, d.created_by_id AS created_by_id0, d.description AS description0, d.name, d.updated_at_utc AS updated_at_utc0, d.updated_by_id AS updated_by_id0
    FROM tasks AS t
    LEFT JOIN departments AS d ON t.department_id = d.id
    WHERE NOT (t.is_deleted) AND t.id = @request_Id
    LIMIT 1
) AS s
LEFT JOIN (
    SELECT t0.task_item_id, t0.member_id, t2.id
    FROM task_assignees AS t0
    INNER JOIN (
        SELECT t1.id, t1.is_deleted
        FROM tasks AS t1
        WHERE NOT (t1.is_deleted)
    ) AS t2 ON t0.task_item_id = t2.id
    WHERE NOT (t2.is_deleted)
) AS s0 ON s.id = s0.task_item_id
LEFT JOIN (
    SELECT t3.id, t3.author_id, t3.created_at_utc, t3.created_by_id, t3.task_item_id, t3.text, t3.updated_at_utc, t3.updated_by_id, t5.id AS id0
    FROM task_comments AS t3
    INNER JOIN (
        SELECT t4.id, t4.is_deleted
        FROM tasks AS t4
        WHERE NOT (t4.is_deleted)
    ) AS t5 ON t3.task_item_id = t5.id
    WHERE NOT (t5.is_deleted)
) AS s1 ON s.id = s1.task_item_id
LEFT JOIN (
    SELECT t6.id, t6.content_type, t6.created_at_utc, t6.created_by_id, t6.original_file_name, t6.size_bytes, t6.storage_key, t6.task_item_id, t6.updated_at_utc, t6.updated_by_id, t6.uploaded_at_utc, t6.uploaded_by_id, t8.id AS id0
    FROM task_documents AS t6
    INNER JOIN (
        SELECT t7.id, t7.is_deleted
        FROM tasks AS t7
        WHERE NOT (t7.is_deleted)
    ) AS t8 ON t6.task_item_id = t8.id
    WHERE NOT (t8.is_deleted)
) AS s2 ON s.id = s2.task_item_id
ORDER BY s.id, s.id0, s0.task_item_id, s0.member_id, s0.id, s1.id, s1.id0, s2.id
2026-08-14 13:14:29.200 +03:00 [INF] Handled GetTaskQuery for user "e71006a3-891c-4459-aa20-bf6c6d8cab84" in 3 ms
2026-08-14 13:14:29.200 +03:00 [WRN] Handled not_found (404): Task with key '00000000-0000-0000-0000-000000000001' was not found.
2026-08-14 13:14:29.201 +03:00 [INF] HTTP GET /api/v1/tasks/00000000-0000-0000-0000-000000000001 responded 404 in 7.3277 ms
2026-08-14 13:14:35.773 +03:00 [INF] Executed DbCommand (1ms) [Parameters=[@p='?' (DbType = Guid)], CommandType='"Text"', CommandTimeout='30']
SELECT a.id, a.access_failed_count, a.concurrency_stamp, a.department_id, a.email, a.email_confirmed, a.full_name, a.joined_on, a.lockout_enabled, a.lockout_end, a.must_change_password, a.normalized_email, a.normalized_user_name, a.password_hash, a.phone_number, a.phone_number_confirmed, a.photo_url, a.role, a.security_stamp, a.status, a.two_factor_enabled, a.user_name
FROM "AspNetUsers" AS a
WHERE a.id = @p
LIMIT 1
2026-08-14 13:14:35.776 +03:00 [INF] Executed DbCommand (2ms) [Parameters=[@request_Id='?' (DbType = Guid)], CommandType='"Text"', CommandTimeout='30']
SELECT s.id, s.created_at_utc, s.created_by_id, s.deleted_at_utc, s.department_id, s.description, s.due_at_utc, s.due_soon_notified_at_utc, s.is_deleted, s.overdue_notified_at_utc, s.priority, s.scope, s.status, s.title, s.updated_at_utc, s.updated_by_id, s.id0, s.code, s.created_at_utc0, s.created_by_id0, s.description0, s.name, s.updated_at_utc0, s.updated_by_id0, s0.task_item_id, s0.member_id, s0.id, s1.id, s1.author_id, s1.created_at_utc, s1.created_by_id, s1.task_item_id, s1.text, s1.updated_at_utc, s1.updated_by_id, s1.id0, s2.id, s2.content_type, s2.created_at_utc, s2.created_by_id, s2.original_file_name, s2.size_bytes, s2.storage_key, s2.task_item_id, s2.updated_at_utc, s2.updated_by_id, s2.uploaded_at_utc, s2.uploaded_by_id, s2.id0
FROM (
    SELECT t.id, t.created_at_utc, t.created_by_id, t.deleted_at_utc, t.department_id, t.description, t.due_at_utc, t.due_soon_notified_at_utc, t.is_deleted, t.overdue_notified_at_utc, t.priority, t.scope, t.status, t.title, t.updated_at_utc, t.updated_by_id, d.id AS id0, d.code, d.created_at_utc AS created_at_utc0, d.created_by_id AS created_by_id0, d.description AS description0, d.name, d.updated_at_utc AS updated_at_utc0, d.updated_by_id AS updated_by_id0
    FROM tasks AS t
    LEFT JOIN departments AS d ON t.department_id = d.id
    WHERE NOT (t.is_deleted) AND t.id = @request_Id
    LIMIT 1
) AS s
LEFT JOIN (
    SELECT t0.task_item_id, t0.member_id, t2.id
    FROM task_assignees AS t0
    INNER JOIN (
        SELECT t1.id, t1.is_deleted
        FROM tasks AS t1
        WHERE NOT (t1.is_deleted)
    ) AS t2 ON t0.task_item_id = t2.id
    WHERE NOT (t2.is_deleted)
) AS s0 ON s.id = s0.task_item_id
LEFT JOIN (
    SELECT t3.id, t3.author_id, t3.created_at_utc, t3.created_by_id, t3.task_item_id, t3.text, t3.updated_at_utc, t3.updated_by_id, t5.id AS id0
    FROM task_comments AS t3
    INNER JOIN (
        SELECT t4.id, t4.is_deleted
        FROM tasks AS t4
        WHERE NOT (t4.is_deleted)
    ) AS t5 ON t3.task_item_id = t5.id
    WHERE NOT (t5.is_deleted)
) AS s1 ON s.id = s1.task_item_id
LEFT JOIN (
    SELECT t6.id, t6.content_type, t6.created_at_utc, t6.created_by_id, t6.original_file_name, t6.size_bytes, t6.storage_key, t6.task_item_id, t6.updated_at_utc, t6.updated_by_id, t6.uploaded_at_utc, t6.uploaded_by_id, t8.id AS id0
    FROM task_documents AS t6
    INNER JOIN (
        SELECT t7.id, t7.is_deleted
        FROM tasks AS t7
        WHERE NOT (t7.is_deleted)
    ) AS t8 ON t6.task_item_id = t8.id
    WHERE NOT (t8.is_deleted)
) AS s2 ON s.id = s2.task_item_id
ORDER BY s.id, s.id0, s0.task_item_id, s0.member_id, s0.id, s1.id, s1.id0, s2.id
2026-08-14 13:14:35.776 +03:00 [INF] Handled GetTaskQuery for user "e71006a3-891c-4459-aa20-bf6c6d8cab84" in 2 ms
2026-08-14 13:14:35.777 +03:00 [WRN] Handled not_found (404): Task with key '00000000-0000-0000-0000-000000000001' was not found.
2026-08-14 13:14:35.777 +03:00 [INF] HTTP GET /api/v1/tasks/00000000-0000-0000-0000-000000000001 responded 404 in 4.7022 ms
2026-08-14 13:14:37.779 +03:00 [INF] Executed DbCommand (1ms) [Parameters=[@p='?' (DbType = Guid)], CommandType='"Text"', CommandTimeout='30']
SELECT a.id, a.access_failed_count, a.concurrency_stamp, a.department_id, a.email, a.email_confirmed, a.full_name, a.joined_on, a.lockout_enabled, a.lockout_end, a.must_change_password, a.normalized_email, a.normalized_user_name, a.password_hash, a.phone_number, a.phone_number_confirmed, a.photo_url, a.role, a.security_stamp, a.status, a.two_factor_enabled, a.user_name
FROM "AspNetUsers" AS a
WHERE a.id = @p
LIMIT 1
2026-08-14 13:14:37.781 +03:00 [INF] Executed DbCommand (2ms) [Parameters=[@request_Id='?' (DbType = Guid)], CommandType='"Text"', CommandTimeout='30']
SELECT s.id, s.created_at_utc, s.created_by_id, s.deleted_at_utc, s.department_id, s.description, s.due_at_utc, s.due_soon_notified_at_utc, s.is_deleted, s.overdue_notified_at_utc, s.priority, s.scope, s.status, s.title, s.updated_at_utc, s.updated_by_id, s.id0, s.code, s.created_at_utc0, s.created_by_id0, s.description0, s.name, s.updated_at_utc0, s.updated_by_id0, s0.task_item_id, s0.member_id, s0.id, s1.id, s1.author_id, s1.created_at_utc, s1.created_by_id, s1.task_item_id, s1.text, s1.updated_at_utc, s1.updated_by_id, s1.id0, s2.id, s2.content_type, s2.created_at_utc, s2.created_by_id, s2.original_file_name, s2.size_bytes, s2.storage_key, s2.task_item_id, s2.updated_at_utc, s2.updated_by_id, s2.uploaded_at_utc, s2.uploaded_by_id, s2.id0
FROM (
    SELECT t.id, t.created_at_utc, t.created_by_id, t.deleted_at_utc, t.department_id, t.description, t.due_at_utc, t.due_soon_notified_at_utc, t.is_deleted, t.overdue_notified_at_utc, t.priority, t.scope, t.status, t.title, t.updated_at_utc, t.updated_by_id, d.id AS id0, d.code, d.created_at_utc AS created_at_utc0, d.created_by_id AS created_by_id0, d.description AS description0, d.name, d.updated_at_utc AS updated_at_utc0, d.updated_by_id AS updated_by_id0
    FROM tasks AS t
    LEFT JOIN departments AS d ON t.department_id = d.id
    WHERE NOT (t.is_deleted) AND t.id = @request_Id
    LIMIT 1
) AS s
LEFT JOIN (
    SELECT t0.task_item_id, t0.member_id, t2.id
    FROM task_assignees AS t0
    INNER JOIN (
        SELECT t1.id, t1.is_deleted
        FROM tasks AS t1
        WHERE NOT (t1.is_deleted)
    ) AS t2 ON t0.task_item_id = t2.id
    WHERE NOT (t2.is_deleted)
) AS s0 ON s.id = s0.task_item_id
LEFT JOIN (
    SELECT t3.id, t3.author_id, t3.created_at_utc, t3.created_by_id, t3.task_item_id, t3.text, t3.updated_at_utc, t3.updated_by_id, t5.id AS id0
    FROM task_comments AS t3
    INNER JOIN (
        SELECT t4.id, t4.is_deleted
        FROM tasks AS t4
        WHERE NOT (t4.is_deleted)
    ) AS t5 ON t3.task_item_id = t5.id
    WHERE NOT (t5.is_deleted)
) AS s1 ON s.id = s1.task_item_id
LEFT JOIN (
    SELECT t6.id, t6.content_type, t6.created_at_utc, t6.created_by_id, t6.original_file_name, t6.size_bytes, t6.storage_key, t6.task_item_id, t6.updated_at_utc, t6.updated_by_id, t6.uploaded_at_utc, t6.uploaded_by_id, t8.id AS id0
    FROM task_documents AS t6
    INNER JOIN (
        SELECT t7.id, t7.is_deleted
        FROM tasks AS t7
        WHERE NOT (t7.is_deleted)
    ) AS t8 ON t6.task_item_id = t8.id
    WHERE NOT (t8.is_deleted)
) AS s2 ON s.id = s2.task_item_id
ORDER BY s.id, s.id0, s0.task_item_id, s0.member_id, s0.id, s1.id, s1.id0, s2.id
2026-08-14 13:14:37.781 +03:00 [INF] Handled GetTaskQuery for user "e71006a3-891c-4459-aa20-bf6c6d8cab84" in 1 ms
2026-08-14 13:14:37.781 +03:00 [WRN] Handled not_found (404): Task with key '00000000-0000-0000-0000-000000000001' was not found.
2026-08-14 13:14:37.781 +03:00 [INF] HTTP GET /api/v1/tasks/00000000-0000-0000-0000-000000000001 responded 404 in 4.0151 ms
2026-08-14 13:14:39.776 +03:00 [INF] Executed DbCommand (1ms) [Parameters=[@p='?' (DbType = Guid)], CommandType='"Text"', CommandTimeout='30']
SELECT a.id, a.access_failed_count, a.concurrency_stamp, a.department_id, a.email, a.email_confirmed, a.full_name, a.joined_on, a.lockout_enabled, a.lockout_end, a.must_change_password, a.normalized_email, a.normalized_user_name, a.password_hash, a.phone_number, a.phone_number_confirmed, a.photo_url, a.role, a.security_stamp, a.status, a.two_factor_enabled, a.user_name
FROM "AspNetUsers" AS a
WHERE a.id = @p
LIMIT 1
2026-08-14 13:14:39.778 +03:00 [INF] Executed DbCommand (2ms) [Parameters=[@request_Id='?' (DbType = Guid)], CommandType='"Text"', CommandTimeout='30']
SELECT s.id, s.created_at_utc, s.created_by_id, s.deleted_at_utc, s.department_id, s.description, s.due_at_utc, s.due_soon_notified_at_utc, s.is_deleted, s.overdue_notified_at_utc, s.priority, s.scope, s.status, s.title, s.updated_at_utc, s.updated_by_id, s.id0, s.code, s.created_at_utc0, s.created_by_id0, s.description0, s.name, s.updated_at_utc0, s.updated_by_id0, s0.task_item_id, s0.member_id, s0.id, s1.id, s1.author_id, s1.created_at_utc, s1.created_by_id, s1.task_item_id, s1.text, s1.updated_at_utc, s1.updated_by_id, s1.id0, s2.id, s2.content_type, s2.created_at_utc, s2.created_by_id, s2.original_file_name, s2.size_bytes, s2.storage_key, s2.task_item_id, s2.updated_at_utc, s2.updated_by_id, s2.uploaded_at_utc, s2.uploaded_by_id, s2.id0
FROM (
    SELECT t.id, t.created_at_utc, t.created_by_id, t.deleted_at_utc, t.department_id, t.description, t.due_at_utc, t.due_soon_notified_at_utc, t.is_deleted, t.overdue_notified_at_utc, t.priority, t.scope, t.status, t.title, t.updated_at_utc, t.updated_by_id, d.id AS id0, d.code, d.created_at_utc AS created_at_utc0, d.created_by_id AS created_by_id0, d.description AS description0, d.name, d.updated_at_utc AS updated_at_utc0, d.updated_by_id AS updated_by_id0
    FROM tasks AS t
    LEFT JOIN departments AS d ON t.department_id = d.id
    WHERE NOT (t.is_deleted) AND t.id = @request_Id
    LIMIT 1
) AS s
LEFT JOIN (
    SELECT t0.task_item_id, t0.member_id, t2.id
    FROM task_assignees AS t0
    INNER JOIN (
        SELECT t1.id, t1.is_deleted
        FROM tasks AS t1
        WHERE NOT (t1.is_deleted)
    ) AS t2 ON t0.task_item_id = t2.id
    WHERE NOT (t2.is_deleted)
) AS s0 ON s.id = s0.task_item_id
LEFT JOIN (
    SELECT t3.id, t3.author_id, t3.created_at_utc, t3.created_by_id, t3.task_item_id, t3.text, t3.updated_at_utc, t3.updated_by_id, t5.id AS id0
    FROM task_comments AS t3
    INNER JOIN (
        SELECT t4.id, t4.is_deleted
        FROM tasks AS t4
        WHERE NOT (t4.is_deleted)
    ) AS t5 ON t3.task_item_id = t5.id
    WHERE NOT (t5.is_deleted)
) AS s1 ON s.id = s1.task_item_id
LEFT JOIN (
    SELECT t6.id, t6.content_type, t6.created_at_utc, t6.created_by_id, t6.original_file_name, t6.size_bytes, t6.storage_key, t6.task_item_id, t6.updated_at_utc, t6.updated_by_id, t6.uploaded_at_utc, t6.uploaded_by_id, t8.id AS id0
    FROM task_documents AS t6
    INNER JOIN (
        SELECT t7.id, t7.is_deleted
        FROM tasks AS t7
        WHERE NOT (t7.is_deleted)
    ) AS t8 ON t6.task_item_id = t8.id
    WHERE NOT (t8.is_deleted)
) AS s2 ON s.id = s2.task_item_id
ORDER BY s.id, s.id0, s0.task_item_id, s0.member_id, s0.id, s1.id, s1.id0, s2.id
2026-08-14 13:14:39.778 +03:00 [INF] Handled GetTaskQuery for user "e71006a3-891c-4459-aa20-bf6c6d8cab84" in 1 ms
2026-08-14 13:14:39.779 +03:00 [WRN] Handled not_found (404): Task with key '00000000-0000-0000-0000-000000000001' was not found.
2026-08-14 13:14:39.779 +03:00 [INF] HTTP GET /api/v1/tasks/00000000-0000-0000-0000-000000000001 responded 404 in 3.8009 ms
2026-08-14 13:14:41.777 +03:00 [INF] Executed DbCommand (1ms) [Parameters=[@p='?' (DbType = Guid)], CommandType='"Text"', CommandTimeout='30']
SELECT a.id, a.access_failed_count, a.concurrency_stamp, a.department_id, a.email, a.email_confirmed, a.full_name, a.joined_on, a.lockout_enabled, a.lockout_end, a.must_change_password, a.normalized_email, a.normalized_user_name, a.password_hash, a.phone_number, a.phone_number_confirmed, a.photo_url, a.role, a.security_stamp, a.status, a.two_factor_enabled, a.user_name
FROM "AspNetUsers" AS a
WHERE a.id = @p
LIMIT 1
2026-08-14 13:14:41.779 +03:00 [INF] Executed DbCommand (2ms) [Parameters=[@request_Id='?' (DbType = Guid)], CommandType='"Text"', CommandTimeout='30']
SELECT s.id, s.created_at_utc, s.created_by_id, s.deleted_at_utc, s.department_id, s.description, s.due_at_utc, s.due_soon_notified_at_utc, s.is_deleted, s.overdue_notified_at_utc, s.priority, s.scope, s.status, s.title, s.updated_at_utc, s.updated_by_id, s.id0, s.code, s.created_at_utc0, s.created_by_id0, s.description0, s.name, s.updated_at_utc0, s.updated_by_id0, s0.task_item_id, s0.member_id, s0.id, s1.id, s1.author_id, s1.created_at_utc, s1.created_by_id, s1.task_item_id, s1.text, s1.updated_at_utc, s1.updated_by_id, s1.id0, s2.id, s2.content_type, s2.created_at_utc, s2.created_by_id, s2.original_file_name, s2.size_bytes, s2.storage_key, s2.task_item_id, s2.updated_at_utc, s2.updated_by_id, s2.uploaded_at_utc, s2.uploaded_by_id, s2.id0
FROM (
    SELECT t.id, t.created_at_utc, t.created_by_id, t.deleted_at_utc, t.department_id, t.description, t.due_at_utc, t.due_soon_notified_at_utc, t.is_deleted, t.overdue_notified_at_utc, t.priority, t.scope, t.status, t.title, t.updated_at_utc, t.updated_by_id, d.id AS id0, d.code, d.created_at_utc AS created_at_utc0, d.created_by_id AS created_by_id0, d.description AS description0, d.name, d.updated_at_utc AS updated_at_utc0, d.updated_by_id AS updated_by_id0
    FROM tasks AS t
    LEFT JOIN departments AS d ON t.department_id = d.id
    WHERE NOT (t.is_deleted) AND t.id = @request_Id
    LIMIT 1
) AS s
LEFT JOIN (
    SELECT t0.task_item_id, t0.member_id, t2.id
    FROM task_assignees AS t0
    INNER JOIN (
        SELECT t1.id, t1.is_deleted
        FROM tasks AS t1
        WHERE NOT (t1.is_deleted)
    ) AS t2 ON t0.task_item_id = t2.id
    WHERE NOT (t2.is_deleted)
) AS s0 ON s.id = s0.task_item_id
LEFT JOIN (
    SELECT t3.id, t3.author_id, t3.created_at_utc, t3.created_by_id, t3.task_item_id, t3.text, t3.updated_at_utc, t3.updated_by_id, t5.id AS id0
    FROM task_comments AS t3
    INNER JOIN (
        SELECT t4.id, t4.is_deleted
        FROM tasks AS t4
        WHERE NOT (t4.is_deleted)
    ) AS t5 ON t3.task_item_id = t5.id
    WHERE NOT (t5.is_deleted)
) AS s1 ON s.id = s1.task_item_id
LEFT JOIN (
    SELECT t6.id, t6.content_type, t6.created_at_utc, t6.created_by_id, t6.original_file_name, t6.size_bytes, t6.storage_key, t6.task_item_id, t6.updated_at_utc, t6.updated_by_id, t6.uploaded_at_utc, t6.uploaded_by_id, t8.id AS id0
    FROM task_documents AS t6
    INNER JOIN (
        SELECT t7.id, t7.is_deleted
        FROM tasks AS t7
        WHERE NOT (t7.is_deleted)
    ) AS t8 ON t6.task_item_id = t8.id
    WHERE NOT (t8.is_deleted)
) AS s2 ON s.id = s2.task_item_id
ORDER BY s.id, s.id0, s0.task_item_id, s0.member_id, s0.id, s1.id, s1.id0, s2.id
2026-08-14 13:14:41.779 +03:00 [INF] Handled GetTaskQuery for user "e71006a3-891c-4459-aa20-bf6c6d8cab84" in 1 ms
2026-08-14 13:14:41.779 +03:00 [WRN] Handled not_found (404): Task with key '00000000-0000-0000-0000-000000000001' was not found.
2026-08-14 13:14:41.779 +03:00 [INF] HTTP GET /api/v1/tasks/00000000-0000-0000-0000-000000000001 responded 404 in 3.5897 ms
2026-08-14 13:14:43.777 +03:00 [INF] Executed DbCommand (1ms) [Parameters=[@p='?' (DbType = Guid)], CommandType='"Text"', CommandTimeout='30']
SELECT a.id, a.access_failed_count, a.concurrency_stamp, a.department_id, a.email, a.email_confirmed, a.full_name, a.joined_on, a.lockout_enabled, a.lockout_end, a.must_change_password, a.normalized_email, a.normalized_user_name, a.password_hash, a.phone_number, a.phone_number_confirmed, a.photo_url, a.role, a.security_stamp, a.status, a.two_factor_enabled, a.user_name
FROM "AspNetUsers" AS a
WHERE a.id = @p
LIMIT 1
2026-08-14 13:14:43.779 +03:00 [INF] Executed DbCommand (2ms) [Parameters=[@request_Id='?' (DbType = Guid)], CommandType='"Text"', CommandTimeout='30']
SELECT s.id, s.created_at_utc, s.created_by_id, s.deleted_at_utc, s.department_id, s.description, s.due_at_utc, s.due_soon_notified_at_utc, s.is_deleted, s.overdue_notified_at_utc, s.priority, s.scope, s.status, s.title, s.updated_at_utc, s.updated_by_id, s.id0, s.code, s.created_at_utc0, s.created_by_id0, s.description0, s.name, s.updated_at_utc0, s.updated_by_id0, s0.task_item_id, s0.member_id, s0.id, s1.id, s1.author_id, s1.created_at_utc, s1.created_by_id, s1.task_item_id, s1.text, s1.updated_at_utc, s1.updated_by_id, s1.id0, s2.id, s2.content_type, s2.created_at_utc, s2.created_by_id, s2.original_file_name, s2.size_bytes, s2.storage_key, s2.task_item_id, s2.updated_at_utc, s2.updated_by_id, s2.uploaded_at_utc, s2.uploaded_by_id, s2.id0
FROM (
    SELECT t.id, t.created_at_utc, t.created_by_id, t.deleted_at_utc, t.department_id, t.description, t.due_at_utc, t.due_soon_notified_at_utc, t.is_deleted, t.overdue_notified_at_utc, t.priority, t.scope, t.status, t.title, t.updated_at_utc, t.updated_by_id, d.id AS id0, d.code, d.created_at_utc AS created_at_utc0, d.created_by_id AS created_by_id0, d.description AS description0, d.name, d.updated_at_utc AS updated_at_utc0, d.updated_by_id AS updated_by_id0
    FROM tasks AS t
    LEFT JOIN departments AS d ON t.department_id = d.id
    WHERE NOT (t.is_deleted) AND t.id = @request_Id
    LIMIT 1
) AS s
LEFT JOIN (
    SELECT t0.task_item_id, t0.member_id, t2.id
    FROM task_assignees AS t0
    INNER JOIN (
        SELECT t1.id, t1.is_deleted
        FROM tasks AS t1
        WHERE NOT (t1.is_deleted)
    ) AS t2 ON t0.task_item_id = t2.id
    WHERE NOT (t2.is_deleted)
) AS s0 ON s.id = s0.task_item_id
LEFT JOIN (
    SELECT t3.id, t3.author_id, t3.created_at_utc, t3.created_by_id, t3.task_item_id, t3.text, t3.updated_at_utc, t3.updated_by_id, t5.id AS id0
    FROM task_comments AS t3
    INNER JOIN (
        SELECT t4.id, t4.is_deleted
        FROM tasks AS t4
        WHERE NOT (t4.is_deleted)
    ) AS t5 ON t3.task_item_id = t5.id
    WHERE NOT (t5.is_deleted)
) AS s1 ON s.id = s1.task_item_id
LEFT JOIN (
    SELECT t6.id, t6.content_type, t6.created_at_utc, t6.created_by_id, t6.original_file_name, t6.size_bytes, t6.storage_key, t6.task_item_id, t6.updated_at_utc, t6.updated_by_id, t6.uploaded_at_utc, t6.uploaded_by_id, t8.id AS id0
    FROM task_documents AS t6
    INNER JOIN (
        SELECT t7.id, t7.is_deleted
        FROM tasks AS t7
        WHERE NOT (t7.is_deleted)
    ) AS t8 ON t6.task_item_id = t8.id
    WHERE NOT (t8.is_deleted)
) AS s2 ON s.id = s2.task_item_id
ORDER BY s.id, s.id0, s0.task_item_id, s0.member_id, s0.id, s1.id, s1.id0, s2.id
2026-08-14 13:14:43.780 +03:00 [INF] Handled GetTaskQuery for user "e71006a3-891c-4459-aa20-bf6c6d8cab84" in 2 ms
2026-08-14 13:14:43.780 +03:00 [WRN] Handled not_found (404): Task with key '00000000-0000-0000-0000-000000000001' was not found.
2026-08-14 13:14:43.780 +03:00 [INF] HTTP GET /api/v1/tasks/00000000-0000-0000-0000-000000000001 responded 404 in 4.2061 ms
2026-08-14 13:14:45.771 +03:00 [INF] Executed DbCommand (1ms) [Parameters=[@p='?' (DbType = Guid)], CommandType='"Text"', CommandTimeout='30']
SELECT a.id, a.access_failed_count, a.concurrency_stamp, a.department_id, a.email, a.email_confirmed, a.full_name, a.joined_on, a.lockout_enabled, a.lockout_end, a.must_change_password, a.normalized_email, a.normalized_user_name, a.password_hash, a.phone_number, a.phone_number_confirmed, a.photo_url, a.role, a.security_stamp, a.status, a.two_factor_enabled, a.user_name
FROM "AspNetUsers" AS a
WHERE a.id = @p
LIMIT 1
2026-08-14 13:14:45.774 +03:00 [INF] Executed DbCommand (2ms) [Parameters=[@request_Id='?' (DbType = Guid)], CommandType='"Text"', CommandTimeout='30']
SELECT s.id, s.created_at_utc, s.created_by_id, s.deleted_at_utc, s.department_id, s.description, s.due_at_utc, s.due_soon_notified_at_utc, s.is_deleted, s.overdue_notified_at_utc, s.priority, s.scope, s.status, s.title, s.updated_at_utc, s.updated_by_id, s.id0, s.code, s.created_at_utc0, s.created_by_id0, s.description0, s.name, s.updated_at_utc0, s.updated_by_id0, s0.task_item_id, s0.member_id, s0.id, s1.id, s1.author_id, s1.created_at_utc, s1.created_by_id, s1.task_item_id, s1.text, s1.updated_at_utc, s1.updated_by_id, s1.id0, s2.id, s2.content_type, s2.created_at_utc, s2.created_by_id, s2.original_file_name, s2.size_bytes, s2.storage_key, s2.task_item_id, s2.updated_at_utc, s2.updated_by_id, s2.uploaded_at_utc, s2.uploaded_by_id, s2.id0
FROM (
    SELECT t.id, t.created_at_utc, t.created_by_id, t.deleted_at_utc, t.department_id, t.description, t.due_at_utc, t.due_soon_notified_at_utc, t.is_deleted, t.overdue_notified_at_utc, t.priority, t.scope, t.status, t.title, t.updated_at_utc, t.updated_by_id, d.id AS id0, d.code, d.created_at_utc AS created_at_utc0, d.created_by_id AS created_by_id0, d.description AS description0, d.name, d.updated_at_utc AS updated_at_utc0, d.updated_by_id AS updated_by_id0
    FROM tasks AS t
    LEFT JOIN departments AS d ON t.department_id = d.id
    WHERE NOT (t.is_deleted) AND t.id = @request_Id
    LIMIT 1
) AS s
LEFT JOIN (
    SELECT t0.task_item_id, t0.member_id, t2.id
    FROM task_assignees AS t0
    INNER JOIN (
        SELECT t1.id, t1.is_deleted
        FROM tasks AS t1
        WHERE NOT (t1.is_deleted)
    ) AS t2 ON t0.task_item_id = t2.id
    WHERE NOT (t2.is_deleted)
) AS s0 ON s.id = s0.task_item_id
LEFT JOIN (
    SELECT t3.id, t3.author_id, t3.created_at_utc, t3.created_by_id, t3.task_item_id, t3.text, t3.updated_at_utc, t3.updated_by_id, t5.id AS id0
    FROM task_comments AS t3
    INNER JOIN (
        SELECT t4.id, t4.is_deleted
        FROM tasks AS t4
        WHERE NOT (t4.is_deleted)
    ) AS t5 ON t3.task_item_id = t5.id
    WHERE NOT (t5.is_deleted)
) AS s1 ON s.id = s1.task_item_id
LEFT JOIN (
    SELECT t6.id, t6.content_type, t6.created_at_utc, t6.created_by_id, t6.original_file_name, t6.size_bytes, t6.storage_key, t6.task_item_id, t6.updated_at_utc, t6.updated_by_id, t6.uploaded_at_utc, t6.uploaded_by_id, t8.id AS id0
    FROM task_documents AS t6
    INNER JOIN (
        SELECT t7.id, t7.is_deleted
        FROM tasks AS t7
        WHERE NOT (t7.is_deleted)
    ) AS t8 ON t6.task_item_id = t8.id
    WHERE NOT (t8.is_deleted)
) AS s2 ON s.id = s2.task_item_id
ORDER BY s.id, s.id0, s0.task_item_id, s0.member_id, s0.id, s1.id, s1.id0, s2.id
2026-08-14 13:14:45.774 +03:00 [INF] Handled GetTaskQuery for user "e71006a3-891c-4459-aa20-bf6c6d8cab84" in 2 ms
2026-08-14 13:14:45.774 +03:00 [WRN] Handled not_found (404): Task with key '00000000-0000-0000-0000-000000000001' was not found.
2026-08-14 13:14:45.774 +03:00 [INF] HTTP GET /api/v1/tasks/00000000-0000-0000-0000-000000000001 responded 404 in 4.4107 ms
2026-08-14 13:14:47.777 +03:00 [INF] Executed DbCommand (1ms) [Parameters=[@p='?' (DbType = Guid)], CommandType='"Text"', CommandTimeout='30']
SELECT a.id, a.access_failed_count, a.concurrency_stamp, a.department_id, a.email, a.email_confirmed, a.full_name, a.joined_on, a.lockout_enabled, a.lockout_end, a.must_change_password, a.normalized_email, a.normalized_user_name, a.password_hash, a.phone_number, a.phone_number_confirmed, a.photo_url, a.role, a.security_stamp, a.status, a.two_factor_enabled, a.user_name
FROM "AspNetUsers" AS a
WHERE a.id = @p
LIMIT 1
2026-08-14 13:14:47.779 +03:00 [INF] Executed DbCommand (1ms) [Parameters=[@request_Id='?' (DbType = Guid)], CommandType='"Text"', CommandTimeout='30']
SELECT s.id, s.created_at_utc, s.created_by_id, s.deleted_at_utc, s.department_id, s.description, s.due_at_utc, s.due_soon_notified_at_utc, s.is_deleted, s.overdue_notified_at_utc, s.priority, s.scope, s.status, s.title, s.updated_at_utc, s.updated_by_id, s.id0, s.code, s.created_at_utc0, s.created_by_id0, s.description0, s.name, s.updated_at_utc0, s.updated_by_id0, s0.task_item_id, s0.member_id, s0.id, s1.id, s1.author_id, s1.created_at_utc, s1.created_by_id, s1.task_item_id, s1.text, s1.updated_at_utc, s1.updated_by_id, s1.id0, s2.id, s2.content_type, s2.created_at_utc, s2.created_by_id, s2.original_file_name, s2.size_bytes, s2.storage_key, s2.task_item_id, s2.updated_at_utc, s2.updated_by_id, s2.uploaded_at_utc, s2.uploaded_by_id, s2.id0
FROM (
    SELECT t.id, t.created_at_utc, t.created_by_id, t.deleted_at_utc, t.department_id, t.description, t.due_at_utc, t.due_soon_notified_at_utc, t.is_deleted, t.overdue_notified_at_utc, t.priority, t.scope, t.status, t.title, t.updated_at_utc, t.updated_by_id, d.id AS id0, d.code, d.created_at_utc AS created_at_utc0, d.created_by_id AS created_by_id0, d.description AS description0, d.name, d.updated_at_utc AS updated_at_utc0, d.updated_by_id AS updated_by_id0
    FROM tasks AS t
    LEFT JOIN departments AS d ON t.department_id = d.id
    WHERE NOT (t.is_deleted) AND t.id = @request_Id
    LIMIT 1
) AS s
LEFT JOIN (
    SELECT t0.task_item_id, t0.member_id, t2.id
    FROM task_assignees AS t0
    INNER JOIN (
        SELECT t1.id, t1.is_deleted
        FROM tasks AS t1
        WHERE NOT (t1.is_deleted)
    ) AS t2 ON t0.task_item_id = t2.id
    WHERE NOT (t2.is_deleted)
) AS s0 ON s.id = s0.task_item_id
LEFT JOIN (
    SELECT t3.id, t3.author_id, t3.created_at_utc, t3.created_by_id, t3.task_item_id, t3.text, t3.updated_at_utc, t3.updated_by_id, t5.id AS id0
    FROM task_comments AS t3
    INNER JOIN (
        SELECT t4.id, t4.is_deleted
        FROM tasks AS t4
        WHERE NOT (t4.is_deleted)
    ) AS t5 ON t3.task_item_id = t5.id
    WHERE NOT (t5.is_deleted)
) AS s1 ON s.id = s1.task_item_id
LEFT JOIN (
    SELECT t6.id, t6.content_type, t6.created_at_utc, t6.created_by_id, t6.original_file_name, t6.size_bytes, t6.storage_key, t6.task_item_id, t6.updated_at_utc, t6.updated_by_id, t6.uploaded_at_utc, t6.uploaded_by_id, t8.id AS id0
    FROM task_documents AS t6
    INNER JOIN (
        SELECT t7.id, t7.is_deleted
        FROM tasks AS t7
        WHERE NOT (t7.is_deleted)
    ) AS t8 ON t6.task_item_id = t8.id
    WHERE NOT (t8.is_deleted)
) AS s2 ON s.id = s2.task_item_id
ORDER BY s.id, s.id0, s0.task_item_id, s0.member_id, s0.id, s1.id, s1.id0, s2.id
2026-08-14 13:14:47.780 +03:00 [INF] Handled GetTaskQuery for user "e71006a3-891c-4459-aa20-bf6c6d8cab84" in 1 ms
2026-08-14 13:14:47.780 +03:00 [WRN] Handled not_found (404): Task with key '00000000-0000-0000-0000-000000000001' was not found.
2026-08-14 13:14:47.780 +03:00 [INF] HTTP GET /api/v1/tasks/00000000-0000-0000-0000-000000000001 responded 404 in 4.0130 ms
2026-08-14 13:14:49.779 +03:00 [INF] Executed DbCommand (1ms) [Parameters=[@p='?' (DbType = Guid)], CommandType='"Text"', CommandTimeout='30']
SELECT a.id, a.access_failed_count, a.concurrency_stamp, a.department_id, a.email, a.email_confirmed, a.full_name, a.joined_on, a.lockout_enabled, a.lockout_end, a.must_change_password, a.normalized_email, a.normalized_user_name, a.password_hash, a.phone_number, a.phone_number_confirmed, a.photo_url, a.role, a.security_stamp, a.status, a.two_factor_enabled, a.user_name
FROM "AspNetUsers" AS a
WHERE a.id = @p
LIMIT 1
2026-08-14 13:14:49.781 +03:00 [INF] Executed DbCommand (1ms) [Parameters=[@request_Id='?' (DbType = Guid)], CommandType='"Text"', CommandTimeout='30']
SELECT s.id, s.created_at_utc, s.created_by_id, s.deleted_at_utc, s.department_id, s.description, s.due_at_utc, s.due_soon_notified_at_utc, s.is_deleted, s.overdue_notified_at_utc, s.priority, s.scope, s.status, s.title, s.updated_at_utc, s.updated_by_id, s.id0, s.code, s.created_at_utc0, s.created_by_id0, s.description0, s.name, s.updated_at_utc0, s.updated_by_id0, s0.task_item_id, s0.member_id, s0.id, s1.id, s1.author_id, s1.created_at_utc, s1.created_by_id, s1.task_item_id, s1.text, s1.updated_at_utc, s1.updated_by_id, s1.id0, s2.id, s2.content_type, s2.created_at_utc, s2.created_by_id, s2.original_file_name, s2.size_bytes, s2.storage_key, s2.task_item_id, s2.updated_at_utc, s2.updated_by_id, s2.uploaded_at_utc, s2.uploaded_by_id, s2.id0
FROM (
    SELECT t.id, t.created_at_utc, t.created_by_id, t.deleted_at_utc, t.department_id, t.description, t.due_at_utc, t.due_soon_notified_at_utc, t.is_deleted, t.overdue_notified_at_utc, t.priority, t.scope, t.status, t.title, t.updated_at_utc, t.updated_by_id, d.id AS id0, d.code, d.created_at_utc AS created_at_utc0, d.created_by_id AS created_by_id0, d.description AS description0, d.name, d.updated_at_utc AS updated_at_utc0, d.updated_by_id AS updated_by_id0
    FROM tasks AS t
    LEFT JOIN departments AS d ON t.department_id = d.id
    WHERE NOT (t.is_deleted) AND t.id = @request_Id
    LIMIT 1
) AS s
LEFT JOIN (
    SELECT t0.task_item_id, t0.member_id, t2.id
    FROM task_assignees AS t0
    INNER JOIN (
        SELECT t1.id, t1.is_deleted
        FROM tasks AS t1
        WHERE NOT (t1.is_deleted)
    ) AS t2 ON t0.task_item_id = t2.id
    WHERE NOT (t2.is_deleted)
) AS s0 ON s.id = s0.task_item_id
LEFT JOIN (
    SELECT t3.id, t3.author_id, t3.created_at_utc, t3.created_by_id, t3.task_item_id, t3.text, t3.updated_at_utc, t3.updated_by_id, t5.id AS id0
    FROM task_comments AS t3
    INNER JOIN (
        SELECT t4.id, t4.is_deleted
        FROM tasks AS t4
        WHERE NOT (t4.is_deleted)
    ) AS t5 ON t3.task_item_id = t5.id
    WHERE NOT (t5.is_deleted)
) AS s1 ON s.id = s1.task_item_id
LEFT JOIN (
    SELECT t6.id, t6.content_type, t6.created_at_utc, t6.created_by_id, t6.original_file_name, t6.size_bytes, t6.storage_key, t6.task_item_id, t6.updated_at_utc, t6.updated_by_id, t6.uploaded_at_utc, t6.uploaded_by_id, t8.id AS id0
    FROM task_documents AS t6
    INNER JOIN (
        SELECT t7.id, t7.is_deleted
        FROM tasks AS t7
        WHERE NOT (t7.is_deleted)
    ) AS t8 ON t6.task_item_id = t8.id
    WHERE NOT (t8.is_deleted)
) AS s2 ON s.id = s2.task_item_id
ORDER BY s.id, s.id0, s0.task_item_id, s0.member_id, s0.id, s1.id, s1.id0, s2.id
2026-08-14 13:14:49.781 +03:00 [INF] Handled GetTaskQuery for user "e71006a3-891c-4459-aa20-bf6c6d8cab84" in 1 ms
2026-08-14 13:14:49.781 +03:00 [WRN] Handled not_found (404): Task with key '00000000-0000-0000-0000-000000000001' was not found.
2026-08-14 13:14:49.781 +03:00 [INF] HTTP GET /api/v1/tasks/00000000-0000-0000-0000-000000000001 responded 404 in 3.6340 ms
2026-08-14 13:14:51.777 +03:00 [INF] Executed DbCommand (1ms) [Parameters=[@p='?' (DbType = Guid)], CommandType='"Text"', CommandTimeout='30']
SELECT a.id, a.access_failed_count, a.concurrency_stamp, a.department_id, a.email, a.email_confirmed, a.full_name, a.joined_on, a.lockout_enabled, a.lockout_end, a.must_change_password, a.normalized_email, a.normalized_user_name, a.password_hash, a.phone_number, a.phone_number_confirmed, a.photo_url, a.role, a.security_stamp, a.status, a.two_factor_enabled, a.user_name
FROM "AspNetUsers" AS a
WHERE a.id = @p
LIMIT 1
2026-08-14 13:14:51.780 +03:00 [INF] Executed DbCommand (2ms) [Parameters=[@request_Id='?' (DbType = Guid)], CommandType='"Text"', CommandTimeout='30']
SELECT s.id, s.created_at_utc, s.created_by_id, s.deleted_at_utc, s.department_id, s.description, s.due_at_utc, s.due_soon_notified_at_utc, s.is_deleted, s.overdue_notified_at_utc, s.priority, s.scope, s.status, s.title, s.updated_at_utc, s.updated_by_id, s.id0, s.code, s.created_at_utc0, s.created_by_id0, s.description0, s.name, s.updated_at_utc0, s.updated_by_id0, s0.task_item_id, s0.member_id, s0.id, s1.id, s1.author_id, s1.created_at_utc, s1.created_by_id, s1.task_item_id, s1.text, s1.updated_at_utc, s1.updated_by_id, s1.id0, s2.id, s2.content_type, s2.created_at_utc, s2.created_by_id, s2.original_file_name, s2.size_bytes, s2.storage_key, s2.task_item_id, s2.updated_at_utc, s2.updated_by_id, s2.uploaded_at_utc, s2.uploaded_by_id, s2.id0
FROM (
    SELECT t.id, t.created_at_utc, t.created_by_id, t.deleted_at_utc, t.department_id, t.description, t.due_at_utc, t.due_soon_notified_at_utc, t.is_deleted, t.overdue_notified_at_utc, t.priority, t.scope, t.status, t.title, t.updated_at_utc, t.updated_by_id, d.id AS id0, d.code, d.created_at_utc AS created_at_utc0, d.created_by_id AS created_by_id0, d.description AS description0, d.name, d.updated_at_utc AS updated_at_utc0, d.updated_by_id AS updated_by_id0
    FROM tasks AS t
    LEFT JOIN departments AS d ON t.department_id = d.id
    WHERE NOT (t.is_deleted) AND t.id = @request_Id
    LIMIT 1
) AS s
LEFT JOIN (
    SELECT t0.task_item_id, t0.member_id, t2.id
    FROM task_assignees AS t0
    INNER JOIN (
        SELECT t1.id, t1.is_deleted
        FROM tasks AS t1
        WHERE NOT (t1.is_deleted)
    ) AS t2 ON t0.task_item_id = t2.id
    WHERE NOT (t2.is_deleted)
) AS s0 ON s.id = s0.task_item_id
LEFT JOIN (
    SELECT t3.id, t3.author_id, t3.created_at_utc, t3.created_by_id, t3.task_item_id, t3.text, t3.updated_at_utc, t3.updated_by_id, t5.id AS id0
    FROM task_comments AS t3
    INNER JOIN (
        SELECT t4.id, t4.is_deleted
        FROM tasks AS t4
        WHERE NOT (t4.is_deleted)
    ) AS t5 ON t3.task_item_id = t5.id
    WHERE NOT (t5.is_deleted)
) AS s1 ON s.id = s1.task_item_id
LEFT JOIN (
    SELECT t6.id, t6.content_type, t6.created_at_utc, t6.created_by_id, t6.original_file_name, t6.size_bytes, t6.storage_key, t6.task_item_id, t6.updated_at_utc, t6.updated_by_id, t6.uploaded_at_utc, t6.uploaded_by_id, t8.id AS id0
    FROM task_documents AS t6
    INNER JOIN (
        SELECT t7.id, t7.is_deleted
        FROM tasks AS t7
        WHERE NOT (t7.is_deleted)
    ) AS t8 ON t6.task_item_id = t8.id
    WHERE NOT (t8.is_deleted)
) AS s2 ON s.id = s2.task_item_id
ORDER BY s.id, s.id0, s0.task_item_id, s0.member_id, s0.id, s1.id, s1.id0, s2.id
2026-08-14 13:14:51.781 +03:00 [INF] Handled GetTaskQuery for user "e71006a3-891c-4459-aa20-bf6c6d8cab84" in 2 ms
2026-08-14 13:14:51.781 +03:00 [WRN] Handled not_found (404): Task with key '00000000-0000-0000-0000-000000000001' was not found.
2026-08-14 13:14:51.781 +03:00 [INF] HTTP GET /api/v1/tasks/00000000-0000-0000-0000-000000000001 responded 404 in 4.7841 ms
2026-08-14 13:14:53.778 +03:00 [INF] Executed DbCommand (1ms) [Parameters=[@p='?' (DbType = Guid)], CommandType='"Text"', CommandTimeout='30']
SELECT a.id, a.access_failed_count, a.concurrency_stamp, a.department_id, a.email, a.email_confirmed, a.full_name, a.joined_on, a.lockout_enabled, a.lockout_end, a.must_change_password, a.normalized_email, a.normalized_user_name, a.password_hash, a.phone_number, a.phone_number_confirmed, a.photo_url, a.role, a.security_stamp, a.status, a.two_factor_enabled, a.user_name
FROM "AspNetUsers" AS a
WHERE a.id = @p
LIMIT 1
2026-08-14 13:14:53.781 +03:00 [INF] Executed DbCommand (2ms) [Parameters=[@request_Id='?' (DbType = Guid)], CommandType='"Text"', CommandTimeout='30']
SELECT s.id, s.created_at_utc, s.created_by_id, s.deleted_at_utc, s.department_id, s.description, s.due_at_utc, s.due_soon_notified_at_utc, s.is_deleted, s.overdue_notified_at_utc, s.priority, s.scope, s.status, s.title, s.updated_at_utc, s.updated_by_id, s.id0, s.code, s.created_at_utc0, s.created_by_id0, s.description0, s.name, s.updated_at_utc0, s.updated_by_id0, s0.task_item_id, s0.member_id, s0.id, s1.id, s1.author_id, s1.created_at_utc, s1.created_by_id, s1.task_item_id, s1.text, s1.updated_at_utc, s1.updated_by_id, s1.id0, s2.id, s2.content_type, s2.created_at_utc, s2.created_by_id, s2.original_file_name, s2.size_bytes, s2.storage_key, s2.task_item_id, s2.updated_at_utc, s2.updated_by_id, s2.uploaded_at_utc, s2.uploaded_by_id, s2.id0
FROM (
    SELECT t.id, t.created_at_utc, t.created_by_id, t.deleted_at_utc, t.department_id, t.description, t.due_at_utc, t.due_soon_notified_at_utc, t.is_deleted, t.overdue_notified_at_utc, t.priority, t.scope, t.status, t.title, t.updated_at_utc, t.updated_by_id, d.id AS id0, d.code, d.created_at_utc AS created_at_utc0, d.created_by_id AS created_by_id0, d.description AS description0, d.name, d.updated_at_utc AS updated_at_utc0, d.updated_by_id AS updated_by_id0
    FROM tasks AS t
    LEFT JOIN departments AS d ON t.department_id = d.id
    WHERE NOT (t.is_deleted) AND t.id = @request_Id
    LIMIT 1
) AS s
LEFT JOIN (
    SELECT t0.task_item_id, t0.member_id, t2.id
    FROM task_assignees AS t0
    INNER JOIN (
        SELECT t1.id, t1.is_deleted
        FROM tasks AS t1
        WHERE NOT (t1.is_deleted)
    ) AS t2 ON t0.task_item_id = t2.id
    WHERE NOT (t2.is_deleted)
) AS s0 ON s.id = s0.task_item_id
LEFT JOIN (
    SELECT t3.id, t3.author_id, t3.created_at_utc, t3.created_by_id, t3.task_item_id, t3.text, t3.updated_at_utc, t3.updated_by_id, t5.id AS id0
    FROM task_comments AS t3
    INNER JOIN (
        SELECT t4.id, t4.is_deleted
        FROM tasks AS t4
        WHERE NOT (t4.is_deleted)
    ) AS t5 ON t3.task_item_id = t5.id
    WHERE NOT (t5.is_deleted)
) AS s1 ON s.id = s1.task_item_id
LEFT JOIN (
    SELECT t6.id, t6.content_type, t6.created_at_utc, t6.created_by_id, t6.original_file_name, t6.size_bytes, t6.storage_key, t6.task_item_id, t6.updated_at_utc, t6.updated_by_id, t6.uploaded_at_utc, t6.uploaded_by_id, t8.id AS id0
    FROM task_documents AS t6
    INNER JOIN (
        SELECT t7.id, t7.is_deleted
        FROM tasks AS t7
        WHERE NOT (t7.is_deleted)
    ) AS t8 ON t6.task_item_id = t8.id
    WHERE NOT (t8.is_deleted)
) AS s2 ON s.id = s2.task_item_id
ORDER BY s.id, s.id0, s0.task_item_id, s0.member_id, s0.id, s1.id, s1.id0, s2.id
2026-08-14 13:14:53.781 +03:00 [INF] Handled GetTaskQuery for user "e71006a3-891c-4459-aa20-bf6c6d8cab84" in 2 ms
2026-08-14 13:14:53.781 +03:00 [WRN] Handled not_found (404): Task with key '00000000-0000-0000-0000-000000000001' was not found.
2026-08-14 13:14:53.782 +03:00 [INF] HTTP GET /api/v1/tasks/00000000-0000-0000-0000-000000000001 responded 404 in 5.0173 ms
2026-08-14 13:14:55.777 +03:00 [INF] Executed DbCommand (1ms) [Parameters=[@p='?' (DbType = Guid)], CommandType='"Text"', CommandTimeout='30']
SELECT a.id, a.access_failed_count, a.concurrency_stamp, a.department_id, a.email, a.email_confirmed, a.full_name, a.joined_on, a.lockout_enabled, a.lockout_end, a.must_change_password, a.normalized_email, a.normalized_user_name, a.password_hash, a.phone_number, a.phone_number_confirmed, a.photo_url, a.role, a.security_stamp, a.status, a.two_factor_enabled, a.user_name
FROM "AspNetUsers" AS a
WHERE a.id = @p
LIMIT 1
2026-08-14 13:14:55.779 +03:00 [INF] Executed DbCommand (1ms) [Parameters=[@request_Id='?' (DbType = Guid)], CommandType='"Text"', CommandTimeout='30']
SELECT s.id, s.created_at_utc, s.created_by_id, s.deleted_at_utc, s.department_id, s.description, s.due_at_utc, s.due_soon_notified_at_utc, s.is_deleted, s.overdue_notified_at_utc, s.priority, s.scope, s.status, s.title, s.updated_at_utc, s.updated_by_id, s.id0, s.code, s.created_at_utc0, s.created_by_id0, s.description0, s.name, s.updated_at_utc0, s.updated_by_id0, s0.task_item_id, s0.member_id, s0.id, s1.id, s1.author_id, s1.created_at_utc, s1.created_by_id, s1.task_item_id, s1.text, s1.updated_at_utc, s1.updated_by_id, s1.id0, s2.id, s2.content_type, s2.created_at_utc, s2.created_by_id, s2.original_file_name, s2.size_bytes, s2.storage_key, s2.task_item_id, s2.updated_at_utc, s2.updated_by_id, s2.uploaded_at_utc, s2.uploaded_by_id, s2.id0
FROM (
    SELECT t.id, t.created_at_utc, t.created_by_id, t.deleted_at_utc, t.department_id, t.description, t.due_at_utc, t.due_soon_notified_at_utc, t.is_deleted, t.overdue_notified_at_utc, t.priority, t.scope, t.status, t.title, t.updated_at_utc, t.updated_by_id, d.id AS id0, d.code, d.created_at_utc AS created_at_utc0, d.created_by_id AS created_by_id0, d.description AS description0, d.name, d.updated_at_utc AS updated_at_utc0, d.updated_by_id AS updated_by_id0
    FROM tasks AS t
    LEFT JOIN departments AS d ON t.department_id = d.id
    WHERE NOT (t.is_deleted) AND t.id = @request_Id
    LIMIT 1
) AS s
LEFT JOIN (
    SELECT t0.task_item_id, t0.member_id, t2.id
    FROM task_assignees AS t0
    INNER JOIN (
        SELECT t1.id, t1.is_deleted
        FROM tasks AS t1
        WHERE NOT (t1.is_deleted)
    ) AS t2 ON t0.task_item_id = t2.id
    WHERE NOT (t2.is_deleted)
) AS s0 ON s.id = s0.task_item_id
LEFT JOIN (
    SELECT t3.id, t3.author_id, t3.created_at_utc, t3.created_by_id, t3.task_item_id, t3.text, t3.updated_at_utc, t3.updated_by_id, t5.id AS id0
    FROM task_comments AS t3
    INNER JOIN (
        SELECT t4.id, t4.is_deleted
        FROM tasks AS t4
        WHERE NOT (t4.is_deleted)
    ) AS t5 ON t3.task_item_id = t5.id
    WHERE NOT (t5.is_deleted)
) AS s1 ON s.id = s1.task_item_id
LEFT JOIN (
    SELECT t6.id, t6.content_type, t6.created_at_utc, t6.created_by_id, t6.original_file_name, t6.size_bytes, t6.storage_key, t6.task_item_id, t6.updated_at_utc, t6.updated_by_id, t6.uploaded_at_utc, t6.uploaded_by_id, t8.id AS id0
    FROM task_documents AS t6
    INNER JOIN (
        SELECT t7.id, t7.is_deleted
        FROM tasks AS t7
        WHERE NOT (t7.is_deleted)
    ) AS t8 ON t6.task_item_id = t8.id
    WHERE NOT (t8.is_deleted)
) AS s2 ON s.id = s2.task_item_id
ORDER BY s.id, s.id0, s0.task_item_id, s0.member_id, s0.id, s1.id, s1.id0, s2.id
2026-08-14 13:14:55.780 +03:00 [INF] Handled GetTaskQuery for user "e71006a3-891c-4459-aa20-bf6c6d8cab84" in 1 ms
2026-08-14 13:14:55.780 +03:00 [WRN] Handled not_found (404): Task with key '00000000-0000-0000-0000-000000000001' was not found.
2026-08-14 13:14:55.780 +03:00 [INF] HTTP GET /api/v1/tasks/00000000-0000-0000-0000-000000000001 responded 404 in 3.7167 ms
2026-08-14 13:14:57.778 +03:00 [INF] Executed DbCommand (2ms) [Parameters=[@p='?' (DbType = Guid)], CommandType='"Text"', CommandTimeout='30']
SELECT a.id, a.access_failed_count, a.concurrency_stamp, a.department_id, a.email, a.email_confirmed, a.full_name, a.joined_on, a.lockout_enabled, a.lockout_end, a.must_change_password, a.normalized_email, a.normalized_user_name, a.password_hash, a.phone_number, a.phone_number_confirmed, a.photo_url, a.role, a.security_stamp, a.status, a.two_factor_enabled, a.user_name
FROM "AspNetUsers" AS a
WHERE a.id = @p
LIMIT 1
2026-08-14 13:14:57.781 +03:00 [INF] Executed DbCommand (2ms) [Parameters=[@request_Id='?' (DbType = Guid)], CommandType='"Text"', CommandTimeout='30']
SELECT s.id, s.created_at_utc, s.created_by_id, s.deleted_at_utc, s.department_id, s.description, s.due_at_utc, s.due_soon_notified_at_utc, s.is_deleted, s.overdue_notified_at_utc, s.priority, s.scope, s.status, s.title, s.updated_at_utc, s.updated_by_id, s.id0, s.code, s.created_at_utc0, s.created_by_id0, s.description0, s.name, s.updated_at_utc0, s.updated_by_id0, s0.task_item_id, s0.member_id, s0.id, s1.id, s1.author_id, s1.created_at_utc, s1.created_by_id, s1.task_item_id, s1.text, s1.updated_at_utc, s1.updated_by_id, s1.id0, s2.id, s2.content_type, s2.created_at_utc, s2.created_by_id, s2.original_file_name, s2.size_bytes, s2.storage_key, s2.task_item_id, s2.updated_at_utc, s2.updated_by_id, s2.uploaded_at_utc, s2.uploaded_by_id, s2.id0
FROM (
    SELECT t.id, t.created_at_utc, t.created_by_id, t.deleted_at_utc, t.department_id, t.description, t.due_at_utc, t.due_soon_notified_at_utc, t.is_deleted, t.overdue_notified_at_utc, t.priority, t.scope, t.status, t.title, t.updated_at_utc, t.updated_by_id, d.id AS id0, d.code, d.created_at_utc AS created_at_utc0, d.created_by_id AS created_by_id0, d.description AS description0, d.name, d.updated_at_utc AS updated_at_utc0, d.updated_by_id AS updated_by_id0
    FROM tasks AS t
    LEFT JOIN departments AS d ON t.department_id = d.id
    WHERE NOT (t.is_deleted) AND t.id = @request_Id
    LIMIT 1
) AS s
LEFT JOIN (
    SELECT t0.task_item_id, t0.member_id, t2.id
    FROM task_assignees AS t0
    INNER JOIN (
        SELECT t1.id, t1.is_deleted
        FROM tasks AS t1
        WHERE NOT (t1.is_deleted)
    ) AS t2 ON t0.task_item_id = t2.id
    WHERE NOT (t2.is_deleted)
) AS s0 ON s.id = s0.task_item_id
LEFT JOIN (
    SELECT t3.id, t3.author_id, t3.created_at_utc, t3.created_by_id, t3.task_item_id, t3.text, t3.updated_at_utc, t3.updated_by_id, t5.id AS id0
    FROM task_comments AS t3
    INNER JOIN (
        SELECT t4.id, t4.is_deleted
        FROM tasks AS t4
        WHERE NOT (t4.is_deleted)
    ) AS t5 ON t3.task_item_id = t5.id
    WHERE NOT (t5.is_deleted)
) AS s1 ON s.id = s1.task_item_id
LEFT JOIN (
    SELECT t6.id, t6.content_type, t6.created_at_utc, t6.created_by_id, t6.original_file_name, t6.size_bytes, t6.storage_key, t6.task_item_id, t6.updated_at_utc, t6.updated_by_id, t6.uploaded_at_utc, t6.uploaded_by_id, t8.id AS id0
    FROM task_documents AS t6
    INNER JOIN (
        SELECT t7.id, t7.is_deleted
        FROM tasks AS t7
        WHERE NOT (t7.is_deleted)
    ) AS t8 ON t6.task_item_id = t8.id
    WHERE NOT (t8.is_deleted)
) AS s2 ON s.id = s2.task_item_id
ORDER BY s.id, s.id0, s0.task_item_id, s0.member_id, s0.id, s1.id, s1.id0, s2.id
2026-08-14 13:14:57.781 +03:00 [INF] Handled GetTaskQuery for user "e71006a3-891c-4459-aa20-bf6c6d8cab84" in 2 ms
2026-08-14 13:14:57.781 +03:00 [WRN] Handled not_found (404): Task with key '00000000-0000-0000-0000-000000000001' was not found.
2026-08-14 13:14:57.781 +03:00 [INF] HTTP GET /api/v1/tasks/00000000-0000-0000-0000-000000000001 responded 404 in 7.9987 ms
2026-08-14 13:14:58.771 +03:00 [INF] Executed DbCommand (1ms) [Parameters=[@p='?' (DbType = Guid)], CommandType='"Text"', CommandTimeout='30']
SELECT a.id, a.access_failed_count, a.concurrency_stamp, a.department_id, a.email, a.email_confirmed, a.full_name, a.joined_on, a.lockout_enabled, a.lockout_end, a.must_change_password, a.normalized_email, a.normalized_user_name, a.password_hash, a.phone_number, a.phone_number_confirmed, a.photo_url, a.role, a.security_stamp, a.status, a.two_factor_enabled, a.user_name
FROM "AspNetUsers" AS a
WHERE a.id = @p
LIMIT 1
2026-08-14 13:14:58.773 +03:00 [INF] Executed DbCommand (2ms) [Parameters=[@request_Id='?' (DbType = Guid)], CommandType='"Text"', CommandTimeout='30']
SELECT s.id, s.created_at_utc, s.created_by_id, s.deleted_at_utc, s.department_id, s.description, s.due_at_utc, s.due_soon_notified_at_utc, s.is_deleted, s.overdue_notified_at_utc, s.priority, s.scope, s.status, s.title, s.updated_at_utc, s.updated_by_id, s.id0, s.code, s.created_at_utc0, s.created_by_id0, s.description0, s.name, s.updated_at_utc0, s.updated_by_id0, s0.task_item_id, s0.member_id, s0.id, s1.id, s1.author_id, s1.created_at_utc, s1.created_by_id, s1.task_item_id, s1.text, s1.updated_at_utc, s1.updated_by_id, s1.id0, s2.id, s2.content_type, s2.created_at_utc, s2.created_by_id, s2.original_file_name, s2.size_bytes, s2.storage_key, s2.task_item_id, s2.updated_at_utc, s2.updated_by_id, s2.uploaded_at_utc, s2.uploaded_by_id, s2.id0
FROM (
    SELECT t.id, t.created_at_utc, t.created_by_id, t.deleted_at_utc, t.department_id, t.description, t.due_at_utc, t.due_soon_notified_at_utc, t.is_deleted, t.overdue_notified_at_utc, t.priority, t.scope, t.status, t.title, t.updated_at_utc, t.updated_by_id, d.id AS id0, d.code, d.created_at_utc AS created_at_utc0, d.created_by_id AS created_by_id0, d.description AS description0, d.name, d.updated_at_utc AS updated_at_utc0, d.updated_by_id AS updated_by_id0
    FROM tasks AS t
    LEFT JOIN departments AS d ON t.department_id = d.id
    WHERE NOT (t.is_deleted) AND t.id = @request_Id
    LIMIT 1
) AS s
LEFT JOIN (
    SELECT t0.task_item_id, t0.member_id, t2.id
    FROM task_assignees AS t0
    INNER JOIN (
        SELECT t1.id, t1.is_deleted
        FROM tasks AS t1
        WHERE NOT (t1.is_deleted)
    ) AS t2 ON t0.task_item_id = t2.id
    WHERE NOT (t2.is_deleted)
) AS s0 ON s.id = s0.task_item_id
LEFT JOIN (
    SELECT t3.id, t3.author_id, t3.created_at_utc, t3.created_by_id, t3.task_item_id, t3.text, t3.updated_at_utc, t3.updated_by_id, t5.id AS id0
    FROM task_comments AS t3
    INNER JOIN (
        SELECT t4.id, t4.is_deleted
        FROM tasks AS t4
        WHERE NOT (t4.is_deleted)
    ) AS t5 ON t3.task_item_id = t5.id
    WHERE NOT (t5.is_deleted)
) AS s1 ON s.id = s1.task_item_id
LEFT JOIN (
    SELECT t6.id, t6.content_type, t6.created_at_utc, t6.created_by_id, t6.original_file_name, t6.size_bytes, t6.storage_key, t6.task_item_id, t6.updated_at_utc, t6.updated_by_id, t6.uploaded_at_utc, t6.uploaded_by_id, t8.id AS id0
    FROM task_documents AS t6
    INNER JOIN (
        SELECT t7.id, t7.is_deleted
        FROM tasks AS t7
        WHERE NOT (t7.is_deleted)
    ) AS t8 ON t6.task_item_id = t8.id
    WHERE NOT (t8.is_deleted)
) AS s2 ON s.id = s2.task_item_id
ORDER BY s.id, s.id0, s0.task_item_id, s0.member_id, s0.id, s1.id, s1.id0, s2.id
2026-08-14 13:14:58.773 +03:00 [INF] Handled GetTaskQuery for user "e71006a3-891c-4459-aa20-bf6c6d8cab84" in 1 ms
2026-08-14 13:14:58.774 +03:00 [WRN] Handled not_found (404): Task with key '00000000-0000-0000-0000-000000000001' was not found.
2026-08-14 13:14:58.774 +03:00 [INF] HTTP GET /api/v1/tasks/00000000-0000-0000-0000-000000000001 responded 404 in 3.6830 ms
2026-08-14 13:15:03.776 +03:00 [INF] Executed DbCommand (1ms) [Parameters=[@p='?' (DbType = Guid)], CommandType='"Text"', CommandTimeout='30']
SELECT a.id, a.access_failed_count, a.concurrency_stamp, a.department_id, a.email, a.email_confirmed, a.full_name, a.joined_on, a.lockout_enabled, a.lockout_end, a.must_change_password, a.normalized_email, a.normalized_user_name, a.password_hash, a.phone_number, a.phone_number_confirmed, a.photo_url, a.role, a.security_stamp, a.status, a.two_factor_enabled, a.user_name
FROM "AspNetUsers" AS a
WHERE a.id = @p
LIMIT 1
2026-08-14 13:15:03.780 +03:00 [INF] Executed DbCommand (2ms) [Parameters=[@request_Id='?' (DbType = Guid)], CommandType='"Text"', CommandTimeout='30']
SELECT s.id, s.created_at_utc, s.created_by_id, s.deleted_at_utc, s.department_id, s.description, s.due_at_utc, s.due_soon_notified_at_utc, s.is_deleted, s.overdue_notified_at_utc, s.priority, s.scope, s.status, s.title, s.updated_at_utc, s.updated_by_id, s.id0, s.code, s.created_at_utc0, s.created_by_id0, s.description0, s.name, s.updated_at_utc0, s.updated_by_id0, s0.task_item_id, s0.member_id, s0.id, s1.id, s1.author_id, s1.created_at_utc, s1.created_by_id, s1.task_item_id, s1.text, s1.updated_at_utc, s1.updated_by_id, s1.id0, s2.id, s2.content_type, s2.created_at_utc, s2.created_by_id, s2.original_file_name, s2.size_bytes, s2.storage_key, s2.task_item_id, s2.updated_at_utc, s2.updated_by_id, s2.uploaded_at_utc, s2.uploaded_by_id, s2.id0
FROM (
    SELECT t.id, t.created_at_utc, t.created_by_id, t.deleted_at_utc, t.department_id, t.description, t.due_at_utc, t.due_soon_notified_at_utc, t.is_deleted, t.overdue_notified_at_utc, t.priority, t.scope, t.status, t.title, t.updated_at_utc, t.updated_by_id, d.id AS id0, d.code, d.created_at_utc AS created_at_utc0, d.created_by_id AS created_by_id0, d.description AS description0, d.name, d.updated_at_utc AS updated_at_utc0, d.updated_by_id AS updated_by_id0
    FROM tasks AS t
    LEFT JOIN departments AS d ON t.department_id = d.id
    WHERE NOT (t.is_deleted) AND t.id = @request_Id
    LIMIT 1
) AS s
LEFT JOIN (
    SELECT t0.task_item_id, t0.member_id, t2.id
    FROM task_assignees AS t0
    INNER JOIN (
        SELECT t1.id, t1.is_deleted
        FROM tasks AS t1
        WHERE NOT (t1.is_deleted)
    ) AS t2 ON t0.task_item_id = t2.id
    WHERE NOT (t2.is_deleted)
) AS s0 ON s.id = s0.task_item_id
LEFT JOIN (
    SELECT t3.id, t3.author_id, t3.created_at_utc, t3.created_by_id, t3.task_item_id, t3.text, t3.updated_at_utc, t3.updated_by_id, t5.id AS id0
    FROM task_comments AS t3
    INNER JOIN (
        SELECT t4.id, t4.is_deleted
        FROM tasks AS t4
        WHERE NOT (t4.is_deleted)
    ) AS t5 ON t3.task_item_id = t5.id
    WHERE NOT (t5.is_deleted)
) AS s1 ON s.id = s1.task_item_id
LEFT JOIN (
    SELECT t6.id, t6.content_type, t6.created_at_utc, t6.created_by_id, t6.original_file_name, t6.size_bytes, t6.storage_key, t6.task_item_id, t6.updated_at_utc, t6.updated_by_id, t6.uploaded_at_utc, t6.uploaded_by_id, t8.id AS id0
    FROM task_documents AS t6
    INNER JOIN (
        SELECT t7.id, t7.is_deleted
        FROM tasks AS t7
        WHERE NOT (t7.is_deleted)
    ) AS t8 ON t6.task_item_id = t8.id
    WHERE NOT (t8.is_deleted)
) AS s2 ON s.id = s2.task_item_id
ORDER BY s.id, s.id0, s0.task_item_id, s0.member_id, s0.id, s1.id, s1.id0, s2.id
2026-08-14 13:15:03.781 +03:00 [INF] Handled GetTaskQuery for user "e71006a3-891c-4459-aa20-bf6c6d8cab84" in 2 ms
2026-08-14 13:15:03.781 +03:00 [WRN] Handled not_found (404): Task with key '00000000-0000-0000-0000-000000000001' was not found.
2026-08-14 13:15:03.783 +03:00 [INF] HTTP GET /api/v1/tasks/00000000-0000-0000-0000-000000000001 responded 404 in 10.7259 ms
2026-08-14 13:15:08.774 +03:00 [INF] Executed DbCommand (2ms) [Parameters=[@p='?' (DbType = Guid)], CommandType='"Text"', CommandTimeout='30']
SELECT a.id, a.access_failed_count, a.concurrency_stamp, a.department_id, a.email, a.email_confirmed, a.full_name, a.joined_on, a.lockout_enabled, a.lockout_end, a.must_change_password, a.normalized_email, a.normalized_user_name, a.password_hash, a.phone_number, a.phone_number_confirmed, a.photo_url, a.role, a.security_stamp, a.status, a.two_factor_enabled, a.user_name
FROM "AspNetUsers" AS a
WHERE a.id = @p
LIMIT 1
2026-08-14 13:15:08.779 +03:00 [INF] Executed DbCommand (4ms) [Parameters=[@request_Id='?' (DbType = Guid)], CommandType='"Text"', CommandTimeout='30']
SELECT s.id, s.created_at_utc, s.created_by_id, s.deleted_at_utc, s.department_id, s.description, s.due_at_utc, s.due_soon_notified_at_utc, s.is_deleted, s.overdue_notified_at_utc, s.priority, s.scope, s.status, s.title, s.updated_at_utc, s.updated_by_id, s.id0, s.code, s.created_at_utc0, s.created_by_id0, s.description0, s.name, s.updated_at_utc0, s.updated_by_id0, s0.task_item_id, s0.member_id, s0.id, s1.id, s1.author_id, s1.created_at_utc, s1.created_by_id, s1.task_item_id, s1.text, s1.updated_at_utc, s1.updated_by_id, s1.id0, s2.id, s2.content_type, s2.created_at_utc, s2.created_by_id, s2.original_file_name, s2.size_bytes, s2.storage_key, s2.task_item_id, s2.updated_at_utc, s2.updated_by_id, s2.uploaded_at_utc, s2.uploaded_by_id, s2.id0
FROM (
    SELECT t.id, t.created_at_utc, t.created_by_id, t.deleted_at_utc, t.department_id, t.description, t.due_at_utc, t.due_soon_notified_at_utc, t.is_deleted, t.overdue_notified_at_utc, t.priority, t.scope, t.status, t.title, t.updated_at_utc, t.updated_by_id, d.id AS id0, d.code, d.created_at_utc AS created_at_utc0, d.created_by_id AS created_by_id0, d.description AS description0, d.name, d.updated_at_utc AS updated_at_utc0, d.updated_by_id AS updated_by_id0
    FROM tasks AS t
    LEFT JOIN departments AS d ON t.department_id = d.id
    WHERE NOT (t.is_deleted) AND t.id = @request_Id
    LIMIT 1
) AS s
LEFT JOIN (
    SELECT t0.task_item_id, t0.member_id, t2.id
    FROM task_assignees AS t0
    INNER JOIN (
        SELECT t1.id, t1.is_deleted
        FROM tasks AS t1
        WHERE NOT (t1.is_deleted)
    ) AS t2 ON t0.task_item_id = t2.id
    WHERE NOT (t2.is_deleted)
) AS s0 ON s.id = s0.task_item_id
LEFT JOIN (
    SELECT t3.id, t3.author_id, t3.created_at_utc, t3.created_by_id, t3.task_item_id, t3.text, t3.updated_at_utc, t3.updated_by_id, t5.id AS id0
    FROM task_comments AS t3
    INNER JOIN (
        SELECT t4.id, t4.is_deleted
        FROM tasks AS t4
        WHERE NOT (t4.is_deleted)
    ) AS t5 ON t3.task_item_id = t5.id
    WHERE NOT (t5.is_deleted)
) AS s1 ON s.id = s1.task_item_id
LEFT JOIN (
    SELECT t6.id, t6.content_type, t6.created_at_utc, t6.created_by_id, t6.original_file_name, t6.size_bytes, t6.storage_key, t6.task_item_id, t6.updated_at_utc, t6.updated_by_id, t6.uploaded_at_utc, t6.uploaded_by_id, t8.id AS id0
    FROM task_documents AS t6
    INNER JOIN (
        SELECT t7.id, t7.is_deleted
        FROM tasks AS t7
        WHERE NOT (t7.is_deleted)
    ) AS t8 ON t6.task_item_id = t8.id
    WHERE NOT (t8.is_deleted)
) AS s2 ON s.id = s2.task_item_id
ORDER BY s.id, s.id0, s0.task_item_id, s0.member_id, s0.id, s1.id, s1.id0, s2.id
2026-08-14 13:15:08.779 +03:00 [INF] Handled GetTaskQuery for user "e71006a3-891c-4459-aa20-bf6c6d8cab84" in 4 ms
2026-08-14 13:15:08.780 +03:00 [WRN] Handled not_found (404): Task with key '00000000-0000-0000-0000-000000000001' was not found.
2026-08-14 13:15:08.780 +03:00 [INF] HTTP GET /api/v1/tasks/00000000-0000-0000-0000-000000000001 responded 404 in 8.0828 ms
2026-08-14 13:15:09.778 +03:00 [INF] Executed DbCommand (1ms) [Parameters=[@p='?' (DbType = Guid)], CommandType='"Text"', CommandTimeout='30']
SELECT a.id, a.access_failed_count, a.concurrency_stamp, a.department_id, a.email, a.email_confirmed, a.full_name, a.joined_on, a.lockout_enabled, a.lockout_end, a.must_change_password, a.normalized_email, a.normalized_user_name, a.password_hash, a.phone_number, a.phone_number_confirmed, a.photo_url, a.role, a.security_stamp, a.status, a.two_factor_enabled, a.user_name
FROM "AspNetUsers" AS a
WHERE a.id = @p
LIMIT 1
2026-08-14 13:15:09.781 +03:00 [INF] Executed DbCommand (2ms) [Parameters=[@request_Id='?' (DbType = Guid)], CommandType='"Text"', CommandTimeout='30']
SELECT s.id, s.created_at_utc, s.created_by_id, s.deleted_at_utc, s.department_id, s.description, s.due_at_utc, s.due_soon_notified_at_utc, s.is_deleted, s.overdue_notified_at_utc, s.priority, s.scope, s.status, s.title, s.updated_at_utc, s.updated_by_id, s.id0, s.code, s.created_at_utc0, s.created_by_id0, s.description0, s.name, s.updated_at_utc0, s.updated_by_id0, s0.task_item_id, s0.member_id, s0.id, s1.id, s1.author_id, s1.created_at_utc, s1.created_by_id, s1.task_item_id, s1.text, s1.updated_at_utc, s1.updated_by_id, s1.id0, s2.id, s2.content_type, s2.created_at_utc, s2.created_by_id, s2.original_file_name, s2.size_bytes, s2.storage_key, s2.task_item_id, s2.updated_at_utc, s2.updated_by_id, s2.uploaded_at_utc, s2.uploaded_by_id, s2.id0
FROM (
    SELECT t.id, t.created_at_utc, t.created_by_id, t.deleted_at_utc, t.department_id, t.description, t.due_at_utc, t.due_soon_notified_at_utc, t.is_deleted, t.overdue_notified_at_utc, t.priority, t.scope, t.status, t.title, t.updated_at_utc, t.updated_by_id, d.id AS id0, d.code, d.created_at_utc AS created_at_utc0, d.created_by_id AS created_by_id0, d.description AS description0, d.name, d.updated_at_utc AS updated_at_utc0, d.updated_by_id AS updated_by_id0
    FROM tasks AS t
    LEFT JOIN departments AS d ON t.department_id = d.id
    WHERE NOT (t.is_deleted) AND t.id = @request_Id
    LIMIT 1
) AS s
LEFT JOIN (
    SELECT t0.task_item_id, t0.member_id, t2.id
    FROM task_assignees AS t0
    INNER JOIN (
        SELECT t1.id, t1.is_deleted
        FROM tasks AS t1
        WHERE NOT (t1.is_deleted)
    ) AS t2 ON t0.task_item_id = t2.id
    WHERE NOT (t2.is_deleted)
) AS s0 ON s.id = s0.task_item_id
LEFT JOIN (
    SELECT t3.id, t3.author_id, t3.created_at_utc, t3.created_by_id, t3.task_item_id, t3.text, t3.updated_at_utc, t3.updated_by_id, t5.id AS id0
    FROM task_comments AS t3
    INNER JOIN (
        SELECT t4.id, t4.is_deleted
        FROM tasks AS t4
        WHERE NOT (t4.is_deleted)
    ) AS t5 ON t3.task_item_id = t5.id
    WHERE NOT (t5.is_deleted)
) AS s1 ON s.id = s1.task_item_id
LEFT JOIN (
    SELECT t6.id, t6.content_type, t6.created_at_utc, t6.created_by_id, t6.original_file_name, t6.size_bytes, t6.storage_key, t6.task_item_id, t6.updated_at_utc, t6.updated_by_id, t6.uploaded_at_utc, t6.uploaded_by_id, t8.id AS id0
    FROM task_documents AS t6
    INNER JOIN (
        SELECT t7.id, t7.is_deleted
        FROM tasks AS t7
        WHERE NOT (t7.is_deleted)
    ) AS t8 ON t6.task_item_id = t8.id
    WHERE NOT (t8.is_deleted)
) AS s2 ON s.id = s2.task_item_id
ORDER BY s.id, s.id0, s0.task_item_id, s0.member_id, s0.id, s1.id, s1.id0, s2.id
2026-08-14 13:15:09.781 +03:00 [INF] Handled GetTaskQuery for user "e71006a3-891c-4459-aa20-bf6c6d8cab84" in 2 ms
2026-08-14 13:15:09.781 +03:00 [WRN] Handled not_found (404): Task with key '00000000-0000-0000-0000-000000000001' was not found.
2026-08-14 13:15:09.781 +03:00 [INF] HTTP GET /api/v1/tasks/00000000-0000-0000-0000-000000000001 responded 404 in 5.6145 ms
2026-08-14 13:15:11.057 +03:00 [INF] Executed DbCommand (1ms) [Parameters=[@p='?' (DbType = Guid)], CommandType='"Text"', CommandTimeout='30']
SELECT a.id, a.access_failed_count, a.concurrency_stamp, a.department_id, a.email, a.email_confirmed, a.full_name, a.joined_on, a.lockout_enabled, a.lockout_end, a.must_change_password, a.normalized_email, a.normalized_user_name, a.password_hash, a.phone_number, a.phone_number_confirmed, a.photo_url, a.role, a.security_stamp, a.status, a.two_factor_enabled, a.user_name
FROM "AspNetUsers" AS a
WHERE a.id = @p
LIMIT 1
2026-08-14 13:15:11.060 +03:00 [INF] Executed DbCommand (2ms) [Parameters=[@request_Id='?' (DbType = Guid)], CommandType='"Text"', CommandTimeout='30']
SELECT s.id, s.created_at_utc, s.created_by_id, s.deleted_at_utc, s.department_id, s.description, s.due_at_utc, s.due_soon_notified_at_utc, s.is_deleted, s.overdue_notified_at_utc, s.priority, s.scope, s.status, s.title, s.updated_at_utc, s.updated_by_id, s.id0, s.code, s.created_at_utc0, s.created_by_id0, s.description0, s.name, s.updated_at_utc0, s.updated_by_id0, s0.task_item_id, s0.member_id, s0.id, s1.id, s1.author_id, s1.created_at_utc, s1.created_by_id, s1.task_item_id, s1.text, s1.updated_at_utc, s1.updated_by_id, s1.id0, s2.id, s2.content_type, s2.created_at_utc, s2.created_by_id, s2.original_file_name, s2.size_bytes, s2.storage_key, s2.task_item_id, s2.updated_at_utc, s2.updated_by_id, s2.uploaded_at_utc, s2.uploaded_by_id, s2.id0
FROM (
    SELECT t.id, t.created_at_utc, t.created_by_id, t.deleted_at_utc, t.department_id, t.description, t.due_at_utc, t.due_soon_notified_at_utc, t.is_deleted, t.overdue_notified_at_utc, t.priority, t.scope, t.status, t.title, t.updated_at_utc, t.updated_by_id, d.id AS id0, d.code, d.created_at_utc AS created_at_utc0, d.created_by_id AS created_by_id0, d.description AS description0, d.name, d.updated_at_utc AS updated_at_utc0, d.updated_by_id AS updated_by_id0
    FROM tasks AS t
    LEFT JOIN departments AS d ON t.department_id = d.id
    WHERE NOT (t.is_deleted) AND t.id = @request_Id
    LIMIT 1
) AS s
LEFT JOIN (
    SELECT t0.task_item_id, t0.member_id, t2.id
    FROM task_assignees AS t0
    INNER JOIN (
        SELECT t1.id, t1.is_deleted
        FROM tasks AS t1
        WHERE NOT (t1.is_deleted)
    ) AS t2 ON t0.task_item_id = t2.id
    WHERE NOT (t2.is_deleted)
) AS s0 ON s.id = s0.task_item_id
LEFT JOIN (
    SELECT t3.id, t3.author_id, t3.created_at_utc, t3.created_by_id, t3.task_item_id, t3.text, t3.updated_at_utc, t3.updated_by_id, t5.id AS id0
    FROM task_comments AS t3
    INNER JOIN (
        SELECT t4.id, t4.is_deleted
        FROM tasks AS t4
        WHERE NOT (t4.is_deleted)
    ) AS t5 ON t3.task_item_id = t5.id
    WHERE NOT (t5.is_deleted)
) AS s1 ON s.id = s1.task_item_id
LEFT JOIN (
    SELECT t6.id, t6.content_type, t6.created_at_utc, t6.created_by_id, t6.original_file_name, t6.size_bytes, t6.storage_key, t6.task_item_id, t6.updated_at_utc, t6.updated_by_id, t6.uploaded_at_utc, t6.uploaded_by_id, t8.id AS id0
    FROM task_documents AS t6
    INNER JOIN (
        SELECT t7.id, t7.is_deleted
        FROM tasks AS t7
        WHERE NOT (t7.is_deleted)
    ) AS t8 ON t6.task_item_id = t8.id
    WHERE NOT (t8.is_deleted)
) AS s2 ON s.id = s2.task_item_id
ORDER BY s.id, s.id0, s0.task_item_id, s0.member_id, s0.id, s1.id, s1.id0, s2.id
2026-08-14 13:15:11.060 +03:00 [INF] Handled GetTaskQuery for user "e71006a3-891c-4459-aa20-bf6c6d8cab84" in 2 ms
2026-08-14 13:15:11.060 +03:00 [WRN] Handled not_found (404): Task with key '00000000-0000-0000-0000-000000000001' was not found.
2026-08-14 13:15:11.060 +03:00 [INF] HTTP GET /api/v1/tasks/00000000-0000-0000-0000-000000000001 responded 404 in 4.9679 ms
2026-08-14 13:15:21.852 +03:00 [INF] Executed DbCommand (1ms) [Parameters=[@p='?' (DbType = Guid)], CommandType='"Text"', CommandTimeout='30']
SELECT a.id, a.access_failed_count, a.concurrency_stamp, a.department_id, a.email, a.email_confirmed, a.full_name, a.joined_on, a.lockout_enabled, a.lockout_end, a.must_change_password, a.normalized_email, a.normalized_user_name, a.password_hash, a.phone_number, a.phone_number_confirmed, a.photo_url, a.role, a.security_stamp, a.status, a.two_factor_enabled, a.user_name
FROM "AspNetUsers" AS a
WHERE a.id = @p
LIMIT 1
2026-08-14 13:15:21.854 +03:00 [INF] Executed DbCommand (2ms) [Parameters=[@request_Id='?' (DbType = Guid)], CommandType='"Text"', CommandTimeout='30']
SELECT s.id, s.created_at_utc, s.created_by_id, s.deleted_at_utc, s.department_id, s.description, s.due_at_utc, s.due_soon_notified_at_utc, s.is_deleted, s.overdue_notified_at_utc, s.priority, s.scope, s.status, s.title, s.updated_at_utc, s.updated_by_id, s.id0, s.code, s.created_at_utc0, s.created_by_id0, s.description0, s.name, s.updated_at_utc0, s.updated_by_id0, s0.task_item_id, s0.member_id, s0.id, s1.id, s1.author_id, s1.created_at_utc, s1.created_by_id, s1.task_item_id, s1.text, s1.updated_at_utc, s1.updated_by_id, s1.id0, s2.id, s2.content_type, s2.created_at_utc, s2.created_by_id, s2.original_file_name, s2.size_bytes, s2.storage_key, s2.task_item_id, s2.updated_at_utc, s2.updated_by_id, s2.uploaded_at_utc, s2.uploaded_by_id, s2.id0
FROM (
    SELECT t.id, t.created_at_utc, t.created_by_id, t.deleted_at_utc, t.department_id, t.description, t.due_at_utc, t.due_soon_notified_at_utc, t.is_deleted, t.overdue_notified_at_utc, t.priority, t.scope, t.status, t.title, t.updated_at_utc, t.updated_by_id, d.id AS id0, d.code, d.created_at_utc AS created_at_utc0, d.created_by_id AS created_by_id0, d.description AS description0, d.name, d.updated_at_utc AS updated_at_utc0, d.updated_by_id AS updated_by_id0
    FROM tasks AS t
    LEFT JOIN departments AS d ON t.department_id = d.id
    WHERE NOT (t.is_deleted) AND t.id = @request_Id
    LIMIT 1
) AS s
LEFT JOIN (
    SELECT t0.task_item_id, t0.member_id, t2.id
    FROM task_assignees AS t0
    INNER JOIN (
        SELECT t1.id, t1.is_deleted
        FROM tasks AS t1
        WHERE NOT (t1.is_deleted)
    ) AS t2 ON t0.task_item_id = t2.id
    WHERE NOT (t2.is_deleted)
) AS s0 ON s.id = s0.task_item_id
LEFT JOIN (
    SELECT t3.id, t3.author_id, t3.created_at_utc, t3.created_by_id, t3.task_item_id, t3.text, t3.updated_at_utc, t3.updated_by_id, t5.id AS id0
    FROM task_comments AS t3
    INNER JOIN (
        SELECT t4.id, t4.is_deleted
        FROM tasks AS t4
        WHERE NOT (t4.is_deleted)
    ) AS t5 ON t3.task_item_id = t5.id
    WHERE NOT (t5.is_deleted)
) AS s1 ON s.id = s1.task_item_id
LEFT JOIN (
    SELECT t6.id, t6.content_type, t6.created_at_utc, t6.created_by_id, t6.original_file_name, t6.size_bytes, t6.storage_key, t6.task_item_id, t6.updated_at_utc, t6.updated_by_id, t6.uploaded_at_utc, t6.uploaded_by_id, t8.id AS id0
    FROM task_documents AS t6
    INNER JOIN (
        SELECT t7.id, t7.is_deleted
        FROM tasks AS t7
        WHERE NOT (t7.is_deleted)
    ) AS t8 ON t6.task_item_id = t8.id
    WHERE NOT (t8.is_deleted)
) AS s2 ON s.id = s2.task_item_id
ORDER BY s.id, s.id0, s0.task_item_id, s0.member_id, s0.id, s1.id, s1.id0, s2.id
2026-08-14 13:15:21.854 +03:00 [INF] Handled GetTaskQuery for user "e71006a3-891c-4459-aa20-bf6c6d8cab84" in 2 ms
2026-08-14 13:15:21.855 +03:00 [WRN] Handled not_found (404): Task with key '00000000-0000-0000-0000-000000000001' was not found.
2026-08-14 13:15:21.855 +03:00 [INF] HTTP GET /api/v1/tasks/00000000-0000-0000-0000-000000000001 responded 404 in 4.5621 ms
2026-08-14 13:15:44.184 +03:00 [INF] Executed DbCommand (1ms) [Parameters=[@p='?' (DbType = Guid)], CommandType='"Text"', CommandTimeout='30']
SELECT a.id, a.access_failed_count, a.concurrency_stamp, a.department_id, a.email, a.email_confirmed, a.full_name, a.joined_on, a.lockout_enabled, a.lockout_end, a.must_change_password, a.normalized_email, a.normalized_user_name, a.password_hash, a.phone_number, a.phone_number_confirmed, a.photo_url, a.role, a.security_stamp, a.status, a.two_factor_enabled, a.user_name
FROM "AspNetUsers" AS a
WHERE a.id = @p
LIMIT 1
2026-08-14 13:15:44.187 +03:00 [INF] Executed DbCommand (2ms) [Parameters=[@userId='?' (DbType = Guid)], CommandType='"Text"', CommandTimeout='30']
SELECT a.id AS "Id", a.full_name AS "FullName", a.email AS "Email", a.phone_number AS "PhoneNumber", a.photo_url AS "PhotoUrl", a.role AS "Role", a.department_id AS "DepartmentId", d.code AS "DepartmentCode", d.name AS "DepartmentName", a.joined_on AS "JoinedOn", a.status AS "Status"
FROM "AspNetUsers" AS a
LEFT JOIN departments AS d ON a.department_id = d.id
WHERE a.id = @userId
LIMIT 1
2026-08-14 13:15:44.187 +03:00 [INF] Handled GetMeQuery for user "e71006a3-891c-4459-aa20-bf6c6d8cab84" in 2 ms
2026-08-14 13:15:44.187 +03:00 [INF] HTTP GET /api/v1/auth/me responded 200 in 4.4995 ms
2026-08-14 13:15:44.190 +03:00 [INF] Executed DbCommand (1ms) [Parameters=[@p='?' (DbType = Guid)], CommandType='"Text"', CommandTimeout='30']
SELECT a.id, a.access_failed_count, a.concurrency_stamp, a.department_id, a.email, a.email_confirmed, a.full_name, a.joined_on, a.lockout_enabled, a.lockout_end, a.must_change_password, a.normalized_email, a.normalized_user_name, a.password_hash, a.phone_number, a.phone_number_confirmed, a.photo_url, a.role, a.security_stamp, a.status, a.two_factor_enabled, a.user_name
FROM "AspNetUsers" AS a
WHERE a.id = @p
LIMIT 1
2026-08-14 13:15:44.191 +03:00 [INF] Executed DbCommand (1ms) [Parameters=[@userId='?' (DbType = Guid)], CommandType='"Text"', CommandTimeout='30']
SELECT a.id AS "Id", a.full_name AS "FullName", a.email AS "Email", a.phone_number AS "PhoneNumber", a.photo_url AS "PhotoUrl", a.role AS "Role", a.department_id AS "DepartmentId", d.code AS "DepartmentCode", d.name AS "DepartmentName", a.joined_on AS "JoinedOn", a.status AS "Status"
FROM "AspNetUsers" AS a
LEFT JOIN departments AS d ON a.department_id = d.id
WHERE a.id = @userId
LIMIT 1
2026-08-14 13:15:44.191 +03:00 [INF] Handled GetMeQuery for user "e71006a3-891c-4459-aa20-bf6c6d8cab84" in 0 ms
2026-08-14 13:15:44.191 +03:00 [INF] HTTP GET /api/v1/auth/me responded 200 in 2.2748 ms
2026-08-14 13:15:44.196 +03:00 [INF] Executed DbCommand (1ms) [Parameters=[@p='?' (DbType = Guid)], CommandType='"Text"', CommandTimeout='30']
SELECT a.id, a.access_failed_count, a.concurrency_stamp, a.department_id, a.email, a.email_confirmed, a.full_name, a.joined_on, a.lockout_enabled, a.lockout_end, a.must_change_password, a.normalized_email, a.normalized_user_name, a.password_hash, a.phone_number, a.phone_number_confirmed, a.photo_url, a.role, a.security_stamp, a.status, a.two_factor_enabled, a.user_name
FROM "AspNetUsers" AS a
WHERE a.id = @p
LIMIT 1
2026-08-14 13:15:44.198 +03:00 [INF] Executed DbCommand (2ms) [Parameters=[@request_Id='?' (DbType = Guid)], CommandType='"Text"', CommandTimeout='30']
SELECT s.id, s.created_at_utc, s.created_by_id, s.deleted_at_utc, s.department_id, s.description, s.due_at_utc, s.due_soon_notified_at_utc, s.is_deleted, s.overdue_notified_at_utc, s.priority, s.scope, s.status, s.title, s.updated_at_utc, s.updated_by_id, s.id0, s.code, s.created_at_utc0, s.created_by_id0, s.description0, s.name, s.updated_at_utc0, s.updated_by_id0, s0.task_item_id, s0.member_id, s0.id, s1.id, s1.author_id, s1.created_at_utc, s1.created_by_id, s1.task_item_id, s1.text, s1.updated_at_utc, s1.updated_by_id, s1.id0, s2.id, s2.content_type, s2.created_at_utc, s2.created_by_id, s2.original_file_name, s2.size_bytes, s2.storage_key, s2.task_item_id, s2.updated_at_utc, s2.updated_by_id, s2.uploaded_at_utc, s2.uploaded_by_id, s2.id0
FROM (
    SELECT t.id, t.created_at_utc, t.created_by_id, t.deleted_at_utc, t.department_id, t.description, t.due_at_utc, t.due_soon_notified_at_utc, t.is_deleted, t.overdue_notified_at_utc, t.priority, t.scope, t.status, t.title, t.updated_at_utc, t.updated_by_id, d.id AS id0, d.code, d.created_at_utc AS created_at_utc0, d.created_by_id AS created_by_id0, d.description AS description0, d.name, d.updated_at_utc AS updated_at_utc0, d.updated_by_id AS updated_by_id0
    FROM tasks AS t
    LEFT JOIN departments AS d ON t.department_id = d.id
    WHERE NOT (t.is_deleted) AND t.id = @request_Id
    LIMIT 1
) AS s
LEFT JOIN (
    SELECT t0.task_item_id, t0.member_id, t2.id
    FROM task_assignees AS t0
    INNER JOIN (
        SELECT t1.id, t1.is_deleted
        FROM tasks AS t1
        WHERE NOT (t1.is_deleted)
    ) AS t2 ON t0.task_item_id = t2.id
    WHERE NOT (t2.is_deleted)
) AS s0 ON s.id = s0.task_item_id
LEFT JOIN (
    SELECT t3.id, t3.author_id, t3.created_at_utc, t3.created_by_id, t3.task_item_id, t3.text, t3.updated_at_utc, t3.updated_by_id, t5.id AS id0
    FROM task_comments AS t3
    INNER JOIN (
        SELECT t4.id, t4.is_deleted
        FROM tasks AS t4
        WHERE NOT (t4.is_deleted)
    ) AS t5 ON t3.task_item_id = t5.id
    WHERE NOT (t5.is_deleted)
) AS s1 ON s.id = s1.task_item_id
LEFT JOIN (
    SELECT t6.id, t6.content_type, t6.created_at_utc, t6.created_by_id, t6.original_file_name, t6.size_bytes, t6.storage_key, t6.task_item_id, t6.updated_at_utc, t6.updated_by_id, t6.uploaded_at_utc, t6.uploaded_by_id, t8.id AS id0
    FROM task_documents AS t6
    INNER JOIN (
        SELECT t7.id, t7.is_deleted
        FROM tasks AS t7
        WHERE NOT (t7.is_deleted)
    ) AS t8 ON t6.task_item_id = t8.id
    WHERE NOT (t8.is_deleted)
) AS s2 ON s.id = s2.task_item_id
ORDER BY s.id, s.id0, s0.task_item_id, s0.member_id, s0.id, s1.id, s1.id0, s2.id
2026-08-14 13:15:44.199 +03:00 [INF] Handled GetTaskQuery for user "e71006a3-891c-4459-aa20-bf6c6d8cab84" in 2 ms
2026-08-14 13:15:44.199 +03:00 [WRN] Handled not_found (404): Task with key '00000000-0000-0000-0000-000000000001' was not found.
2026-08-14 13:15:44.199 +03:00 [INF] HTTP GET /api/v1/tasks/00000000-0000-0000-0000-000000000001 responded 404 in 3.7260 ms
2026-08-14 13:16:04.901 +03:00 [INF] Executed DbCommand (1ms) [Parameters=[@p='?' (DbType = Guid)], CommandType='"Text"', CommandTimeout='30']
SELECT a.id, a.access_failed_count, a.concurrency_stamp, a.department_id, a.email, a.email_confirmed, a.full_name, a.joined_on, a.lockout_enabled, a.lockout_end, a.must_change_password, a.normalized_email, a.normalized_user_name, a.password_hash, a.phone_number, a.phone_number_confirmed, a.photo_url, a.role, a.security_stamp, a.status, a.two_factor_enabled, a.user_name
FROM "AspNetUsers" AS a
WHERE a.id = @p
LIMIT 1
2026-08-14 13:16:04.905 +03:00 [INF] Executed DbCommand (2ms) [Parameters=[], CommandType='"Text"', CommandTimeout='30']
SELECT d.id, d.code, d.created_at_utc, d.created_by_id, d.description, d.name, d.updated_at_utc, d.updated_by_id
FROM departments AS d
ORDER BY d.code
2026-08-14 13:16:04.908 +03:00 [INF] Executed DbCommand (2ms) [Parameters=[], CommandType='"Text"', CommandTimeout='30']
SELECT a.id AS "Id", a.full_name AS "FullName", a.email AS "Email", a.phone_number AS "PhoneNumber", a.photo_url AS "PhotoUrl", a.role AS "Role", a.department_id AS "DepartmentId", d.code AS "DepartmentCode", d.name AS "DepartmentName", a.joined_on AS "JoinedOn", a.status AS "Status"
FROM "AspNetUsers" AS a
LEFT JOIN departments AS d ON a.department_id = d.id
WHERE a.status = 'Active' AND a.department_id IS NOT NULL
2026-08-14 13:16:04.908 +03:00 [INF] Handled GetDepartmentsQuery for user "e71006a3-891c-4459-aa20-bf6c6d8cab84" in 5 ms
2026-08-14 13:16:04.909 +03:00 [INF] HTTP GET /api/v1/departments responded 200 in 9.1918 ms
2026-08-14 13:16:04.924 +03:00 [INF] Executed DbCommand (1ms) [Parameters=[@p='?' (DbType = Guid)], CommandType='"Text"', CommandTimeout='30']
SELECT a.id, a.access_failed_count, a.concurrency_stamp, a.department_id, a.email, a.email_confirmed, a.full_name, a.joined_on, a.lockout_enabled, a.lockout_end, a.must_change_password, a.normalized_email, a.normalized_user_name, a.password_hash, a.phone_number, a.phone_number_confirmed, a.photo_url, a.role, a.security_stamp, a.status, a.two_factor_enabled, a.user_name
FROM "AspNetUsers" AS a
WHERE a.id = @p
LIMIT 1
2026-08-14 13:16:04.927 +03:00 [INF] Executed DbCommand (1ms) [Parameters=[@status='?'], CommandType='"Text"', CommandTimeout='30']
SELECT count(*)::int
FROM "AspNetUsers" AS a
WHERE a.status = @status
2026-08-14 13:16:04.928 +03:00 [INF] Executed DbCommand (1ms) [Parameters=[@status='?', @p2='?' (DbType = Int32), @p='?' (DbType = Int32)], CommandType='"Text"', CommandTimeout='30']
SELECT a0.id AS "Id", a0.full_name AS "FullName", a0.email AS "Email", a0.phone_number AS "PhoneNumber", a0.photo_url AS "PhotoUrl", a0.role AS "Role", a0.department_id AS "DepartmentId", d.code AS "DepartmentCode", d.name AS "DepartmentName", a0.joined_on AS "JoinedOn", a0.status AS "Status"
FROM (
    SELECT a.id, a.department_id, a.email, a.full_name, a.joined_on, a.phone_number, a.photo_url, a.role, a.status
    FROM "AspNetUsers" AS a
    WHERE a.status = @status
    ORDER BY a.full_name
    LIMIT @p2 OFFSET @p
) AS a0
LEFT JOIN departments AS d ON a0.department_id = d.id
ORDER BY a0.full_name
2026-08-14 13:16:04.929 +03:00 [INF] Handled GetMembersQuery for user "e71006a3-891c-4459-aa20-bf6c6d8cab84" in 3 ms
2026-08-14 13:16:04.929 +03:00 [INF] HTTP GET /api/v1/members responded 200 in 5.9200 ms
2026-08-14 13:16:29.075 +03:00 [INF] Executed DbCommand (1ms) [Parameters=[@p='?' (DbType = Guid)], CommandType='"Text"', CommandTimeout='30']
SELECT a.id, a.access_failed_count, a.concurrency_stamp, a.department_id, a.email, a.email_confirmed, a.full_name, a.joined_on, a.lockout_enabled, a.lockout_end, a.must_change_password, a.normalized_email, a.normalized_user_name, a.password_hash, a.phone_number, a.phone_number_confirmed, a.photo_url, a.role, a.security_stamp, a.status, a.two_factor_enabled, a.user_name
FROM "AspNetUsers" AS a
WHERE a.id = @p
LIMIT 1
2026-08-14 13:16:29.078 +03:00 [INF] Executed DbCommand (1ms) [Parameters=[@distinct='?' (DbType = Object)], CommandType='"Text"', CommandTimeout='30']
SELECT count(*)::int
FROM "AspNetUsers" AS a
WHERE a.id = ANY (@distinct) AND a.status = 'Active'
2026-08-14 13:16:29.081 +03:00 [INF] Executed DbCommand (1ms) [Parameters=[@p0='?' (DbType = Guid), @p1='?' (DbType = DateTime), @p2='?' (DbType = Guid), @p3='?' (DbType = DateTime), @p4='?' (DbType = Guid), @p5='?', @p6='?' (DbType = DateTime), @p7='?' (DbType = DateTime), @p8='?' (DbType = Boolean), @p9='?' (DbType = DateTime), @p10='?', @p11='?', @p12='?', @p13='?', @p14='?' (DbType = DateTime), @p15='?' (DbType = Guid), @p16='?' (DbType = Guid), @p17='?' (DbType = Guid)], CommandType='"Text"', CommandTimeout='30']
INSERT INTO tasks (id, created_at_utc, created_by_id, deleted_at_utc, department_id, description, due_at_utc, due_soon_notified_at_utc, is_deleted, overdue_notified_at_utc, priority, scope, status, title, updated_at_utc, updated_by_id)
VALUES (@p0, @p1, @p2, @p3, @p4, @p5, @p6, @p7, @p8, @p9, @p10, @p11, @p12, @p13, @p14, @p15);
INSERT INTO task_assignees (member_id, task_item_id)
VALUES (@p16, @p17);
2026-08-14 13:16:29.084 +03:00 [INF] Executed DbCommand (1ms) [Parameters=[@p0='?' (DbType = Guid), @p1='?', @p2='?' (DbType = DateTime), @p3='?' (DbType = Guid), @p4='?' (DbType = Boolean), @p5='?' (DbType = Object), @p6='?' (DbType = Guid), @p7='?', @p8='?', @p9='?' (DbType = DateTime), @p10='?' (DbType = Guid)], CommandType='"Text"', CommandTimeout='30']
INSERT INTO notifications (id, body, created_at_utc, created_by_id, is_read, payload, recipient_id, title, type, updated_at_utc, updated_by_id)
VALUES (@p0, @p1, @p2, @p3, @p4, @p5, @p6, @p7, @p8, @p9, @p10);
2026-08-14 13:16:29.084 +03:00 [INF] [DEV PUSH] "TaskAssigned" -> 1 member(s) | Нова задача | Назначена Ви е задача: Тестова задача от UI
2026-08-14 13:16:29.088 +03:00 [INF] Executed DbCommand (3ms) [Parameters=[@taskId='?' (DbType = Guid)], CommandType='"Text"', CommandTimeout='30']
SELECT s.id, s.created_at_utc, s.created_by_id, s.deleted_at_utc, s.department_id, s.description, s.due_at_utc, s.due_soon_notified_at_utc, s.is_deleted, s.overdue_notified_at_utc, s.priority, s.scope, s.status, s.title, s.updated_at_utc, s.updated_by_id, s.id0, s.code, s.created_at_utc0, s.created_by_id0, s.description0, s.name, s.updated_at_utc0, s.updated_by_id0, s0.task_item_id, s0.member_id, s0.id, s1.id, s1.author_id, s1.created_at_utc, s1.created_by_id, s1.task_item_id, s1.text, s1.updated_at_utc, s1.updated_by_id, s1.id0, s2.id, s2.content_type, s2.created_at_utc, s2.created_by_id, s2.original_file_name, s2.size_bytes, s2.storage_key, s2.task_item_id, s2.updated_at_utc, s2.updated_by_id, s2.uploaded_at_utc, s2.uploaded_by_id, s2.id0
FROM (
    SELECT t.id, t.created_at_utc, t.created_by_id, t.deleted_at_utc, t.department_id, t.description, t.due_at_utc, t.due_soon_notified_at_utc, t.is_deleted, t.overdue_notified_at_utc, t.priority, t.scope, t.status, t.title, t.updated_at_utc, t.updated_by_id, d.id AS id0, d.code, d.created_at_utc AS created_at_utc0, d.created_by_id AS created_by_id0, d.description AS description0, d.name, d.updated_at_utc AS updated_at_utc0, d.updated_by_id AS updated_by_id0
    FROM tasks AS t
    LEFT JOIN departments AS d ON t.department_id = d.id
    WHERE NOT (t.is_deleted) AND t.id = @taskId
    LIMIT 1
) AS s
LEFT JOIN (
    SELECT t0.task_item_id, t0.member_id, t2.id
    FROM task_assignees AS t0
    INNER JOIN (
        SELECT t1.id, t1.is_deleted
        FROM tasks AS t1
        WHERE NOT (t1.is_deleted)
    ) AS t2 ON t0.task_item_id = t2.id
    WHERE NOT (t2.is_deleted)
) AS s0 ON s.id = s0.task_item_id
LEFT JOIN (
    SELECT t3.id, t3.author_id, t3.created_at_utc, t3.created_by_id, t3.task_item_id, t3.text, t3.updated_at_utc, t3.updated_by_id, t5.id AS id0
    FROM task_comments AS t3
    INNER JOIN (
        SELECT t4.id, t4.is_deleted
        FROM tasks AS t4
        WHERE NOT (t4.is_deleted)
    ) AS t5 ON t3.task_item_id = t5.id
    WHERE NOT (t5.is_deleted)
) AS s1 ON s.id = s1.task_item_id
LEFT JOIN (
    SELECT t6.id, t6.content_type, t6.created_at_utc, t6.created_by_id, t6.original_file_name, t6.size_bytes, t6.storage_key, t6.task_item_id, t6.updated_at_utc, t6.updated_by_id, t6.uploaded_at_utc, t6.uploaded_by_id, t8.id AS id0
    FROM task_documents AS t6
    INNER JOIN (
        SELECT t7.id, t7.is_deleted
        FROM tasks AS t7
        WHERE NOT (t7.is_deleted)
    ) AS t8 ON t6.task_item_id = t8.id
    WHERE NOT (t8.is_deleted)
) AS s2 ON s.id = s2.task_item_id
ORDER BY s.id, s.id0, s0.task_item_id, s0.member_id, s0.id, s1.id, s1.id0, s2.id
2026-08-14 13:16:29.089 +03:00 [INF] Executed DbCommand (1ms) [Parameters=[@distinct='?' (DbType = Object)], CommandType='"Text"', CommandTimeout='30']
SELECT a.id AS "Id", a.full_name AS "FullName", a.email AS "Email", a.phone_number AS "PhoneNumber", a.photo_url AS "PhotoUrl", a.role AS "Role", a.department_id AS "DepartmentId", d.code AS "DepartmentCode", d.name AS "DepartmentName", a.joined_on AS "JoinedOn", a.status AS "Status"
FROM "AspNetUsers" AS a
LEFT JOIN departments AS d ON a.department_id = d.id
WHERE a.id = ANY (@distinct)
2026-08-14 13:16:29.090 +03:00 [INF] Handled CreateTaskCommand for user "e71006a3-891c-4459-aa20-bf6c6d8cab84" in 11 ms
2026-08-14 13:16:29.090 +03:00 [INF] HTTP POST /api/v1/tasks responded 201 in 16.6942 ms
2026-08-14 13:16:29.099 +03:00 [INF] Executed DbCommand (1ms) [Parameters=[@p='?' (DbType = Guid)], CommandType='"Text"', CommandTimeout='30']
SELECT a.id, a.access_failed_count, a.concurrency_stamp, a.department_id, a.email, a.email_confirmed, a.full_name, a.joined_on, a.lockout_enabled, a.lockout_end, a.must_change_password, a.normalized_email, a.normalized_user_name, a.password_hash, a.phone_number, a.phone_number_confirmed, a.photo_url, a.role, a.security_stamp, a.status, a.two_factor_enabled, a.user_name
FROM "AspNetUsers" AS a
WHERE a.id = @p
LIMIT 1
2026-08-14 13:16:29.102 +03:00 [INF] Executed DbCommand (2ms) [Parameters=[@request_Id='?' (DbType = Guid)], CommandType='"Text"', CommandTimeout='30']
SELECT s.id, s.created_at_utc, s.created_by_id, s.deleted_at_utc, s.department_id, s.description, s.due_at_utc, s.due_soon_notified_at_utc, s.is_deleted, s.overdue_notified_at_utc, s.priority, s.scope, s.status, s.title, s.updated_at_utc, s.updated_by_id, s.id0, s.code, s.created_at_utc0, s.created_by_id0, s.description0, s.name, s.updated_at_utc0, s.updated_by_id0, s0.task_item_id, s0.member_id, s0.id, s1.id, s1.author_id, s1.created_at_utc, s1.created_by_id, s1.task_item_id, s1.text, s1.updated_at_utc, s1.updated_by_id, s1.id0, s2.id, s2.content_type, s2.created_at_utc, s2.created_by_id, s2.original_file_name, s2.size_bytes, s2.storage_key, s2.task_item_id, s2.updated_at_utc, s2.updated_by_id, s2.uploaded_at_utc, s2.uploaded_by_id, s2.id0
FROM (
    SELECT t.id, t.created_at_utc, t.created_by_id, t.deleted_at_utc, t.department_id, t.description, t.due_at_utc, t.due_soon_notified_at_utc, t.is_deleted, t.overdue_notified_at_utc, t.priority, t.scope, t.status, t.title, t.updated_at_utc, t.updated_by_id, d.id AS id0, d.code, d.created_at_utc AS created_at_utc0, d.created_by_id AS created_by_id0, d.description AS description0, d.name, d.updated_at_utc AS updated_at_utc0, d.updated_by_id AS updated_by_id0
    FROM tasks AS t
    LEFT JOIN departments AS d ON t.department_id = d.id
    WHERE NOT (t.is_deleted) AND t.id = @request_Id
    LIMIT 1
) AS s
LEFT JOIN (
    SELECT t0.task_item_id, t0.member_id, t2.id
    FROM task_assignees AS t0
    INNER JOIN (
        SELECT t1.id, t1.is_deleted
        FROM tasks AS t1
        WHERE NOT (t1.is_deleted)
    ) AS t2 ON t0.task_item_id = t2.id
    WHERE NOT (t2.is_deleted)
) AS s0 ON s.id = s0.task_item_id
LEFT JOIN (
    SELECT t3.id, t3.author_id, t3.created_at_utc, t3.created_by_id, t3.task_item_id, t3.text, t3.updated_at_utc, t3.updated_by_id, t5.id AS id0
    FROM task_comments AS t3
    INNER JOIN (
        SELECT t4.id, t4.is_deleted
        FROM tasks AS t4
        WHERE NOT (t4.is_deleted)
    ) AS t5 ON t3.task_item_id = t5.id
    WHERE NOT (t5.is_deleted)
) AS s1 ON s.id = s1.task_item_id
LEFT JOIN (
    SELECT t6.id, t6.content_type, t6.created_at_utc, t6.created_by_id, t6.original_file_name, t6.size_bytes, t6.storage_key, t6.task_item_id, t6.updated_at_utc, t6.updated_by_id, t6.uploaded_at_utc, t6.uploaded_by_id, t8.id AS id0
    FROM task_documents AS t6
    INNER JOIN (
        SELECT t7.id, t7.is_deleted
        FROM tasks AS t7
        WHERE NOT (t7.is_deleted)
    ) AS t8 ON t6.task_item_id = t8.id
    WHERE NOT (t8.is_deleted)
) AS s2 ON s.id = s2.task_item_id
ORDER BY s.id, s.id0, s0.task_item_id, s0.member_id, s0.id, s1.id, s1.id0, s2.id
2026-08-14 13:16:29.103 +03:00 [INF] Executed DbCommand (1ms) [Parameters=[@distinct='?' (DbType = Object)], CommandType='"Text"', CommandTimeout='30']
SELECT a.id AS "Id", a.full_name AS "FullName", a.email AS "Email", a.phone_number AS "PhoneNumber", a.photo_url AS "PhotoUrl", a.role AS "Role", a.department_id AS "DepartmentId", d.code AS "DepartmentCode", d.name AS "DepartmentName", a.joined_on AS "JoinedOn", a.status AS "Status"
FROM "AspNetUsers" AS a
LEFT JOIN departments AS d ON a.department_id = d.id
WHERE a.id = ANY (@distinct)
2026-08-14 13:16:29.103 +03:00 [INF] Handled GetTaskQuery for user "e71006a3-891c-4459-aa20-bf6c6d8cab84" in 3 ms
2026-08-14 13:16:29.103 +03:00 [INF] HTTP GET /api/v1/tasks/2a095bfd-4504-4145-9be3-0763deae9e1d responded 200 in 5.5459 ms
2026-08-14 13:16:43.693 +03:00 [INF] Executed DbCommand (1ms) [Parameters=[@p='?' (DbType = Guid)], CommandType='"Text"', CommandTimeout='30']
SELECT a.id, a.access_failed_count, a.concurrency_stamp, a.department_id, a.email, a.email_confirmed, a.full_name, a.joined_on, a.lockout_enabled, a.lockout_end, a.must_change_password, a.normalized_email, a.normalized_user_name, a.password_hash, a.phone_number, a.phone_number_confirmed, a.photo_url, a.role, a.security_stamp, a.status, a.two_factor_enabled, a.user_name
FROM "AspNetUsers" AS a
WHERE a.id = @p
LIMIT 1
2026-08-14 13:16:43.718 +03:00 [INF] Executed DbCommand (1ms) [Parameters=[@request_Id='?' (DbType = Guid)], CommandType='"Text"', CommandTimeout='30']
SELECT t3.id, t3.created_at_utc, t3.created_by_id, t3.deleted_at_utc, t3.department_id, t3.description, t3.due_at_utc, t3.due_soon_notified_at_utc, t3.is_deleted, t3.overdue_notified_at_utc, t3.priority, t3.scope, t3.status, t3.title, t3.updated_at_utc, t3.updated_by_id, s.task_item_id, s.member_id, s.id
FROM (
    SELECT t.id, t.created_at_utc, t.created_by_id, t.deleted_at_utc, t.department_id, t.description, t.due_at_utc, t.due_soon_notified_at_utc, t.is_deleted, t.overdue_notified_at_utc, t.priority, t.scope, t.status, t.title, t.updated_at_utc, t.updated_by_id
    FROM tasks AS t
    WHERE NOT (t.is_deleted) AND t.id = @request_Id
    LIMIT 1
) AS t3
LEFT JOIN (
    SELECT t0.task_item_id, t0.member_id, t2.id
    FROM task_assignees AS t0
    INNER JOIN (
        SELECT t1.id, t1.is_deleted
        FROM tasks AS t1
        WHERE NOT (t1.is_deleted)
    ) AS t2 ON t0.task_item_id = t2.id
    WHERE NOT (t2.is_deleted)
) AS s ON t3.id = s.task_item_id
ORDER BY t3.id, s.task_item_id, s.member_id
2026-08-14 13:16:43.721 +03:00 [INF] Executed DbCommand (1ms) [Parameters=[@p3='?' (DbType = Guid), @p0='?', @p1='?' (DbType = DateTime), @p2='?' (DbType = Guid)], CommandType='"Text"', CommandTimeout='30']
UPDATE tasks SET status = @p0, updated_at_utc = @p1, updated_by_id = @p2
WHERE id = @p3;
2026-08-14 13:16:43.724 +03:00 [INF] Executed DbCommand (2ms) [Parameters=[@taskId='?' (DbType = Guid)], CommandType='"Text"', CommandTimeout='30']
SELECT s.id, s.created_at_utc, s.created_by_id, s.deleted_at_utc, s.department_id, s.description, s.due_at_utc, s.due_soon_notified_at_utc, s.is_deleted, s.overdue_notified_at_utc, s.priority, s.scope, s.status, s.title, s.updated_at_utc, s.updated_by_id, s.id0, s.code, s.created_at_utc0, s.created_by_id0, s.description0, s.name, s.updated_at_utc0, s.updated_by_id0, s0.task_item_id, s0.member_id, s0.id, s1.id, s1.author_id, s1.created_at_utc, s1.created_by_id, s1.task_item_id, s1.text, s1.updated_at_utc, s1.updated_by_id, s1.id0, s2.id, s2.content_type, s2.created_at_utc, s2.created_by_id, s2.original_file_name, s2.size_bytes, s2.storage_key, s2.task_item_id, s2.updated_at_utc, s2.updated_by_id, s2.uploaded_at_utc, s2.uploaded_by_id, s2.id0
FROM (
    SELECT t.id, t.created_at_utc, t.created_by_id, t.deleted_at_utc, t.department_id, t.description, t.due_at_utc, t.due_soon_notified_at_utc, t.is_deleted, t.overdue_notified_at_utc, t.priority, t.scope, t.status, t.title, t.updated_at_utc, t.updated_by_id, d.id AS id0, d.code, d.created_at_utc AS created_at_utc0, d.created_by_id AS created_by_id0, d.description AS description0, d.name, d.updated_at_utc AS updated_at_utc0, d.updated_by_id AS updated_by_id0
    FROM tasks AS t
    LEFT JOIN departments AS d ON t.department_id = d.id
    WHERE NOT (t.is_deleted) AND t.id = @taskId
    LIMIT 1
) AS s
LEFT JOIN (
    SELECT t0.task_item_id, t0.member_id, t2.id
    FROM task_assignees AS t0
    INNER JOIN (
        SELECT t1.id, t1.is_deleted
        FROM tasks AS t1
        WHERE NOT (t1.is_deleted)
    ) AS t2 ON t0.task_item_id = t2.id
    WHERE NOT (t2.is_deleted)
) AS s0 ON s.id = s0.task_item_id
LEFT JOIN (
    SELECT t3.id, t3.author_id, t3.created_at_utc, t3.created_by_id, t3.task_item_id, t3.text, t3.updated_at_utc, t3.updated_by_id, t5.id AS id0
    FROM task_comments AS t3
    INNER JOIN (
        SELECT t4.id, t4.is_deleted
        FROM tasks AS t4
        WHERE NOT (t4.is_deleted)
    ) AS t5 ON t3.task_item_id = t5.id
    WHERE NOT (t5.is_deleted)
) AS s1 ON s.id = s1.task_item_id
LEFT JOIN (
    SELECT t6.id, t6.content_type, t6.created_at_utc, t6.created_by_id, t6.original_file_name, t6.size_bytes, t6.storage_key, t6.task_item_id, t6.updated_at_utc, t6.updated_by_id, t6.uploaded_at_utc, t6.uploaded_by_id, t8.id AS id0
    FROM task_documents AS t6
    INNER JOIN (
        SELECT t7.id, t7.is_deleted
        FROM tasks AS t7
        WHERE NOT (t7.is_deleted)
    ) AS t8 ON t6.task_item_id = t8.id
    WHERE NOT (t8.is_deleted)
) AS s2 ON s.id = s2.task_item_id
ORDER BY s.id, s.id0, s0.task_item_id, s0.member_id, s0.id, s1.id, s1.id0, s2.id
2026-08-14 13:16:43.725 +03:00 [INF] Executed DbCommand (1ms) [Parameters=[@distinct='?' (DbType = Object)], CommandType='"Text"', CommandTimeout='30']
SELECT a.id AS "Id", a.full_name AS "FullName", a.email AS "Email", a.phone_number AS "PhoneNumber", a.photo_url AS "PhotoUrl", a.role AS "Role", a.department_id AS "DepartmentId", d.code AS "DepartmentCode", d.name AS "DepartmentName", a.joined_on AS "JoinedOn", a.status AS "Status"
FROM "AspNetUsers" AS a
LEFT JOIN departments AS d ON a.department_id = d.id
WHERE a.id = ANY (@distinct)
2026-08-14 13:16:43.725 +03:00 [INF] Handled ChangeTaskStatusCommand for user "e71006a3-891c-4459-aa20-bf6c6d8cab84" in 18 ms
2026-08-14 13:16:43.725 +03:00 [INF] HTTP PATCH /api/v1/tasks/2a095bfd-4504-4145-9be3-0763deae9e1d/status responded 200 in 33.5903 ms
2026-08-14 13:16:43.730 +03:00 [INF] Executed DbCommand (1ms) [Parameters=[@p='?' (DbType = Guid)], CommandType='"Text"', CommandTimeout='30']
SELECT a.id, a.access_failed_count, a.concurrency_stamp, a.department_id, a.email, a.email_confirmed, a.full_name, a.joined_on, a.lockout_enabled, a.lockout_end, a.must_change_password, a.normalized_email, a.normalized_user_name, a.password_hash, a.phone_number, a.phone_number_confirmed, a.photo_url, a.role, a.security_stamp, a.status, a.two_factor_enabled, a.user_name
FROM "AspNetUsers" AS a
WHERE a.id = @p
LIMIT 1
2026-08-14 13:16:43.733 +03:00 [INF] Executed DbCommand (3ms) [Parameters=[@request_Id='?' (DbType = Guid)], CommandType='"Text"', CommandTimeout='30']
SELECT s.id, s.created_at_utc, s.created_by_id, s.deleted_at_utc, s.department_id, s.description, s.due_at_utc, s.due_soon_notified_at_utc, s.is_deleted, s.overdue_notified_at_utc, s.priority, s.scope, s.status, s.title, s.updated_at_utc, s.updated_by_id, s.id0, s.code, s.created_at_utc0, s.created_by_id0, s.description0, s.name, s.updated_at_utc0, s.updated_by_id0, s0.task_item_id, s0.member_id, s0.id, s1.id, s1.author_id, s1.created_at_utc, s1.created_by_id, s1.task_item_id, s1.text, s1.updated_at_utc, s1.updated_by_id, s1.id0, s2.id, s2.content_type, s2.created_at_utc, s2.created_by_id, s2.original_file_name, s2.size_bytes, s2.storage_key, s2.task_item_id, s2.updated_at_utc, s2.updated_by_id, s2.uploaded_at_utc, s2.uploaded_by_id, s2.id0
FROM (
    SELECT t.id, t.created_at_utc, t.created_by_id, t.deleted_at_utc, t.department_id, t.description, t.due_at_utc, t.due_soon_notified_at_utc, t.is_deleted, t.overdue_notified_at_utc, t.priority, t.scope, t.status, t.title, t.updated_at_utc, t.updated_by_id, d.id AS id0, d.code, d.created_at_utc AS created_at_utc0, d.created_by_id AS created_by_id0, d.description AS description0, d.name, d.updated_at_utc AS updated_at_utc0, d.updated_by_id AS updated_by_id0
    FROM tasks AS t
    LEFT JOIN departments AS d ON t.department_id = d.id
    WHERE NOT (t.is_deleted) AND t.id = @request_Id
    LIMIT 1
) AS s
LEFT JOIN (
    SELECT t0.task_item_id, t0.member_id, t2.id
    FROM task_assignees AS t0
    INNER JOIN (
        SELECT t1.id, t1.is_deleted
        FROM tasks AS t1
        WHERE NOT (t1.is_deleted)
    ) AS t2 ON t0.task_item_id = t2.id
    WHERE NOT (t2.is_deleted)
) AS s0 ON s.id = s0.task_item_id
LEFT JOIN (
    SELECT t3.id, t3.author_id, t3.created_at_utc, t3.created_by_id, t3.task_item_id, t3.text, t3.updated_at_utc, t3.updated_by_id, t5.id AS id0
    FROM task_comments AS t3
    INNER JOIN (
        SELECT t4.id, t4.is_deleted
        FROM tasks AS t4
        WHERE NOT (t4.is_deleted)
    ) AS t5 ON t3.task_item_id = t5.id
    WHERE NOT (t5.is_deleted)
) AS s1 ON s.id = s1.task_item_id
LEFT JOIN (
    SELECT t6.id, t6.content_type, t6.created_at_utc, t6.created_by_id, t6.original_file_name, t6.size_bytes, t6.storage_key, t6.task_item_id, t6.updated_at_utc, t6.updated_by_id, t6.uploaded_at_utc, t6.uploaded_by_id, t8.id AS id0
    FROM task_documents AS t6
    INNER JOIN (
        SELECT t7.id, t7.is_deleted
        FROM tasks AS t7
        WHERE NOT (t7.is_deleted)
    ) AS t8 ON t6.task_item_id = t8.id
    WHERE NOT (t8.is_deleted)
) AS s2 ON s.id = s2.task_item_id
ORDER BY s.id, s.id0, s0.task_item_id, s0.member_id, s0.id, s1.id, s1.id0, s2.id
2026-08-14 13:16:43.735 +03:00 [INF] Executed DbCommand (1ms) [Parameters=[@distinct='?' (DbType = Object)], CommandType='"Text"', CommandTimeout='30']
SELECT a.id AS "Id", a.full_name AS "FullName", a.email AS "Email", a.phone_number AS "PhoneNumber", a.photo_url AS "PhotoUrl", a.role AS "Role", a.department_id AS "DepartmentId", d.code AS "DepartmentCode", d.name AS "DepartmentName", a.joined_on AS "JoinedOn", a.status AS "Status"
FROM "AspNetUsers" AS a
LEFT JOIN departments AS d ON a.department_id = d.id
WHERE a.id = ANY (@distinct)
2026-08-14 13:16:43.735 +03:00 [INF] Handled GetTaskQuery for user "e71006a3-891c-4459-aa20-bf6c6d8cab84" in 4 ms
2026-08-14 13:16:43.735 +03:00 [INF] HTTP GET /api/v1/tasks/2a095bfd-4504-4145-9be3-0763deae9e1d responded 200 in 5.8670 ms
2026-08-14 13:18:14.273 +03:00 [INF] Executed DbCommand (3ms) [Parameters=[@normalizedEmail='?'], CommandType='"Text"', CommandTimeout='30']
SELECT a.id, a.access_failed_count, a.concurrency_stamp, a.department_id, a.email, a.email_confirmed, a.full_name, a.joined_on, a.lockout_enabled, a.lockout_end, a.must_change_password, a.normalized_email, a.normalized_user_name, a.password_hash, a.phone_number, a.phone_number_confirmed, a.photo_url, a.role, a.security_stamp, a.status, a.two_factor_enabled, a.user_name
FROM "AspNetUsers" AS a
WHERE a.normalized_email = @normalizedEmail
LIMIT 2
2026-08-14 13:18:14.315 +03:00 [INF] Executed DbCommand (1ms) [Parameters=[@p0='?' (DbType = Guid), @p1='?' (DbType = DateTime), @p2='?' (DbType = DateTime), @p3='?' (DbType = Guid), @p4='?', @p5='?' (DbType = DateTime), @p6='?'], CommandType='"Text"', CommandTimeout='30']
INSERT INTO refresh_tokens (id, created_at_utc, expires_at_utc, member_id, replaced_by_token_hash, revoked_at_utc, token_hash)
VALUES (@p0, @p1, @p2, @p3, @p4, @p5, @p6);
2026-08-14 13:18:14.315 +03:00 [INF] Handled LoginCommand for user null in 49 ms
2026-08-14 13:18:14.315 +03:00 [INF] HTTP POST /api/v1/auth/login responded 200 in 50.3424 ms
2026-08-14 13:18:14.329 +03:00 [INF] Executed DbCommand (1ms) [Parameters=[@p='?' (DbType = Guid)], CommandType='"Text"', CommandTimeout='30']
SELECT a.id, a.access_failed_count, a.concurrency_stamp, a.department_id, a.email, a.email_confirmed, a.full_name, a.joined_on, a.lockout_enabled, a.lockout_end, a.must_change_password, a.normalized_email, a.normalized_user_name, a.password_hash, a.phone_number, a.phone_number_confirmed, a.photo_url, a.role, a.security_stamp, a.status, a.two_factor_enabled, a.user_name
FROM "AspNetUsers" AS a
WHERE a.id = @p
LIMIT 1
2026-08-14 13:18:14.330 +03:00 [INF] Executed DbCommand (1ms) [Parameters=[], CommandType='"Text"', CommandTimeout='30']
SELECT d.id, d.code, d.created_at_utc, d.created_by_id, d.description, d.name, d.updated_at_utc, d.updated_by_id
FROM departments AS d
ORDER BY d.code
2026-08-14 13:18:14.333 +03:00 [INF] Executed DbCommand (2ms) [Parameters=[], CommandType='"Text"', CommandTimeout='30']
SELECT a.id AS "Id", a.full_name AS "FullName", a.email AS "Email", a.phone_number AS "PhoneNumber", a.photo_url AS "PhotoUrl", a.role AS "Role", a.department_id AS "DepartmentId", d.code AS "DepartmentCode", d.name AS "DepartmentName", a.joined_on AS "JoinedOn", a.status AS "Status"
FROM "AspNetUsers" AS a
LEFT JOIN departments AS d ON a.department_id = d.id
WHERE a.status = 'Active' AND a.department_id IS NOT NULL
2026-08-14 13:18:14.333 +03:00 [INF] Handled GetDepartmentsQuery for user "e71006a3-891c-4459-aa20-bf6c6d8cab84" in 3 ms
2026-08-14 13:18:14.333 +03:00 [INF] HTTP GET /api/v1/departments responded 200 in 5.4084 ms
2026-08-14 13:18:14.361 +03:00 [INF] Executed DbCommand (1ms) [Parameters=[@p='?' (DbType = Guid)], CommandType='"Text"', CommandTimeout='30']
SELECT a.id, a.access_failed_count, a.concurrency_stamp, a.department_id, a.email, a.email_confirmed, a.full_name, a.joined_on, a.lockout_enabled, a.lockout_end, a.must_change_password, a.normalized_email, a.normalized_user_name, a.password_hash, a.phone_number, a.phone_number_confirmed, a.photo_url, a.role, a.security_stamp, a.status, a.two_factor_enabled, a.user_name
FROM "AspNetUsers" AS a
WHERE a.id = @p
LIMIT 1
2026-08-14 13:18:14.363 +03:00 [INF] Executed DbCommand (1ms) [Parameters=[@ToLower='?'], CommandType='"Text"', CommandTimeout='30']
SELECT EXISTS (
    SELECT 1
    FROM "AspNetUsers" AS a
    WHERE lower(a.email) = @ToLower)
2026-08-14 13:18:14.363 +03:00 [INF] Executed DbCommand (0ms) [Parameters=[@id='?' (DbType = Guid)], CommandType='"Text"', CommandTimeout='30']
SELECT EXISTS (
    SELECT 1
    FROM departments AS d
    WHERE d.id = @id)
2026-08-14 13:18:14.403 +03:00 [INF] Executed DbCommand (1ms) [Parameters=[@normalizedUserName='?'], CommandType='"Text"', CommandTimeout='30']
SELECT a.id, a.access_failed_count, a.concurrency_stamp, a.department_id, a.email, a.email_confirmed, a.full_name, a.joined_on, a.lockout_enabled, a.lockout_end, a.must_change_password, a.normalized_email, a.normalized_user_name, a.password_hash, a.phone_number, a.phone_number_confirmed, a.photo_url, a.role, a.security_stamp, a.status, a.two_factor_enabled, a.user_name
FROM "AspNetUsers" AS a
WHERE a.normalized_user_name = @normalizedUserName
LIMIT 1
2026-08-14 13:18:14.404 +03:00 [INF] Executed DbCommand (1ms) [Parameters=[@normalizedEmail='?'], CommandType='"Text"', CommandTimeout='30']
SELECT a.id, a.access_failed_count, a.concurrency_stamp, a.department_id, a.email, a.email_confirmed, a.full_name, a.joined_on, a.lockout_enabled, a.lockout_end, a.must_change_password, a.normalized_email, a.normalized_user_name, a.password_hash, a.phone_number, a.phone_number_confirmed, a.photo_url, a.role, a.security_stamp, a.status, a.two_factor_enabled, a.user_name
FROM "AspNetUsers" AS a
WHERE a.normalized_email = @normalizedEmail
LIMIT 2
2026-08-14 13:18:14.407 +03:00 [INF] Executed DbCommand (3ms) [Parameters=[@p0='?' (DbType = Guid), @p1='?' (DbType = Int32), @p2='?', @p3='?' (DbType = Guid), @p4='?', @p5='?' (DbType = Boolean), @p6='?', @p7='?' (DbType = Date), @p8='?' (DbType = Boolean), @p9='?' (DbType = DateTime), @p10='?' (DbType = Boolean), @p11='?', @p12='?', @p13='?', @p14='?', @p15='?' (DbType = Boolean), @p16='?', @p17='?', @p18='?', @p19='?', @p20='?' (DbType = Boolean), @p21='?'], CommandType='"Text"', CommandTimeout='30']
INSERT INTO "AspNetUsers" (id, access_failed_count, concurrency_stamp, department_id, email, email_confirmed, full_name, joined_on, lockout_enabled, lockout_end, must_change_password, normalized_email, normalized_user_name, password_hash, phone_number, phone_number_confirmed, photo_url, role, security_stamp, status, two_factor_enabled, user_name)
VALUES (@p0, @p1, @p2, @p3, @p4, @p5, @p6, @p7, @p8, @p9, @p10, @p11, @p12, @p13, @p14, @p15, @p16, @p17, @p18, @p19, @p20, @p21);
2026-08-14 13:18:14.409 +03:00 [INF] Executed DbCommand (1ms) [Parameters=[@p0='?' (DbType = Guid), @p1='?', @p2='?' (DbType = Guid), @p3='?' (DbType = Object), @p4='?', @p5='?', @p6='?' (DbType = DateTime)], CommandType='"Text"', CommandTimeout='30']
INSERT INTO audit_logs (id, action, actor_id, details, entity_id, entity_type, timestamp)
VALUES (@p0, @p1, @p2, @p3, @p4, @p5, @p6);
2026-08-14 13:18:14.409 +03:00 [INF] [DEV EMAIL] To: ivo@ue-varna.bg | Subject: Достъп до Студентски съвет — временна парола
<p>Здравейте, Иво Тестов,</p>
<p>Създаден е акаунт за Вас в приложението на Студентския съвет.</p>
<p><strong>Имейл за вход:</strong> ivo@ue-varna.bg<br/>
<strong>Временна парола:</strong> FUw0nLDZHwNaW3J4A1</p>
<p>При първото влизане ще бъдете подканени да смените паролата си.</p>
2026-08-14 13:18:14.409 +03:00 [INF] Executed DbCommand (0ms) [Parameters=[@created_Id='?' (DbType = Guid)], CommandType='"Text"', CommandTimeout='30']
SELECT a.id AS "Id", a.full_name AS "FullName", a.email AS "Email", a.phone_number AS "PhoneNumber", a.photo_url AS "PhotoUrl", a.role AS "Role", a.department_id AS "DepartmentId", d.code AS "DepartmentCode", d.name AS "DepartmentName", a.joined_on AS "JoinedOn", a.status AS "Status"
FROM "AspNetUsers" AS a
LEFT JOIN departments AS d ON a.department_id = d.id
WHERE a.id = @created_Id
LIMIT 1
2026-08-14 13:18:14.409 +03:00 [INF] Handled CreateMemberCommand for user "e71006a3-891c-4459-aa20-bf6c6d8cab84" in 46 ms
2026-08-14 13:18:14.410 +03:00 [INF] HTTP POST /api/v1/members responded 201 in 49.3425 ms
2026-08-14 13:18:34.116 +03:00 [INF] Executed DbCommand (1ms) [Parameters=[@normalizedEmail='?'], CommandType='"Text"', CommandTimeout='30']
SELECT a.id, a.access_failed_count, a.concurrency_stamp, a.department_id, a.email, a.email_confirmed, a.full_name, a.joined_on, a.lockout_enabled, a.lockout_end, a.must_change_password, a.normalized_email, a.normalized_user_name, a.password_hash, a.phone_number, a.phone_number_confirmed, a.photo_url, a.role, a.security_stamp, a.status, a.two_factor_enabled, a.user_name
FROM "AspNetUsers" AS a
WHERE a.normalized_email = @normalizedEmail
LIMIT 2
2026-08-14 13:18:34.123 +03:00 [INF] Executed DbCommand (1ms) [Parameters=[@departmentId='?' (DbType = Guid)], CommandType='"Text"', CommandTimeout='30']
SELECT d.code
FROM departments AS d
WHERE d.id = @departmentId
LIMIT 1
2026-08-14 13:18:34.164 +03:00 [INF] Executed DbCommand (1ms) [Parameters=[@p0='?' (DbType = Guid), @p1='?' (DbType = DateTime), @p2='?' (DbType = DateTime), @p3='?' (DbType = Guid), @p4='?', @p5='?' (DbType = DateTime), @p6='?'], CommandType='"Text"', CommandTimeout='30']
INSERT INTO refresh_tokens (id, created_at_utc, expires_at_utc, member_id, replaced_by_token_hash, revoked_at_utc, token_hash)
VALUES (@p0, @p1, @p2, @p3, @p4, @p5, @p6);
2026-08-14 13:18:34.164 +03:00 [INF] Handled LoginCommand for user null in 49 ms
2026-08-14 13:18:34.164 +03:00 [INF] HTTP POST /api/v1/auth/login responded 200 in 50.0135 ms
2026-08-14 13:18:34.178 +03:00 [INF] Executed DbCommand (1ms) [Parameters=[@p='?' (DbType = Guid)], CommandType='"Text"', CommandTimeout='30']
SELECT a.id, a.access_failed_count, a.concurrency_stamp, a.department_id, a.email, a.email_confirmed, a.full_name, a.joined_on, a.lockout_enabled, a.lockout_end, a.must_change_password, a.normalized_email, a.normalized_user_name, a.password_hash, a.phone_number, a.phone_number_confirmed, a.photo_url, a.role, a.security_stamp, a.status, a.two_factor_enabled, a.user_name
FROM "AspNetUsers" AS a
WHERE a.id = @p
LIMIT 1
2026-08-14 13:18:34.258 +03:00 [INF] Executed DbCommand (1ms) [Parameters=[@normalizedUserName='?'], CommandType='"Text"', CommandTimeout='30']
SELECT a.id, a.access_failed_count, a.concurrency_stamp, a.department_id, a.email, a.email_confirmed, a.full_name, a.joined_on, a.lockout_enabled, a.lockout_end, a.must_change_password, a.normalized_email, a.normalized_user_name, a.password_hash, a.phone_number, a.phone_number_confirmed, a.photo_url, a.role, a.security_stamp, a.status, a.two_factor_enabled, a.user_name
FROM "AspNetUsers" AS a
WHERE a.normalized_user_name = @normalizedUserName
LIMIT 1
2026-08-14 13:18:34.259 +03:00 [INF] Executed DbCommand (0ms) [Parameters=[@normalizedEmail='?'], CommandType='"Text"', CommandTimeout='30']
SELECT a.id, a.access_failed_count, a.concurrency_stamp, a.department_id, a.email, a.email_confirmed, a.full_name, a.joined_on, a.lockout_enabled, a.lockout_end, a.must_change_password, a.normalized_email, a.normalized_user_name, a.password_hash, a.phone_number, a.phone_number_confirmed, a.photo_url, a.role, a.security_stamp, a.status, a.two_factor_enabled, a.user_name
FROM "AspNetUsers" AS a
WHERE a.normalized_email = @normalizedEmail
LIMIT 2
2026-08-14 13:18:34.261 +03:00 [INF] Executed DbCommand (2ms) [Parameters=[@p21='?' (DbType = Guid), @p0='?' (DbType = Int32), @p1='?', @p22='?', @p2='?' (DbType = Guid), @p3='?', @p4='?' (DbType = Boolean), @p5='?', @p6='?' (DbType = Date), @p7='?' (DbType = Boolean), @p8='?' (DbType = DateTime), @p9='?' (DbType = Boolean), @p10='?', @p11='?', @p12='?', @p13='?', @p14='?' (DbType = Boolean), @p15='?', @p16='?', @p17='?', @p18='?', @p19='?' (DbType = Boolean), @p20='?'], CommandType='"Text"', CommandTimeout='30']
UPDATE "AspNetUsers" SET access_failed_count = @p0, concurrency_stamp = @p1, department_id = @p2, email = @p3, email_confirmed = @p4, full_name = @p5, joined_on = @p6, lockout_enabled = @p7, lockout_end = @p8, must_change_password = @p9, normalized_email = @p10, normalized_user_name = @p11, password_hash = @p12, phone_number = @p13, phone_number_confirmed = @p14, photo_url = @p15, role = @p16, security_stamp = @p17, status = @p18, two_factor_enabled = @p19, user_name = @p20
WHERE id = @p21 AND concurrency_stamp = @p22;
2026-08-14 13:18:34.262 +03:00 [INF] Executed DbCommand (0ms) [Parameters=[@normalizedUserName='?'], CommandType='"Text"', CommandTimeout='30']
SELECT a.id, a.access_failed_count, a.concurrency_stamp, a.department_id, a.email, a.email_confirmed, a.full_name, a.joined_on, a.lockout_enabled, a.lockout_end, a.must_change_password, a.normalized_email, a.normalized_user_name, a.password_hash, a.phone_number, a.phone_number_confirmed, a.photo_url, a.role, a.security_stamp, a.status, a.two_factor_enabled, a.user_name
FROM "AspNetUsers" AS a
WHERE a.normalized_user_name = @normalizedUserName
LIMIT 1
2026-08-14 13:18:34.262 +03:00 [INF] Executed DbCommand (0ms) [Parameters=[@normalizedEmail='?'], CommandType='"Text"', CommandTimeout='30']
SELECT a.id, a.access_failed_count, a.concurrency_stamp, a.department_id, a.email, a.email_confirmed, a.full_name, a.joined_on, a.lockout_enabled, a.lockout_end, a.must_change_password, a.normalized_email, a.normalized_user_name, a.password_hash, a.phone_number, a.phone_number_confirmed, a.photo_url, a.role, a.security_stamp, a.status, a.two_factor_enabled, a.user_name
FROM "AspNetUsers" AS a
WHERE a.normalized_email = @normalizedEmail
LIMIT 2
2026-08-14 13:18:34.263 +03:00 [INF] Executed DbCommand (1ms) [Parameters=[@p21='?' (DbType = Guid), @p0='?' (DbType = Int32), @p1='?', @p22='?', @p2='?' (DbType = Guid), @p3='?', @p4='?' (DbType = Boolean), @p5='?', @p6='?' (DbType = Date), @p7='?' (DbType = Boolean), @p8='?' (DbType = DateTime), @p9='?' (DbType = Boolean), @p10='?', @p11='?', @p12='?', @p13='?', @p14='?' (DbType = Boolean), @p15='?', @p16='?', @p17='?', @p18='?', @p19='?' (DbType = Boolean), @p20='?'], CommandType='"Text"', CommandTimeout='30']
UPDATE "AspNetUsers" SET access_failed_count = @p0, concurrency_stamp = @p1, department_id = @p2, email = @p3, email_confirmed = @p4, full_name = @p5, joined_on = @p6, lockout_enabled = @p7, lockout_end = @p8, must_change_password = @p9, normalized_email = @p10, normalized_user_name = @p11, password_hash = @p12, phone_number = @p13, phone_number_confirmed = @p14, photo_url = @p15, role = @p16, security_stamp = @p17, status = @p18, two_factor_enabled = @p19, user_name = @p20
WHERE id = @p21 AND concurrency_stamp = @p22;
2026-08-14 13:18:34.264 +03:00 [INF] Executed DbCommand (1ms) [Parameters=[@memberId='?' (DbType = Guid)], CommandType='"Text"', CommandTimeout='30']
SELECT r.id, r.created_at_utc, r.expires_at_utc, r.member_id, r.replaced_by_token_hash, r.revoked_at_utc, r.token_hash
FROM refresh_tokens AS r
WHERE r.member_id = @memberId AND r.revoked_at_utc IS NULL
2026-08-14 13:18:34.265 +03:00 [INF] Executed DbCommand (0ms) [Parameters=[@p1='?' (DbType = Guid), @p0='?' (DbType = DateTime)], CommandType='"Text"', CommandTimeout='30']
UPDATE refresh_tokens SET revoked_at_utc = @p0
WHERE id = @p1;
2026-08-14 13:18:34.265 +03:00 [INF] Handled ChangePasswordCommand for user "8cf9a97e-14aa-4aec-ae1f-82875cbb48c3" in 84 ms
2026-08-14 13:18:34.265 +03:00 [INF] HTTP POST /api/v1/auth/change-password responded 204 in 88.2692 ms
2026-08-14 13:18:34.280 +03:00 [INF] Executed DbCommand (1ms) [Parameters=[@normalizedEmail='?'], CommandType='"Text"', CommandTimeout='30']
SELECT a.id, a.access_failed_count, a.concurrency_stamp, a.department_id, a.email, a.email_confirmed, a.full_name, a.joined_on, a.lockout_enabled, a.lockout_end, a.must_change_password, a.normalized_email, a.normalized_user_name, a.password_hash, a.phone_number, a.phone_number_confirmed, a.photo_url, a.role, a.security_stamp, a.status, a.two_factor_enabled, a.user_name
FROM "AspNetUsers" AS a
WHERE a.normalized_email = @normalizedEmail
LIMIT 2
2026-08-14 13:18:34.280 +03:00 [INF] Executed DbCommand (0ms) [Parameters=[@departmentId='?' (DbType = Guid)], CommandType='"Text"', CommandTimeout='30']
SELECT d.code
FROM departments AS d
WHERE d.id = @departmentId
LIMIT 1
2026-08-14 13:18:34.322 +03:00 [INF] Executed DbCommand (1ms) [Parameters=[@p0='?' (DbType = Guid), @p1='?' (DbType = DateTime), @p2='?' (DbType = DateTime), @p3='?' (DbType = Guid), @p4='?', @p5='?' (DbType = DateTime), @p6='?'], CommandType='"Text"', CommandTimeout='30']
INSERT INTO refresh_tokens (id, created_at_utc, expires_at_utc, member_id, replaced_by_token_hash, revoked_at_utc, token_hash)
VALUES (@p0, @p1, @p2, @p3, @p4, @p5, @p6);
2026-08-14 13:18:34.322 +03:00 [INF] Handled LoginCommand for user null in 43 ms
2026-08-14 13:18:34.322 +03:00 [INF] HTTP POST /api/v1/auth/login responded 200 in 44.2549 ms
2026-08-14 13:18:34.338 +03:00 [INF] Executed DbCommand (1ms) [Parameters=[@p='?' (DbType = Guid)], CommandType='"Text"', CommandTimeout='30']
SELECT a.id, a.access_failed_count, a.concurrency_stamp, a.department_id, a.email, a.email_confirmed, a.full_name, a.joined_on, a.lockout_enabled, a.lockout_end, a.must_change_password, a.normalized_email, a.normalized_user_name, a.password_hash, a.phone_number, a.phone_number_confirmed, a.photo_url, a.role, a.security_stamp, a.status, a.two_factor_enabled, a.user_name
FROM "AspNetUsers" AS a
WHERE a.id = @p
LIMIT 1
2026-08-14 13:18:34.344 +03:00 [INF] Executed DbCommand (3ms) [Parameters=[@userId='?' (DbType = Guid), @userId1='?' (DbType = Guid)], CommandType='"Text"', CommandTimeout='30']
SELECT count(*)::int
FROM tasks AS t
WHERE NOT (t.is_deleted) AND (t.created_by_id = @userId OR EXISTS (
    SELECT 1
    FROM task_assignees AS t0
    INNER JOIN (
        SELECT t1.id, t1.is_deleted
        FROM tasks AS t1
        WHERE NOT (t1.is_deleted)
    ) AS t2 ON t0.task_item_id = t2.id
    WHERE NOT (t2.is_deleted) AND t.id = t0.task_item_id AND t0.member_id = @userId1))
2026-08-14 13:18:34.351 +03:00 [INF] Executed DbCommand (3ms) [Parameters=[@nowUtc='?' (DbType = DateTime), @userId='?' (DbType = Guid), @userId1='?' (DbType = Guid), @p3='?' (DbType = Int32), @p='?' (DbType = Int32)], CommandType='"Text"', CommandTimeout='30']
SELECT t3.id, t3.title, t3.priority, t3.status, t3.due_at_utc, t3.scope, d.code, (
    SELECT count(*)::int
    FROM task_assignees AS t4
    INNER JOIN (
        SELECT t5.id, t5.is_deleted
        FROM tasks AS t5
        WHERE NOT (t5.is_deleted)
    ) AS t6 ON t4.task_item_id = t6.id
    WHERE NOT (t6.is_deleted) AND t3.id = t4.task_item_id), (
    SELECT count(*)::int
    FROM task_comments AS t7
    INNER JOIN (
        SELECT t8.id, t8.is_deleted
        FROM tasks AS t8
        WHERE NOT (t8.is_deleted)
    ) AS t9 ON t7.task_item_id = t9.id
    WHERE NOT (t9.is_deleted) AND t3.id = t7.task_item_id), (
    SELECT count(*)::int
    FROM task_documents AS t10
    INNER JOIN (
        SELECT t11.id, t11.is_deleted
        FROM tasks AS t11
        WHERE NOT (t11.is_deleted)
    ) AS t12 ON t10.task_item_id = t12.id
    WHERE NOT (t12.is_deleted) AND t3.id = t10.task_item_id), t3.due_at_utc IS NOT NULL AND t3.due_at_utc < @nowUtc AND t3.status <> 'Completed' AND t3.status <> 'Cancelled'
FROM (
    SELECT t.id, t.created_at_utc, t.department_id, t.due_at_utc, t.priority, t.scope, t.status, t.title
    FROM tasks AS t
    WHERE NOT (t.is_deleted) AND (t.created_by_id = @userId OR EXISTS (
        SELECT 1
        FROM task_assignees AS t0
        INNER JOIN (
            SELECT t1.id, t1.is_deleted
            FROM tasks AS t1
            WHERE NOT (t1.is_deleted)
        ) AS t2 ON t0.task_item_id = t2.id
        WHERE NOT (t2.is_deleted) AND t.id = t0.task_item_id AND t0.member_id = @userId1))
    ORDER BY t.created_at_utc DESC
    LIMIT @p3 OFFSET @p
) AS t3
LEFT JOIN departments AS d ON t3.department_id = d.id
ORDER BY t3.created_at_utc DESC
2026-08-14 13:18:34.351 +03:00 [INF] Handled GetTasksQuery for user "8cf9a97e-14aa-4aec-ae1f-82875cbb48c3" in 12 ms
2026-08-14 13:18:34.351 +03:00 [INF] HTTP GET /api/v1/tasks responded 200 in 14.6828 ms
2026-08-14 13:18:34.376 +03:00 [INF] Executed DbCommand (1ms) [Parameters=[@normalizedEmail='?'], CommandType='"Text"', CommandTimeout='30']
SELECT a.id, a.access_failed_count, a.concurrency_stamp, a.department_id, a.email, a.email_confirmed, a.full_name, a.joined_on, a.lockout_enabled, a.lockout_end, a.must_change_password, a.normalized_email, a.normalized_user_name, a.password_hash, a.phone_number, a.phone_number_confirmed, a.photo_url, a.role, a.security_stamp, a.status, a.two_factor_enabled, a.user_name
FROM "AspNetUsers" AS a
WHERE a.normalized_email = @normalizedEmail
LIMIT 2
2026-08-14 13:18:34.419 +03:00 [INF] Executed DbCommand (1ms) [Parameters=[@p0='?' (DbType = Guid), @p1='?' (DbType = DateTime), @p2='?' (DbType = DateTime), @p3='?' (DbType = Guid), @p4='?', @p5='?' (DbType = DateTime), @p6='?'], CommandType='"Text"', CommandTimeout='30']
INSERT INTO refresh_tokens (id, created_at_utc, expires_at_utc, member_id, replaced_by_token_hash, revoked_at_utc, token_hash)
VALUES (@p0, @p1, @p2, @p3, @p4, @p5, @p6);
2026-08-14 13:18:34.419 +03:00 [INF] Handled LoginCommand for user null in 44 ms
2026-08-14 13:18:34.419 +03:00 [INF] HTTP POST /api/v1/auth/login responded 200 in 44.8603 ms
2026-08-14 13:18:34.435 +03:00 [INF] Executed DbCommand (1ms) [Parameters=[@p='?' (DbType = Guid)], CommandType='"Text"', CommandTimeout='30']
SELECT a.id, a.access_failed_count, a.concurrency_stamp, a.department_id, a.email, a.email_confirmed, a.full_name, a.joined_on, a.lockout_enabled, a.lockout_end, a.must_change_password, a.normalized_email, a.normalized_user_name, a.password_hash, a.phone_number, a.phone_number_confirmed, a.photo_url, a.role, a.security_stamp, a.status, a.two_factor_enabled, a.user_name
FROM "AspNetUsers" AS a
WHERE a.id = @p
LIMIT 1
2026-08-14 13:18:34.436 +03:00 [INF] Executed DbCommand (0ms) [Parameters=[], CommandType='"Text"', CommandTimeout='30']
SELECT count(*)::int
FROM tasks AS t
WHERE NOT (t.is_deleted)
2026-08-14 13:18:34.437 +03:00 [INF] Executed DbCommand (1ms) [Parameters=[@nowUtc='?' (DbType = DateTime), @p1='?' (DbType = Int32), @p='?' (DbType = Int32)], CommandType='"Text"', CommandTimeout='30']
SELECT t0.id, t0.title, t0.priority, t0.status, t0.due_at_utc, t0.scope, d.code, (
    SELECT count(*)::int
    FROM task_assignees AS t1
    INNER JOIN (
        SELECT t2.id, t2.is_deleted
        FROM tasks AS t2
        WHERE NOT (t2.is_deleted)
    ) AS t3 ON t1.task_item_id = t3.id
    WHERE NOT (t3.is_deleted) AND t0.id = t1.task_item_id), (
    SELECT count(*)::int
    FROM task_comments AS t4
    INNER JOIN (
        SELECT t5.id, t5.is_deleted
        FROM tasks AS t5
        WHERE NOT (t5.is_deleted)
    ) AS t6 ON t4.task_item_id = t6.id
    WHERE NOT (t6.is_deleted) AND t0.id = t4.task_item_id), (
    SELECT count(*)::int
    FROM task_documents AS t7
    INNER JOIN (
        SELECT t8.id, t8.is_deleted
        FROM tasks AS t8
        WHERE NOT (t8.is_deleted)
    ) AS t9 ON t7.task_item_id = t9.id
    WHERE NOT (t9.is_deleted) AND t0.id = t7.task_item_id), t0.due_at_utc IS NOT NULL AND t0.due_at_utc < @nowUtc AND t0.status <> 'Completed' AND t0.status <> 'Cancelled'
FROM (
    SELECT t.id, t.created_at_utc, t.department_id, t.due_at_utc, t.priority, t.scope, t.status, t.title
    FROM tasks AS t
    WHERE NOT (t.is_deleted)
    ORDER BY t.created_at_utc DESC
    LIMIT @p1 OFFSET @p
) AS t0
LEFT JOIN departments AS d ON t0.department_id = d.id
ORDER BY t0.created_at_utc DESC
2026-08-14 13:18:34.438 +03:00 [INF] Handled GetTasksQuery for user "e71006a3-891c-4459-aa20-bf6c6d8cab84" in 2 ms
2026-08-14 13:18:34.438 +03:00 [INF] HTTP GET /api/v1/tasks responded 200 in 4.0507 ms
2026-08-14 13:18:34.470 +03:00 [INF] Executed DbCommand (1ms) [Parameters=[@p='?' (DbType = Guid)], CommandType='"Text"', CommandTimeout='30']
SELECT a.id, a.access_failed_count, a.concurrency_stamp, a.department_id, a.email, a.email_confirmed, a.full_name, a.joined_on, a.lockout_enabled, a.lockout_end, a.must_change_password, a.normalized_email, a.normalized_user_name, a.password_hash, a.phone_number, a.phone_number_confirmed, a.photo_url, a.role, a.security_stamp, a.status, a.two_factor_enabled, a.user_name
FROM "AspNetUsers" AS a
WHERE a.id = @p
LIMIT 1
2026-08-14 13:18:34.472 +03:00 [INF] HTTP PUT /api/v1/tasks/902918e1-f1ce-4fc4-9dff-f56dda8cd969 responded 403 in 2.2241 ms
2026-08-14 13:18:55.637 +03:00 [INF] Executed DbCommand (1ms) [Parameters=[@normalizedEmail='?'], CommandType='"Text"', CommandTimeout='30']
SELECT a.id, a.access_failed_count, a.concurrency_stamp, a.department_id, a.email, a.email_confirmed, a.full_name, a.joined_on, a.lockout_enabled, a.lockout_end, a.must_change_password, a.normalized_email, a.normalized_user_name, a.password_hash, a.phone_number, a.phone_number_confirmed, a.photo_url, a.role, a.security_stamp, a.status, a.two_factor_enabled, a.user_name
FROM "AspNetUsers" AS a
WHERE a.normalized_email = @normalizedEmail
LIMIT 2
2026-08-14 13:18:55.678 +03:00 [INF] Executed DbCommand (1ms) [Parameters=[@p0='?' (DbType = Guid), @p1='?' (DbType = DateTime), @p2='?' (DbType = DateTime), @p3='?' (DbType = Guid), @p4='?', @p5='?' (DbType = DateTime), @p6='?'], CommandType='"Text"', CommandTimeout='30']
INSERT INTO refresh_tokens (id, created_at_utc, expires_at_utc, member_id, replaced_by_token_hash, revoked_at_utc, token_hash)
VALUES (@p0, @p1, @p2, @p3, @p4, @p5, @p6);
2026-08-14 13:18:55.678 +03:00 [INF] Handled LoginCommand for user null in 42 ms
2026-08-14 13:18:55.678 +03:00 [INF] HTTP POST /api/v1/auth/login responded 200 in 42.7053 ms
2026-08-14 13:18:55.692 +03:00 [INF] Executed DbCommand (1ms) [Parameters=[@p='?' (DbType = Guid)], CommandType='"Text"', CommandTimeout='30']
SELECT a.id, a.access_failed_count, a.concurrency_stamp, a.department_id, a.email, a.email_confirmed, a.full_name, a.joined_on, a.lockout_enabled, a.lockout_end, a.must_change_password, a.normalized_email, a.normalized_user_name, a.password_hash, a.phone_number, a.phone_number_confirmed, a.photo_url, a.role, a.security_stamp, a.status, a.two_factor_enabled, a.user_name
FROM "AspNetUsers" AS a
WHERE a.id = @p
LIMIT 1
2026-08-14 13:18:55.692 +03:00 [INF] Executed DbCommand (0ms) [Parameters=[], CommandType='"Text"', CommandTimeout='30']
SELECT d.id, d.code, d.created_at_utc, d.created_by_id, d.description, d.name, d.updated_at_utc, d.updated_by_id
FROM departments AS d
ORDER BY d.code
2026-08-14 13:18:55.693 +03:00 [INF] Executed DbCommand (0ms) [Parameters=[], CommandType='"Text"', CommandTimeout='30']
SELECT a.id AS "Id", a.full_name AS "FullName", a.email AS "Email", a.phone_number AS "PhoneNumber", a.photo_url AS "PhotoUrl", a.role AS "Role", a.department_id AS "DepartmentId", d.code AS "DepartmentCode", d.name AS "DepartmentName", a.joined_on AS "JoinedOn", a.status AS "Status"
FROM "AspNetUsers" AS a
LEFT JOIN departments AS d ON a.department_id = d.id
WHERE a.status = 'Active' AND a.department_id IS NOT NULL
2026-08-14 13:18:55.693 +03:00 [INF] Handled GetDepartmentsQuery for user "e71006a3-891c-4459-aa20-bf6c6d8cab84" in 0 ms
2026-08-14 13:18:55.693 +03:00 [INF] HTTP GET /api/v1/departments responded 200 in 2.2493 ms
2026-08-14 13:18:55.727 +03:00 [INF] Executed DbCommand (2ms) [Parameters=[@p='?' (DbType = Guid)], CommandType='"Text"', CommandTimeout='30']
SELECT a.id, a.access_failed_count, a.concurrency_stamp, a.department_id, a.email, a.email_confirmed, a.full_name, a.joined_on, a.lockout_enabled, a.lockout_end, a.must_change_password, a.normalized_email, a.normalized_user_name, a.password_hash, a.phone_number, a.phone_number_confirmed, a.photo_url, a.role, a.security_stamp, a.status, a.two_factor_enabled, a.user_name
FROM "AspNetUsers" AS a
WHERE a.id = @p
LIMIT 1
2026-08-14 13:18:55.728 +03:00 [INF] Executed DbCommand (0ms) [Parameters=[@id='?' (DbType = Guid)], CommandType='"Text"', CommandTimeout='30']
SELECT EXISTS (
    SELECT 1
    FROM departments AS d
    WHERE d.id = @id)
2026-08-14 13:18:55.729 +03:00 [INF] Executed DbCommand (1ms) [Parameters=[@distinct='?' (DbType = Object)], CommandType='"Text"', CommandTimeout='30']
SELECT count(*)::int
FROM "AspNetUsers" AS a
WHERE a.id = ANY (@distinct) AND a.status = 'Active'
2026-08-14 13:18:55.730 +03:00 [INF] Executed DbCommand (1ms) [Parameters=[@p0='?' (DbType = Guid), @p1='?' (DbType = DateTime), @p2='?' (DbType = Guid), @p3='?' (DbType = DateTime), @p4='?' (DbType = Guid), @p5='?', @p6='?' (DbType = DateTime), @p7='?' (DbType = DateTime), @p8='?' (DbType = Boolean), @p9='?' (DbType = DateTime), @p10='?', @p11='?', @p12='?', @p13='?', @p14='?' (DbType = DateTime), @p15='?' (DbType = Guid), @p16='?' (DbType = Guid), @p17='?' (DbType = Guid)], CommandType='"Text"', CommandTimeout='30']
INSERT INTO tasks (id, created_at_utc, created_by_id, deleted_at_utc, department_id, description, due_at_utc, due_soon_notified_at_utc, is_deleted, overdue_notified_at_utc, priority, scope, status, title, updated_at_utc, updated_by_id)
VALUES (@p0, @p1, @p2, @p3, @p4, @p5, @p6, @p7, @p8, @p9, @p10, @p11, @p12, @p13, @p14, @p15);
INSERT INTO task_assignees (member_id, task_item_id)
VALUES (@p16, @p17);
2026-08-14 13:18:55.731 +03:00 [INF] Executed DbCommand (1ms) [Parameters=[@p0='?' (DbType = Guid), @p1='?', @p2='?' (DbType = DateTime), @p3='?' (DbType = Guid), @p4='?' (DbType = Boolean), @p5='?' (DbType = Object), @p6='?' (DbType = Guid), @p7='?', @p8='?', @p9='?' (DbType = DateTime), @p10='?' (DbType = Guid)], CommandType='"Text"', CommandTimeout='30']
INSERT INTO notifications (id, body, created_at_utc, created_by_id, is_read, payload, recipient_id, title, type, updated_at_utc, updated_by_id)
VALUES (@p0, @p1, @p2, @p3, @p4, @p5, @p6, @p7, @p8, @p9, @p10);
2026-08-14 13:18:55.731 +03:00 [INF] [DEV PUSH] "TaskAssigned" -> 1 member(s) | Нова задача | Назначена Ви е задача: Задача за Иво
2026-08-14 13:18:55.735 +03:00 [INF] Executed DbCommand (3ms) [Parameters=[@taskId='?' (DbType = Guid)], CommandType='"Text"', CommandTimeout='30']
SELECT s.id, s.created_at_utc, s.created_by_id, s.deleted_at_utc, s.department_id, s.description, s.due_at_utc, s.due_soon_notified_at_utc, s.is_deleted, s.overdue_notified_at_utc, s.priority, s.scope, s.status, s.title, s.updated_at_utc, s.updated_by_id, s.id0, s.code, s.created_at_utc0, s.created_by_id0, s.description0, s.name, s.updated_at_utc0, s.updated_by_id0, s0.task_item_id, s0.member_id, s0.id, s1.id, s1.author_id, s1.created_at_utc, s1.created_by_id, s1.task_item_id, s1.text, s1.updated_at_utc, s1.updated_by_id, s1.id0, s2.id, s2.content_type, s2.created_at_utc, s2.created_by_id, s2.original_file_name, s2.size_bytes, s2.storage_key, s2.task_item_id, s2.updated_at_utc, s2.updated_by_id, s2.uploaded_at_utc, s2.uploaded_by_id, s2.id0
FROM (
    SELECT t.id, t.created_at_utc, t.created_by_id, t.deleted_at_utc, t.department_id, t.description, t.due_at_utc, t.due_soon_notified_at_utc, t.is_deleted, t.overdue_notified_at_utc, t.priority, t.scope, t.status, t.title, t.updated_at_utc, t.updated_by_id, d.id AS id0, d.code, d.created_at_utc AS created_at_utc0, d.created_by_id AS created_by_id0, d.description AS description0, d.name, d.updated_at_utc AS updated_at_utc0, d.updated_by_id AS updated_by_id0
    FROM tasks AS t
    LEFT JOIN departments AS d ON t.department_id = d.id
    WHERE NOT (t.is_deleted) AND t.id = @taskId
    LIMIT 1
) AS s
LEFT JOIN (
    SELECT t0.task_item_id, t0.member_id, t2.id
    FROM task_assignees AS t0
    INNER JOIN (
        SELECT t1.id, t1.is_deleted
        FROM tasks AS t1
        WHERE NOT (t1.is_deleted)
    ) AS t2 ON t0.task_item_id = t2.id
    WHERE NOT (t2.is_deleted)
) AS s0 ON s.id = s0.task_item_id
LEFT JOIN (
    SELECT t3.id, t3.author_id, t3.created_at_utc, t3.created_by_id, t3.task_item_id, t3.text, t3.updated_at_utc, t3.updated_by_id, t5.id AS id0
    FROM task_comments AS t3
    INNER JOIN (
        SELECT t4.id, t4.is_deleted
        FROM tasks AS t4
        WHERE NOT (t4.is_deleted)
    ) AS t5 ON t3.task_item_id = t5.id
    WHERE NOT (t5.is_deleted)
) AS s1 ON s.id = s1.task_item_id
LEFT JOIN (
    SELECT t6.id, t6.content_type, t6.created_at_utc, t6.created_by_id, t6.original_file_name, t6.size_bytes, t6.storage_key, t6.task_item_id, t6.updated_at_utc, t6.updated_by_id, t6.uploaded_at_utc, t6.uploaded_by_id, t8.id AS id0
    FROM task_documents AS t6
    INNER JOIN (
        SELECT t7.id, t7.is_deleted
        FROM tasks AS t7
        WHERE NOT (t7.is_deleted)
    ) AS t8 ON t6.task_item_id = t8.id
    WHERE NOT (t8.is_deleted)
) AS s2 ON s.id = s2.task_item_id
ORDER BY s.id, s.id0, s0.task_item_id, s0.member_id, s0.id, s1.id, s1.id0, s2.id
2026-08-14 13:18:55.736 +03:00 [INF] Executed DbCommand (1ms) [Parameters=[@distinct='?' (DbType = Object)], CommandType='"Text"', CommandTimeout='30']
SELECT a.id AS "Id", a.full_name AS "FullName", a.email AS "Email", a.phone_number AS "PhoneNumber", a.photo_url AS "PhotoUrl", a.role AS "Role", a.department_id AS "DepartmentId", d.code AS "DepartmentCode", d.name AS "DepartmentName", a.joined_on AS "JoinedOn", a.status AS "Status"
FROM "AspNetUsers" AS a
LEFT JOIN departments AS d ON a.department_id = d.id
WHERE a.id = ANY (@distinct)
2026-08-14 13:18:55.736 +03:00 [INF] Handled CreateTaskCommand for user "e71006a3-891c-4459-aa20-bf6c6d8cab84" in 7 ms
2026-08-14 13:18:55.736 +03:00 [INF] HTTP POST /api/v1/tasks responded 201 in 11.5831 ms
2026-08-14 13:18:55.759 +03:00 [INF] Executed DbCommand (1ms) [Parameters=[@normalizedEmail='?'], CommandType='"Text"', CommandTimeout='30']
SELECT a.id, a.access_failed_count, a.concurrency_stamp, a.department_id, a.email, a.email_confirmed, a.full_name, a.joined_on, a.lockout_enabled, a.lockout_end, a.must_change_password, a.normalized_email, a.normalized_user_name, a.password_hash, a.phone_number, a.phone_number_confirmed, a.photo_url, a.role, a.security_stamp, a.status, a.two_factor_enabled, a.user_name
FROM "AspNetUsers" AS a
WHERE a.normalized_email = @normalizedEmail
LIMIT 2
2026-08-14 13:18:55.760 +03:00 [INF] Executed DbCommand (0ms) [Parameters=[@departmentId='?' (DbType = Guid)], CommandType='"Text"', CommandTimeout='30']
SELECT d.code
FROM departments AS d
WHERE d.id = @departmentId
LIMIT 1
2026-08-14 13:18:55.802 +03:00 [INF] Executed DbCommand (1ms) [Parameters=[@p0='?' (DbType = Guid), @p1='?' (DbType = DateTime), @p2='?' (DbType = DateTime), @p3='?' (DbType = Guid), @p4='?', @p5='?' (DbType = DateTime), @p6='?'], CommandType='"Text"', CommandTimeout='30']
INSERT INTO refresh_tokens (id, created_at_utc, expires_at_utc, member_id, replaced_by_token_hash, revoked_at_utc, token_hash)
VALUES (@p0, @p1, @p2, @p3, @p4, @p5, @p6);
2026-08-14 13:18:55.802 +03:00 [INF] Handled LoginCommand for user null in 44 ms
2026-08-14 13:18:55.802 +03:00 [INF] HTTP POST /api/v1/auth/login responded 200 in 44.4130 ms
2026-08-14 13:18:55.818 +03:00 [INF] Executed DbCommand (1ms) [Parameters=[@p='?' (DbType = Guid)], CommandType='"Text"', CommandTimeout='30']
SELECT a.id, a.access_failed_count, a.concurrency_stamp, a.department_id, a.email, a.email_confirmed, a.full_name, a.joined_on, a.lockout_enabled, a.lockout_end, a.must_change_password, a.normalized_email, a.normalized_user_name, a.password_hash, a.phone_number, a.phone_number_confirmed, a.photo_url, a.role, a.security_stamp, a.status, a.two_factor_enabled, a.user_name
FROM "AspNetUsers" AS a
WHERE a.id = @p
LIMIT 1
2026-08-14 13:18:55.819 +03:00 [INF] Executed DbCommand (1ms) [Parameters=[@userId='?' (DbType = Guid), @userId1='?' (DbType = Guid)], CommandType='"Text"', CommandTimeout='30']
SELECT count(*)::int
FROM tasks AS t
WHERE NOT (t.is_deleted) AND (t.created_by_id = @userId OR EXISTS (
    SELECT 1
    FROM task_assignees AS t0
    INNER JOIN (
        SELECT t1.id, t1.is_deleted
        FROM tasks AS t1
        WHERE NOT (t1.is_deleted)
    ) AS t2 ON t0.task_item_id = t2.id
    WHERE NOT (t2.is_deleted) AND t.id = t0.task_item_id AND t0.member_id = @userId1))
2026-08-14 13:18:55.821 +03:00 [INF] Executed DbCommand (2ms) [Parameters=[@nowUtc='?' (DbType = DateTime), @userId='?' (DbType = Guid), @userId1='?' (DbType = Guid), @p3='?' (DbType = Int32), @p='?' (DbType = Int32)], CommandType='"Text"', CommandTimeout='30']
SELECT t3.id, t3.title, t3.priority, t3.status, t3.due_at_utc, t3.scope, d.code, (
    SELECT count(*)::int
    FROM task_assignees AS t4
    INNER JOIN (
        SELECT t5.id, t5.is_deleted
        FROM tasks AS t5
        WHERE NOT (t5.is_deleted)
    ) AS t6 ON t4.task_item_id = t6.id
    WHERE NOT (t6.is_deleted) AND t3.id = t4.task_item_id), (
    SELECT count(*)::int
    FROM task_comments AS t7
    INNER JOIN (
        SELECT t8.id, t8.is_deleted
        FROM tasks AS t8
        WHERE NOT (t8.is_deleted)
    ) AS t9 ON t7.task_item_id = t9.id
    WHERE NOT (t9.is_deleted) AND t3.id = t7.task_item_id), (
    SELECT count(*)::int
    FROM task_documents AS t10
    INNER JOIN (
        SELECT t11.id, t11.is_deleted
        FROM tasks AS t11
        WHERE NOT (t11.is_deleted)
    ) AS t12 ON t10.task_item_id = t12.id
    WHERE NOT (t12.is_deleted) AND t3.id = t10.task_item_id), t3.due_at_utc IS NOT NULL AND t3.due_at_utc < @nowUtc AND t3.status <> 'Completed' AND t3.status <> 'Cancelled'
FROM (
    SELECT t.id, t.created_at_utc, t.department_id, t.due_at_utc, t.priority, t.scope, t.status, t.title
    FROM tasks AS t
    WHERE NOT (t.is_deleted) AND (t.created_by_id = @userId OR EXISTS (
        SELECT 1
        FROM task_assignees AS t0
        INNER JOIN (
            SELECT t1.id, t1.is_deleted
            FROM tasks AS t1
            WHERE NOT (t1.is_deleted)
        ) AS t2 ON t0.task_item_id = t2.id
        WHERE NOT (t2.is_deleted) AND t.id = t0.task_item_id AND t0.member_id = @userId1))
    ORDER BY t.created_at_utc DESC
    LIMIT @p3 OFFSET @p
) AS t3
LEFT JOIN departments AS d ON t3.department_id = d.id
ORDER BY t3.created_at_utc DESC
2026-08-14 13:18:55.821 +03:00 [INF] Handled GetTasksQuery for user "8cf9a97e-14aa-4aec-ae1f-82875cbb48c3" in 2 ms
2026-08-14 13:18:55.821 +03:00 [INF] HTTP GET /api/v1/tasks responded 200 in 4.6305 ms
2026-08-14 13:18:55.853 +03:00 [INF] Executed DbCommand (1ms) [Parameters=[@p='?' (DbType = Guid)], CommandType='"Text"', CommandTimeout='30']
SELECT a.id, a.access_failed_count, a.concurrency_stamp, a.department_id, a.email, a.email_confirmed, a.full_name, a.joined_on, a.lockout_enabled, a.lockout_end, a.must_change_password, a.normalized_email, a.normalized_user_name, a.password_hash, a.phone_number, a.phone_number_confirmed, a.photo_url, a.role, a.security_stamp, a.status, a.two_factor_enabled, a.user_name
FROM "AspNetUsers" AS a
WHERE a.id = @p
LIMIT 1
2026-08-14 13:18:55.855 +03:00 [INF] Executed DbCommand (1ms) [Parameters=[@request_Id='?' (DbType = Guid)], CommandType='"Text"', CommandTimeout='30']
SELECT t3.id, t3.created_at_utc, t3.created_by_id, t3.deleted_at_utc, t3.department_id, t3.description, t3.due_at_utc, t3.due_soon_notified_at_utc, t3.is_deleted, t3.overdue_notified_at_utc, t3.priority, t3.scope, t3.status, t3.title, t3.updated_at_utc, t3.updated_by_id, s.task_item_id, s.member_id, s.id
FROM (
    SELECT t.id, t.created_at_utc, t.created_by_id, t.deleted_at_utc, t.department_id, t.description, t.due_at_utc, t.due_soon_notified_at_utc, t.is_deleted, t.overdue_notified_at_utc, t.priority, t.scope, t.status, t.title, t.updated_at_utc, t.updated_by_id
    FROM tasks AS t
    WHERE NOT (t.is_deleted) AND t.id = @request_Id
    LIMIT 1
) AS t3
LEFT JOIN (
    SELECT t0.task_item_id, t0.member_id, t2.id
    FROM task_assignees AS t0
    INNER JOIN (
        SELECT t1.id, t1.is_deleted
        FROM tasks AS t1
        WHERE NOT (t1.is_deleted)
    ) AS t2 ON t0.task_item_id = t2.id
    WHERE NOT (t2.is_deleted)
) AS s ON t3.id = s.task_item_id
ORDER BY t3.id, s.task_item_id, s.member_id
2026-08-14 13:18:55.857 +03:00 [INF] Handled ChangeTaskStatusCommand for user "8cf9a97e-14aa-4aec-ae1f-82875cbb48c3" in 3 ms
2026-08-14 13:18:55.858 +03:00 [WRN] Handled invalid_status_transition (409): A task cannot move from New to Completed.
2026-08-14 13:18:55.858 +03:00 [INF] HTTP PATCH /api/v1/tasks/caafc2ab-6c3d-4b70-bf8d-f36e2f3ebe2a/status responded 409 in 5.8642 ms
2026-08-14 13:18:55.871 +03:00 [INF] Executed DbCommand (1ms) [Parameters=[@p='?' (DbType = Guid)], CommandType='"Text"', CommandTimeout='30']
SELECT a.id, a.access_failed_count, a.concurrency_stamp, a.department_id, a.email, a.email_confirmed, a.full_name, a.joined_on, a.lockout_enabled, a.lockout_end, a.must_change_password, a.normalized_email, a.normalized_user_name, a.password_hash, a.phone_number, a.phone_number_confirmed, a.photo_url, a.role, a.security_stamp, a.status, a.two_factor_enabled, a.user_name
FROM "AspNetUsers" AS a
WHERE a.id = @p
LIMIT 1
2026-08-14 13:18:55.874 +03:00 [INF] Executed DbCommand (1ms) [Parameters=[@request_Id='?' (DbType = Guid)], CommandType='"Text"', CommandTimeout='30']
SELECT t3.id, t3.created_at_utc, t3.created_by_id, t3.deleted_at_utc, t3.department_id, t3.description, t3.due_at_utc, t3.due_soon_notified_at_utc, t3.is_deleted, t3.overdue_notified_at_utc, t3.priority, t3.scope, t3.status, t3.title, t3.updated_at_utc, t3.updated_by_id, s.task_item_id, s.member_id, s.id
FROM (
    SELECT t.id, t.created_at_utc, t.created_by_id, t.deleted_at_utc, t.department_id, t.description, t.due_at_utc, t.due_soon_notified_at_utc, t.is_deleted, t.overdue_notified_at_utc, t.priority, t.scope, t.status, t.title, t.updated_at_utc, t.updated_by_id
    FROM tasks AS t
    WHERE NOT (t.is_deleted) AND t.id = @request_Id
    LIMIT 1
) AS t3
LEFT JOIN (
    SELECT t0.task_item_id, t0.member_id, t2.id
    FROM task_assignees AS t0
    INNER JOIN (
        SELECT t1.id, t1.is_deleted
        FROM tasks AS t1
        WHERE NOT (t1.is_deleted)
    ) AS t2 ON t0.task_item_id = t2.id
    WHERE NOT (t2.is_deleted)
) AS s ON t3.id = s.task_item_id
ORDER BY t3.id, s.task_item_id, s.member_id
2026-08-14 13:18:55.874 +03:00 [INF] Handled ChangeTaskStatusCommand for user "8cf9a97e-14aa-4aec-ae1f-82875cbb48c3" in 1 ms
2026-08-14 13:18:55.874 +03:00 [WRN] Handled invalid_status_transition (409): A task cannot move from New to InReview.
2026-08-14 13:18:55.875 +03:00 [INF] HTTP PATCH /api/v1/tasks/caafc2ab-6c3d-4b70-bf8d-f36e2f3ebe2a/status responded 409 in 4.6027 ms
2026-08-14 13:18:55.888 +03:00 [INF] Executed DbCommand (1ms) [Parameters=[@p='?' (DbType = Guid)], CommandType='"Text"', CommandTimeout='30']
SELECT a.id, a.access_failed_count, a.concurrency_stamp, a.department_id, a.email, a.email_confirmed, a.full_name, a.joined_on, a.lockout_enabled, a.lockout_end, a.must_change_password, a.normalized_email, a.normalized_user_name, a.password_hash, a.phone_number, a.phone_number_confirmed, a.photo_url, a.role, a.security_stamp, a.status, a.two_factor_enabled, a.user_name
FROM "AspNetUsers" AS a
WHERE a.id = @p
LIMIT 1
2026-08-14 13:18:55.889 +03:00 [INF] Executed DbCommand (1ms) [Parameters=[@request_Id='?' (DbType = Guid)], CommandType='"Text"', CommandTimeout='30']
SELECT t3.id, t3.created_at_utc, t3.created_by_id, t3.deleted_at_utc, t3.department_id, t3.description, t3.due_at_utc, t3.due_soon_notified_at_utc, t3.is_deleted, t3.overdue_notified_at_utc, t3.priority, t3.scope, t3.status, t3.title, t3.updated_at_utc, t3.updated_by_id, s.task_item_id, s.member_id, s.id
FROM (
    SELECT t.id, t.created_at_utc, t.created_by_id, t.deleted_at_utc, t.department_id, t.description, t.due_at_utc, t.due_soon_notified_at_utc, t.is_deleted, t.overdue_notified_at_utc, t.priority, t.scope, t.status, t.title, t.updated_at_utc, t.updated_by_id
    FROM tasks AS t
    WHERE NOT (t.is_deleted) AND t.id = @request_Id
    LIMIT 1
) AS t3
LEFT JOIN (
    SELECT t0.task_item_id, t0.member_id, t2.id
    FROM task_assignees AS t0
    INNER JOIN (
        SELECT t1.id, t1.is_deleted
        FROM tasks AS t1
        WHERE NOT (t1.is_deleted)
    ) AS t2 ON t0.task_item_id = t2.id
    WHERE NOT (t2.is_deleted)
) AS s ON t3.id = s.task_item_id
ORDER BY t3.id, s.task_item_id, s.member_id
2026-08-14 13:18:55.890 +03:00 [INF] Executed DbCommand (1ms) [Parameters=[@p3='?' (DbType = Guid), @p0='?', @p1='?' (DbType = DateTime), @p2='?' (DbType = Guid)], CommandType='"Text"', CommandTimeout='30']
UPDATE tasks SET status = @p0, updated_at_utc = @p1, updated_by_id = @p2
WHERE id = @p3;
2026-08-14 13:18:55.892 +03:00 [INF] Executed DbCommand (0ms) [Parameters=[@p0='?' (DbType = Guid), @p1='?', @p2='?' (DbType = DateTime), @p3='?' (DbType = Guid), @p4='?' (DbType = Boolean), @p5='?' (DbType = Object), @p6='?' (DbType = Guid), @p7='?', @p8='?', @p9='?' (DbType = DateTime), @p10='?' (DbType = Guid)], CommandType='"Text"', CommandTimeout='30']
INSERT INTO notifications (id, body, created_at_utc, created_by_id, is_read, payload, recipient_id, title, type, updated_at_utc, updated_by_id)
VALUES (@p0, @p1, @p2, @p3, @p4, @p5, @p6, @p7, @p8, @p9, @p10);
2026-08-14 13:18:55.892 +03:00 [INF] [DEV PUSH] "TaskStatusChanged" -> 1 member(s) | Промяна на статус | Задача „Задача за Иво“ е със статус „В процес“.
2026-08-14 13:18:55.894 +03:00 [INF] Executed DbCommand (1ms) [Parameters=[@taskId='?' (DbType = Guid)], CommandType='"Text"', CommandTimeout='30']
SELECT s.id, s.created_at_utc, s.created_by_id, s.deleted_at_utc, s.department_id, s.description, s.due_at_utc, s.due_soon_notified_at_utc, s.is_deleted, s.overdue_notified_at_utc, s.priority, s.scope, s.status, s.title, s.updated_at_utc, s.updated_by_id, s.id0, s.code, s.created_at_utc0, s.created_by_id0, s.description0, s.name, s.updated_at_utc0, s.updated_by_id0, s0.task_item_id, s0.member_id, s0.id, s1.id, s1.author_id, s1.created_at_utc, s1.created_by_id, s1.task_item_id, s1.text, s1.updated_at_utc, s1.updated_by_id, s1.id0, s2.id, s2.content_type, s2.created_at_utc, s2.created_by_id, s2.original_file_name, s2.size_bytes, s2.storage_key, s2.task_item_id, s2.updated_at_utc, s2.updated_by_id, s2.uploaded_at_utc, s2.uploaded_by_id, s2.id0
FROM (
    SELECT t.id, t.created_at_utc, t.created_by_id, t.deleted_at_utc, t.department_id, t.description, t.due_at_utc, t.due_soon_notified_at_utc, t.is_deleted, t.overdue_notified_at_utc, t.priority, t.scope, t.status, t.title, t.updated_at_utc, t.updated_by_id, d.id AS id0, d.code, d.created_at_utc AS created_at_utc0, d.created_by_id AS created_by_id0, d.description AS description0, d.name, d.updated_at_utc AS updated_at_utc0, d.updated_by_id AS updated_by_id0
    FROM tasks AS t
    LEFT JOIN departments AS d ON t.department_id = d.id
    WHERE NOT (t.is_deleted) AND t.id = @taskId
    LIMIT 1
) AS s
LEFT JOIN (
    SELECT t0.task_item_id, t0.member_id, t2.id
    FROM task_assignees AS t0
    INNER JOIN (
        SELECT t1.id, t1.is_deleted
        FROM tasks AS t1
        WHERE NOT (t1.is_deleted)
    ) AS t2 ON t0.task_item_id = t2.id
    WHERE NOT (t2.is_deleted)
) AS s0 ON s.id = s0.task_item_id
LEFT JOIN (
    SELECT t3.id, t3.author_id, t3.created_at_utc, t3.created_by_id, t3.task_item_id, t3.text, t3.updated_at_utc, t3.updated_by_id, t5.id AS id0
    FROM task_comments AS t3
    INNER JOIN (
        SELECT t4.id, t4.is_deleted
        FROM tasks AS t4
        WHERE NOT (t4.is_deleted)
    ) AS t5 ON t3.task_item_id = t5.id
    WHERE NOT (t5.is_deleted)
) AS s1 ON s.id = s1.task_item_id
LEFT JOIN (
    SELECT t6.id, t6.content_type, t6.created_at_utc, t6.created_by_id, t6.original_file_name, t6.size_bytes, t6.storage_key, t6.task_item_id, t6.updated_at_utc, t6.updated_by_id, t6.uploaded_at_utc, t6.uploaded_by_id, t8.id AS id0
    FROM task_documents AS t6
    INNER JOIN (
        SELECT t7.id, t7.is_deleted
        FROM tasks AS t7
        WHERE NOT (t7.is_deleted)
    ) AS t8 ON t6.task_item_id = t8.id
    WHERE NOT (t8.is_deleted)
) AS s2 ON s.id = s2.task_item_id
ORDER BY s.id, s.id0, s0.task_item_id, s0.member_id, s0.id, s1.id, s1.id0, s2.id
2026-08-14 13:18:55.895 +03:00 [INF] Executed DbCommand (0ms) [Parameters=[@distinct='?' (DbType = Object)], CommandType='"Text"', CommandTimeout='30']
SELECT a.id AS "Id", a.full_name AS "FullName", a.email AS "Email", a.phone_number AS "PhoneNumber", a.photo_url AS "PhotoUrl", a.role AS "Role", a.department_id AS "DepartmentId", d.code AS "DepartmentCode", d.name AS "DepartmentName", a.joined_on AS "JoinedOn", a.status AS "Status"
FROM "AspNetUsers" AS a
LEFT JOIN departments AS d ON a.department_id = d.id
WHERE a.id = ANY (@distinct)
2026-08-14 13:18:55.895 +03:00 [INF] Handled ChangeTaskStatusCommand for user "8cf9a97e-14aa-4aec-ae1f-82875cbb48c3" in 6 ms
2026-08-14 13:18:55.895 +03:00 [INF] HTTP PATCH /api/v1/tasks/caafc2ab-6c3d-4b70-bf8d-f36e2f3ebe2a/status responded 200 in 8.2392 ms
2026-08-14 13:18:55.907 +03:00 [INF] Executed DbCommand (1ms) [Parameters=[@p='?' (DbType = Guid)], CommandType='"Text"', CommandTimeout='30']
SELECT a.id, a.access_failed_count, a.concurrency_stamp, a.department_id, a.email, a.email_confirmed, a.full_name, a.joined_on, a.lockout_enabled, a.lockout_end, a.must_change_password, a.normalized_email, a.normalized_user_name, a.password_hash, a.phone_number, a.phone_number_confirmed, a.photo_url, a.role, a.security_stamp, a.status, a.two_factor_enabled, a.user_name
FROM "AspNetUsers" AS a
WHERE a.id = @p
LIMIT 1
2026-08-14 13:18:55.909 +03:00 [INF] Executed DbCommand (1ms) [Parameters=[@request_Id='?' (DbType = Guid)], CommandType='"Text"', CommandTimeout='30']
SELECT t3.id, t3.created_at_utc, t3.created_by_id, t3.deleted_at_utc, t3.department_id, t3.description, t3.due_at_utc, t3.due_soon_notified_at_utc, t3.is_deleted, t3.overdue_notified_at_utc, t3.priority, t3.scope, t3.status, t3.title, t3.updated_at_utc, t3.updated_by_id, s.task_item_id, s.member_id, s.id
FROM (
    SELECT t.id, t.created_at_utc, t.created_by_id, t.deleted_at_utc, t.department_id, t.description, t.due_at_utc, t.due_soon_notified_at_utc, t.is_deleted, t.overdue_notified_at_utc, t.priority, t.scope, t.status, t.title, t.updated_at_utc, t.updated_by_id
    FROM tasks AS t
    WHERE NOT (t.is_deleted) AND t.id = @request_Id
    LIMIT 1
) AS t3
LEFT JOIN (
    SELECT t0.task_item_id, t0.member_id, t2.id
    FROM task_assignees AS t0
    INNER JOIN (
        SELECT t1.id, t1.is_deleted
        FROM tasks AS t1
        WHERE NOT (t1.is_deleted)
    ) AS t2 ON t0.task_item_id = t2.id
    WHERE NOT (t2.is_deleted)
) AS s ON t3.id = s.task_item_id
ORDER BY t3.id, s.task_item_id, s.member_id
2026-08-14 13:18:55.910 +03:00 [INF] Executed DbCommand (1ms) [Parameters=[@p2='?' (DbType = Guid), @p0='?', @p1='?' (DbType = DateTime)], CommandType='"Text"', CommandTimeout='30']
UPDATE tasks SET status = @p0, updated_at_utc = @p1
WHERE id = @p2;
2026-08-14 13:18:55.911 +03:00 [INF] Executed DbCommand (1ms) [Parameters=[@p0='?' (DbType = Guid), @p1='?', @p2='?' (DbType = DateTime), @p3='?' (DbType = Guid), @p4='?' (DbType = Boolean), @p5='?' (DbType = Object), @p6='?' (DbType = Guid), @p7='?', @p8='?', @p9='?' (DbType = DateTime), @p10='?' (DbType = Guid)], CommandType='"Text"', CommandTimeout='30']
INSERT INTO notifications (id, body, created_at_utc, created_by_id, is_read, payload, recipient_id, title, type, updated_at_utc, updated_by_id)
VALUES (@p0, @p1, @p2, @p3, @p4, @p5, @p6, @p7, @p8, @p9, @p10);
2026-08-14 13:18:55.911 +03:00 [INF] [DEV PUSH] "TaskStatusChanged" -> 1 member(s) | Промяна на статус | Задача „Задача за Иво“ е със статус „За проверка“.
2026-08-14 13:18:55.914 +03:00 [INF] Executed DbCommand (3ms) [Parameters=[@taskId='?' (DbType = Guid)], CommandType='"Text"', CommandTimeout='30']
SELECT s.id, s.created_at_utc, s.created_by_id, s.deleted_at_utc, s.department_id, s.description, s.due_at_utc, s.due_soon_notified_at_utc, s.is_deleted, s.overdue_notified_at_utc, s.priority, s.scope, s.status, s.title, s.updated_at_utc, s.updated_by_id, s.id0, s.code, s.created_at_utc0, s.created_by_id0, s.description0, s.name, s.updated_at_utc0, s.updated_by_id0, s0.task_item_id, s0.member_id, s0.id, s1.id, s1.author_id, s1.created_at_utc, s1.created_by_id, s1.task_item_id, s1.text, s1.updated_at_utc, s1.updated_by_id, s1.id0, s2.id, s2.content_type, s2.created_at_utc, s2.created_by_id, s2.original_file_name, s2.size_bytes, s2.storage_key, s2.task_item_id, s2.updated_at_utc, s2.updated_by_id, s2.uploaded_at_utc, s2.uploaded_by_id, s2.id0
FROM (
    SELECT t.id, t.created_at_utc, t.created_by_id, t.deleted_at_utc, t.department_id, t.description, t.due_at_utc, t.due_soon_notified_at_utc, t.is_deleted, t.overdue_notified_at_utc, t.priority, t.scope, t.status, t.title, t.updated_at_utc, t.updated_by_id, d.id AS id0, d.code, d.created_at_utc AS created_at_utc0, d.created_by_id AS created_by_id0, d.description AS description0, d.name, d.updated_at_utc AS updated_at_utc0, d.updated_by_id AS updated_by_id0
    FROM tasks AS t
    LEFT JOIN departments AS d ON t.department_id = d.id
    WHERE NOT (t.is_deleted) AND t.id = @taskId
    LIMIT 1
) AS s
LEFT JOIN (
    SELECT t0.task_item_id, t0.member_id, t2.id
    FROM task_assignees AS t0
    INNER JOIN (
        SELECT t1.id, t1.is_deleted
        FROM tasks AS t1
        WHERE NOT (t1.is_deleted)
    ) AS t2 ON t0.task_item_id = t2.id
    WHERE NOT (t2.is_deleted)
) AS s0 ON s.id = s0.task_item_id
LEFT JOIN (
    SELECT t3.id, t3.author_id, t3.created_at_utc, t3.created_by_id, t3.task_item_id, t3.text, t3.updated_at_utc, t3.updated_by_id, t5.id AS id0
    FROM task_comments AS t3
    INNER JOIN (
        SELECT t4.id, t4.is_deleted
        FROM tasks AS t4
        WHERE NOT (t4.is_deleted)
    ) AS t5 ON t3.task_item_id = t5.id
    WHERE NOT (t5.is_deleted)
) AS s1 ON s.id = s1.task_item_id
LEFT JOIN (
    SELECT t6.id, t6.content_type, t6.created_at_utc, t6.created_by_id, t6.original_file_name, t6.size_bytes, t6.storage_key, t6.task_item_id, t6.updated_at_utc, t6.updated_by_id, t6.uploaded_at_utc, t6.uploaded_by_id, t8.id AS id0
    FROM task_documents AS t6
    INNER JOIN (
        SELECT t7.id, t7.is_deleted
        FROM tasks AS t7
        WHERE NOT (t7.is_deleted)
    ) AS t8 ON t6.task_item_id = t8.id
    WHERE NOT (t8.is_deleted)
) AS s2 ON s.id = s2.task_item_id
ORDER BY s.id, s.id0, s0.task_item_id, s0.member_id, s0.id, s1.id, s1.id0, s2.id
2026-08-14 13:18:55.915 +03:00 [INF] Executed DbCommand (1ms) [Parameters=[@distinct='?' (DbType = Object)], CommandType='"Text"', CommandTimeout='30']
SELECT a.id AS "Id", a.full_name AS "FullName", a.email AS "Email", a.phone_number AS "PhoneNumber", a.photo_url AS "PhotoUrl", a.role AS "Role", a.department_id AS "DepartmentId", d.code AS "DepartmentCode", d.name AS "DepartmentName", a.joined_on AS "JoinedOn", a.status AS "Status"
FROM "AspNetUsers" AS a
LEFT JOIN departments AS d ON a.department_id = d.id
WHERE a.id = ANY (@distinct)
2026-08-14 13:18:55.915 +03:00 [INF] Handled ChangeTaskStatusCommand for user "8cf9a97e-14aa-4aec-ae1f-82875cbb48c3" in 7 ms
2026-08-14 13:18:55.915 +03:00 [INF] HTTP PATCH /api/v1/tasks/caafc2ab-6c3d-4b70-bf8d-f36e2f3ebe2a/status responded 200 in 8.9618 ms
2026-08-14 13:18:55.928 +03:00 [INF] Executed DbCommand (1ms) [Parameters=[@p='?' (DbType = Guid)], CommandType='"Text"', CommandTimeout='30']
SELECT a.id, a.access_failed_count, a.concurrency_stamp, a.department_id, a.email, a.email_confirmed, a.full_name, a.joined_on, a.lockout_enabled, a.lockout_end, a.must_change_password, a.normalized_email, a.normalized_user_name, a.password_hash, a.phone_number, a.phone_number_confirmed, a.photo_url, a.role, a.security_stamp, a.status, a.two_factor_enabled, a.user_name
FROM "AspNetUsers" AS a
WHERE a.id = @p
LIMIT 1
2026-08-14 13:18:55.929 +03:00 [INF] Executed DbCommand (1ms) [Parameters=[@request_Id='?' (DbType = Guid)], CommandType='"Text"', CommandTimeout='30']
SELECT t3.id, t3.created_at_utc, t3.created_by_id, t3.deleted_at_utc, t3.department_id, t3.description, t3.due_at_utc, t3.due_soon_notified_at_utc, t3.is_deleted, t3.overdue_notified_at_utc, t3.priority, t3.scope, t3.status, t3.title, t3.updated_at_utc, t3.updated_by_id, s.task_item_id, s.member_id, s.id
FROM (
    SELECT t.id, t.created_at_utc, t.created_by_id, t.deleted_at_utc, t.department_id, t.description, t.due_at_utc, t.due_soon_notified_at_utc, t.is_deleted, t.overdue_notified_at_utc, t.priority, t.scope, t.status, t.title, t.updated_at_utc, t.updated_by_id
    FROM tasks AS t
    WHERE NOT (t.is_deleted) AND t.id = @request_Id
    LIMIT 1
) AS t3
LEFT JOIN (
    SELECT t0.task_item_id, t0.member_id, t2.id
    FROM task_assignees AS t0
    INNER JOIN (
        SELECT t1.id, t1.is_deleted
        FROM tasks AS t1
        WHERE NOT (t1.is_deleted)
    ) AS t2 ON t0.task_item_id = t2.id
    WHERE NOT (t2.is_deleted)
) AS s ON t3.id = s.task_item_id
ORDER BY t3.id, s.task_item_id, s.member_id
2026-08-14 13:18:55.929 +03:00 [INF] Handled ChangeTaskStatusCommand for user "8cf9a97e-14aa-4aec-ae1f-82875cbb48c3" in 1 ms
2026-08-14 13:18:55.929 +03:00 [WRN] Handled invalid_status_transition (409): A task cannot move from InReview to Completed.
2026-08-14 13:18:55.929 +03:00 [INF] HTTP PATCH /api/v1/tasks/caafc2ab-6c3d-4b70-bf8d-f36e2f3ebe2a/status responded 409 in 2.5713 ms
2026-08-14 13:19:05.560 +03:00 [INF] Executed DbCommand (1ms) [Parameters=[@normalizedEmail='?'], CommandType='"Text"', CommandTimeout='30']
SELECT a.id, a.access_failed_count, a.concurrency_stamp, a.department_id, a.email, a.email_confirmed, a.full_name, a.joined_on, a.lockout_enabled, a.lockout_end, a.must_change_password, a.normalized_email, a.normalized_user_name, a.password_hash, a.phone_number, a.phone_number_confirmed, a.photo_url, a.role, a.security_stamp, a.status, a.two_factor_enabled, a.user_name
FROM "AspNetUsers" AS a
WHERE a.normalized_email = @normalizedEmail
LIMIT 2
2026-08-14 13:19:05.561 +03:00 [INF] Executed DbCommand (0ms) [Parameters=[@departmentId='?' (DbType = Guid)], CommandType='"Text"', CommandTimeout='30']
SELECT d.code
FROM departments AS d
WHERE d.id = @departmentId
LIMIT 1
2026-08-14 13:19:05.602 +03:00 [INF] Executed DbCommand (1ms) [Parameters=[@p0='?' (DbType = Guid), @p1='?' (DbType = DateTime), @p2='?' (DbType = DateTime), @p3='?' (DbType = Guid), @p4='?', @p5='?' (DbType = DateTime), @p6='?'], CommandType='"Text"', CommandTimeout='30']
INSERT INTO refresh_tokens (id, created_at_utc, expires_at_utc, member_id, replaced_by_token_hash, revoked_at_utc, token_hash)
VALUES (@p0, @p1, @p2, @p3, @p4, @p5, @p6);
2026-08-14 13:19:05.602 +03:00 [INF] Handled LoginCommand for user null in 42 ms
2026-08-14 13:19:05.602 +03:00 [INF] HTTP POST /api/v1/auth/login responded 200 in 42.8443 ms
2026-08-14 13:19:05.719 +03:00 [INF] Executed DbCommand (1ms) [Parameters=[@p='?' (DbType = Guid)], CommandType='"Text"', CommandTimeout='30']
SELECT a.id, a.access_failed_count, a.concurrency_stamp, a.department_id, a.email, a.email_confirmed, a.full_name, a.joined_on, a.lockout_enabled, a.lockout_end, a.must_change_password, a.normalized_email, a.normalized_user_name, a.password_hash, a.phone_number, a.phone_number_confirmed, a.photo_url, a.role, a.security_stamp, a.status, a.two_factor_enabled, a.user_name
FROM "AspNetUsers" AS a
WHERE a.id = @p
LIMIT 1
2026-08-14 13:19:05.720 +03:00 [INF] Executed DbCommand (0ms) [Parameters=[@userId='?' (DbType = Guid)], CommandType='"Text"', CommandTimeout='30']
SELECT a.id AS "Id", a.full_name AS "FullName", a.email AS "Email", a.phone_number AS "PhoneNumber", a.photo_url AS "PhotoUrl", a.role AS "Role", a.department_id AS "DepartmentId", d.code AS "DepartmentCode", d.name AS "DepartmentName", a.joined_on AS "JoinedOn", a.status AS "Status"
FROM "AspNetUsers" AS a
LEFT JOIN departments AS d ON a.department_id = d.id
WHERE a.id = @userId
LIMIT 1
2026-08-14 13:19:05.720 +03:00 [INF] Handled GetMeQuery for user "8cf9a97e-14aa-4aec-ae1f-82875cbb48c3" in 0 ms
2026-08-14 13:19:05.720 +03:00 [INF] HTTP GET /api/v1/auth/me responded 200 in 3.6008 ms
2026-08-14 13:19:05.724 +03:00 [INF] Executed DbCommand (1ms) [Parameters=[@p='?' (DbType = Guid)], CommandType='"Text"', CommandTimeout='30']
SELECT a.id, a.access_failed_count, a.concurrency_stamp, a.department_id, a.email, a.email_confirmed, a.full_name, a.joined_on, a.lockout_enabled, a.lockout_end, a.must_change_password, a.normalized_email, a.normalized_user_name, a.password_hash, a.phone_number, a.phone_number_confirmed, a.photo_url, a.role, a.security_stamp, a.status, a.two_factor_enabled, a.user_name
FROM "AspNetUsers" AS a
WHERE a.id = @p
LIMIT 1
2026-08-14 13:19:05.726 +03:00 [INF] Executed DbCommand (1ms) [Parameters=[@userId='?' (DbType = Guid)], CommandType='"Text"', CommandTimeout='30']
SELECT a.id AS "Id", a.full_name AS "FullName", a.email AS "Email", a.phone_number AS "PhoneNumber", a.photo_url AS "PhotoUrl", a.role AS "Role", a.department_id AS "DepartmentId", d.code AS "DepartmentCode", d.name AS "DepartmentName", a.joined_on AS "JoinedOn", a.status AS "Status"
FROM "AspNetUsers" AS a
LEFT JOIN departments AS d ON a.department_id = d.id
WHERE a.id = @userId
LIMIT 1
2026-08-14 13:19:05.726 +03:00 [INF] Handled GetMeQuery for user "8cf9a97e-14aa-4aec-ae1f-82875cbb48c3" in 1 ms
2026-08-14 13:19:05.726 +03:00 [INF] HTTP GET /api/v1/auth/me responded 200 in 2.8878 ms
2026-08-14 13:19:05.737 +03:00 [INF] Executed DbCommand (1ms) [Parameters=[@p='?' (DbType = Guid)], CommandType='"Text"', CommandTimeout='30']
SELECT a.id, a.access_failed_count, a.concurrency_stamp, a.department_id, a.email, a.email_confirmed, a.full_name, a.joined_on, a.lockout_enabled, a.lockout_end, a.must_change_password, a.normalized_email, a.normalized_user_name, a.password_hash, a.phone_number, a.phone_number_confirmed, a.photo_url, a.role, a.security_stamp, a.status, a.two_factor_enabled, a.user_name
FROM "AspNetUsers" AS a
WHERE a.id = @p
LIMIT 1
2026-08-14 13:19:05.741 +03:00 [INF] Executed DbCommand (1ms) [Parameters=[@userId='?' (DbType = Guid), @userId1='?' (DbType = Guid)], CommandType='"Text"', CommandTimeout='30']
SELECT count(*)::int
FROM tasks AS t
WHERE NOT (t.is_deleted) AND (t.created_by_id = @userId OR EXISTS (
    SELECT 1
    FROM task_assignees AS t0
    INNER JOIN (
        SELECT t1.id, t1.is_deleted
        FROM tasks AS t1
        WHERE NOT (t1.is_deleted)
    ) AS t2 ON t0.task_item_id = t2.id
    WHERE NOT (t2.is_deleted) AND t.id = t0.task_item_id AND t0.member_id = @userId1))
2026-08-14 13:19:05.745 +03:00 [INF] Executed DbCommand (2ms) [Parameters=[@nowUtc='?' (DbType = DateTime), @userId='?' (DbType = Guid), @userId1='?' (DbType = Guid), @p3='?' (DbType = Int32), @p='?' (DbType = Int32)], CommandType='"Text"', CommandTimeout='30']
SELECT t3.id, t3.title, t3.priority, t3.status, t3.due_at_utc, t3.scope, d.code, (
    SELECT count(*)::int
    FROM task_assignees AS t4
    INNER JOIN (
        SELECT t5.id, t5.is_deleted
        FROM tasks AS t5
        WHERE NOT (t5.is_deleted)
    ) AS t6 ON t4.task_item_id = t6.id
    WHERE NOT (t6.is_deleted) AND t3.id = t4.task_item_id), (
    SELECT count(*)::int
    FROM task_comments AS t7
    INNER JOIN (
        SELECT t8.id, t8.is_deleted
        FROM tasks AS t8
        WHERE NOT (t8.is_deleted)
    ) AS t9 ON t7.task_item_id = t9.id
    WHERE NOT (t9.is_deleted) AND t3.id = t7.task_item_id), (
    SELECT count(*)::int
    FROM task_documents AS t10
    INNER JOIN (
        SELECT t11.id, t11.is_deleted
        FROM tasks AS t11
        WHERE NOT (t11.is_deleted)
    ) AS t12 ON t10.task_item_id = t12.id
    WHERE NOT (t12.is_deleted) AND t3.id = t10.task_item_id), t3.due_at_utc IS NOT NULL AND t3.due_at_utc < @nowUtc AND t3.status <> 'Completed' AND t3.status <> 'Cancelled'
FROM (
    SELECT t.id, t.department_id, t.due_at_utc, t.priority, t.scope, t.status, t.title
    FROM tasks AS t
    WHERE NOT (t.is_deleted) AND (t.created_by_id = @userId OR EXISTS (
        SELECT 1
        FROM task_assignees AS t0
        INNER JOIN (
            SELECT t1.id, t1.is_deleted
            FROM tasks AS t1
            WHERE NOT (t1.is_deleted)
        ) AS t2 ON t0.task_item_id = t2.id
        WHERE NOT (t2.is_deleted) AND t.id = t0.task_item_id AND t0.member_id = @userId1))
    ORDER BY t.due_at_utc
    LIMIT @p3 OFFSET @p
) AS t3
LEFT JOIN departments AS d ON t3.department_id = d.id
ORDER BY t3.due_at_utc
2026-08-14 13:19:05.746 +03:00 [INF] Handled GetTasksQuery for user "8cf9a97e-14aa-4aec-ae1f-82875cbb48c3" in 8 ms
2026-08-14 13:19:05.746 +03:00 [INF] HTTP GET /api/v1/tasks responded 200 in 9.4922 ms
2026-08-14 13:19:14.672 +03:00 [INF] Executed DbCommand (1ms) [Parameters=[@p='?' (DbType = Guid)], CommandType='"Text"', CommandTimeout='30']
SELECT a.id, a.access_failed_count, a.concurrency_stamp, a.department_id, a.email, a.email_confirmed, a.full_name, a.joined_on, a.lockout_enabled, a.lockout_end, a.must_change_password, a.normalized_email, a.normalized_user_name, a.password_hash, a.phone_number, a.phone_number_confirmed, a.photo_url, a.role, a.security_stamp, a.status, a.two_factor_enabled, a.user_name
FROM "AspNetUsers" AS a
WHERE a.id = @p
LIMIT 1
2026-08-14 13:19:14.676 +03:00 [INF] Executed DbCommand (3ms) [Parameters=[@request_Id='?' (DbType = Guid)], CommandType='"Text"', CommandTimeout='30']
SELECT s.id, s.created_at_utc, s.created_by_id, s.deleted_at_utc, s.department_id, s.description, s.due_at_utc, s.due_soon_notified_at_utc, s.is_deleted, s.overdue_notified_at_utc, s.priority, s.scope, s.status, s.title, s.updated_at_utc, s.updated_by_id, s.id0, s.code, s.created_at_utc0, s.created_by_id0, s.description0, s.name, s.updated_at_utc0, s.updated_by_id0, s0.task_item_id, s0.member_id, s0.id, s1.id, s1.author_id, s1.created_at_utc, s1.created_by_id, s1.task_item_id, s1.text, s1.updated_at_utc, s1.updated_by_id, s1.id0, s2.id, s2.content_type, s2.created_at_utc, s2.created_by_id, s2.original_file_name, s2.size_bytes, s2.storage_key, s2.task_item_id, s2.updated_at_utc, s2.updated_by_id, s2.uploaded_at_utc, s2.uploaded_by_id, s2.id0
FROM (
    SELECT t.id, t.created_at_utc, t.created_by_id, t.deleted_at_utc, t.department_id, t.description, t.due_at_utc, t.due_soon_notified_at_utc, t.is_deleted, t.overdue_notified_at_utc, t.priority, t.scope, t.status, t.title, t.updated_at_utc, t.updated_by_id, d.id AS id0, d.code, d.created_at_utc AS created_at_utc0, d.created_by_id AS created_by_id0, d.description AS description0, d.name, d.updated_at_utc AS updated_at_utc0, d.updated_by_id AS updated_by_id0
    FROM tasks AS t
    LEFT JOIN departments AS d ON t.department_id = d.id
    WHERE NOT (t.is_deleted) AND t.id = @request_Id
    LIMIT 1
) AS s
LEFT JOIN (
    SELECT t0.task_item_id, t0.member_id, t2.id
    FROM task_assignees AS t0
    INNER JOIN (
        SELECT t1.id, t1.is_deleted
        FROM tasks AS t1
        WHERE NOT (t1.is_deleted)
    ) AS t2 ON t0.task_item_id = t2.id
    WHERE NOT (t2.is_deleted)
) AS s0 ON s.id = s0.task_item_id
LEFT JOIN (
    SELECT t3.id, t3.author_id, t3.created_at_utc, t3.created_by_id, t3.task_item_id, t3.text, t3.updated_at_utc, t3.updated_by_id, t5.id AS id0
    FROM task_comments AS t3
    INNER JOIN (
        SELECT t4.id, t4.is_deleted
        FROM tasks AS t4
        WHERE NOT (t4.is_deleted)
    ) AS t5 ON t3.task_item_id = t5.id
    WHERE NOT (t5.is_deleted)
) AS s1 ON s.id = s1.task_item_id
LEFT JOIN (
    SELECT t6.id, t6.content_type, t6.created_at_utc, t6.created_by_id, t6.original_file_name, t6.size_bytes, t6.storage_key, t6.task_item_id, t6.updated_at_utc, t6.updated_by_id, t6.uploaded_at_utc, t6.uploaded_by_id, t8.id AS id0
    FROM task_documents AS t6
    INNER JOIN (
        SELECT t7.id, t7.is_deleted
        FROM tasks AS t7
        WHERE NOT (t7.is_deleted)
    ) AS t8 ON t6.task_item_id = t8.id
    WHERE NOT (t8.is_deleted)
) AS s2 ON s.id = s2.task_item_id
ORDER BY s.id, s.id0, s0.task_item_id, s0.member_id, s0.id, s1.id, s1.id0, s2.id
2026-08-14 13:19:14.677 +03:00 [INF] Executed DbCommand (1ms) [Parameters=[@distinct='?' (DbType = Object)], CommandType='"Text"', CommandTimeout='30']
SELECT a.id AS "Id", a.full_name AS "FullName", a.email AS "Email", a.phone_number AS "PhoneNumber", a.photo_url AS "PhotoUrl", a.role AS "Role", a.department_id AS "DepartmentId", d.code AS "DepartmentCode", d.name AS "DepartmentName", a.joined_on AS "JoinedOn", a.status AS "Status"
FROM "AspNetUsers" AS a
LEFT JOIN departments AS d ON a.department_id = d.id
WHERE a.id = ANY (@distinct)
2026-08-14 13:19:14.677 +03:00 [INF] Handled GetTaskQuery for user "8cf9a97e-14aa-4aec-ae1f-82875cbb48c3" in 4 ms
2026-08-14 13:19:14.678 +03:00 [INF] HTTP GET /api/v1/tasks/caafc2ab-6c3d-4b70-bf8d-f36e2f3ebe2a responded 200 in 7.1425 ms
2026-08-14 13:19:37.590 +03:00 [INF] Executed DbCommand (1ms) [Parameters=[@normalizedEmail='?'], CommandType='"Text"', CommandTimeout='30']
SELECT a.id, a.access_failed_count, a.concurrency_stamp, a.department_id, a.email, a.email_confirmed, a.full_name, a.joined_on, a.lockout_enabled, a.lockout_end, a.must_change_password, a.normalized_email, a.normalized_user_name, a.password_hash, a.phone_number, a.phone_number_confirmed, a.photo_url, a.role, a.security_stamp, a.status, a.two_factor_enabled, a.user_name
FROM "AspNetUsers" AS a
WHERE a.normalized_email = @normalizedEmail
LIMIT 2
2026-08-14 13:19:37.630 +03:00 [INF] Executed DbCommand (1ms) [Parameters=[@p0='?' (DbType = Guid), @p1='?' (DbType = DateTime), @p2='?' (DbType = DateTime), @p3='?' (DbType = Guid), @p4='?', @p5='?' (DbType = DateTime), @p6='?'], CommandType='"Text"', CommandTimeout='30']
INSERT INTO refresh_tokens (id, created_at_utc, expires_at_utc, member_id, replaced_by_token_hash, revoked_at_utc, token_hash)
VALUES (@p0, @p1, @p2, @p3, @p4, @p5, @p6);
2026-08-14 13:19:37.630 +03:00 [INF] Handled LoginCommand for user null in 41 ms
2026-08-14 13:19:37.630 +03:00 [INF] HTTP POST /api/v1/auth/login responded 200 in 41.5693 ms
2026-08-14 13:19:37.643 +03:00 [INF] Executed DbCommand (1ms) [Parameters=[@p='?' (DbType = Guid)], CommandType='"Text"', CommandTimeout='30']
SELECT a.id, a.access_failed_count, a.concurrency_stamp, a.department_id, a.email, a.email_confirmed, a.full_name, a.joined_on, a.lockout_enabled, a.lockout_end, a.must_change_password, a.normalized_email, a.normalized_user_name, a.password_hash, a.phone_number, a.phone_number_confirmed, a.photo_url, a.role, a.security_stamp, a.status, a.two_factor_enabled, a.user_name
FROM "AspNetUsers" AS a
WHERE a.id = @p
LIMIT 1
2026-08-14 13:19:37.644 +03:00 [INF] Executed DbCommand (1ms) [Parameters=[@request_Id='?' (DbType = Guid)], CommandType='"Text"', CommandTimeout='30']
SELECT t3.id, t3.created_at_utc, t3.created_by_id, t3.deleted_at_utc, t3.department_id, t3.description, t3.due_at_utc, t3.due_soon_notified_at_utc, t3.is_deleted, t3.overdue_notified_at_utc, t3.priority, t3.scope, t3.status, t3.title, t3.updated_at_utc, t3.updated_by_id, s.task_item_id, s.member_id, s.id
FROM (
    SELECT t.id, t.created_at_utc, t.created_by_id, t.deleted_at_utc, t.department_id, t.description, t.due_at_utc, t.due_soon_notified_at_utc, t.is_deleted, t.overdue_notified_at_utc, t.priority, t.scope, t.status, t.title, t.updated_at_utc, t.updated_by_id
    FROM tasks AS t
    WHERE NOT (t.is_deleted) AND t.id = @request_Id
    LIMIT 1
) AS t3
LEFT JOIN (
    SELECT t0.task_item_id, t0.member_id, t2.id
    FROM task_assignees AS t0
    INNER JOIN (
        SELECT t1.id, t1.is_deleted
        FROM tasks AS t1
        WHERE NOT (t1.is_deleted)
    ) AS t2 ON t0.task_item_id = t2.id
    WHERE NOT (t2.is_deleted)
) AS s ON t3.id = s.task_item_id
ORDER BY t3.id, s.task_item_id, s.member_id
2026-08-14 13:19:37.645 +03:00 [INF] Executed DbCommand (1ms) [Parameters=[@p3='?' (DbType = Guid), @p0='?', @p1='?' (DbType = DateTime), @p2='?' (DbType = Guid)], CommandType='"Text"', CommandTimeout='30']
UPDATE tasks SET status = @p0, updated_at_utc = @p1, updated_by_id = @p2
WHERE id = @p3;
2026-08-14 13:19:37.648 +03:00 [INF] Executed DbCommand (2ms) [Parameters=[@taskId='?' (DbType = Guid)], CommandType='"Text"', CommandTimeout='30']
SELECT s.id, s.created_at_utc, s.created_by_id, s.deleted_at_utc, s.department_id, s.description, s.due_at_utc, s.due_soon_notified_at_utc, s.is_deleted, s.overdue_notified_at_utc, s.priority, s.scope, s.status, s.title, s.updated_at_utc, s.updated_by_id, s.id0, s.code, s.created_at_utc0, s.created_by_id0, s.description0, s.name, s.updated_at_utc0, s.updated_by_id0, s0.task_item_id, s0.member_id, s0.id, s1.id, s1.author_id, s1.created_at_utc, s1.created_by_id, s1.task_item_id, s1.text, s1.updated_at_utc, s1.updated_by_id, s1.id0, s2.id, s2.content_type, s2.created_at_utc, s2.created_by_id, s2.original_file_name, s2.size_bytes, s2.storage_key, s2.task_item_id, s2.updated_at_utc, s2.updated_by_id, s2.uploaded_at_utc, s2.uploaded_by_id, s2.id0
FROM (
    SELECT t.id, t.created_at_utc, t.created_by_id, t.deleted_at_utc, t.department_id, t.description, t.due_at_utc, t.due_soon_notified_at_utc, t.is_deleted, t.overdue_notified_at_utc, t.priority, t.scope, t.status, t.title, t.updated_at_utc, t.updated_by_id, d.id AS id0, d.code, d.created_at_utc AS created_at_utc0, d.created_by_id AS created_by_id0, d.description AS description0, d.name, d.updated_at_utc AS updated_at_utc0, d.updated_by_id AS updated_by_id0
    FROM tasks AS t
    LEFT JOIN departments AS d ON t.department_id = d.id
    WHERE NOT (t.is_deleted) AND t.id = @taskId
    LIMIT 1
) AS s
LEFT JOIN (
    SELECT t0.task_item_id, t0.member_id, t2.id
    FROM task_assignees AS t0
    INNER JOIN (
        SELECT t1.id, t1.is_deleted
        FROM tasks AS t1
        WHERE NOT (t1.is_deleted)
    ) AS t2 ON t0.task_item_id = t2.id
    WHERE NOT (t2.is_deleted)
) AS s0 ON s.id = s0.task_item_id
LEFT JOIN (
    SELECT t3.id, t3.author_id, t3.created_at_utc, t3.created_by_id, t3.task_item_id, t3.text, t3.updated_at_utc, t3.updated_by_id, t5.id AS id0
    FROM task_comments AS t3
    INNER JOIN (
        SELECT t4.id, t4.is_deleted
        FROM tasks AS t4
        WHERE NOT (t4.is_deleted)
    ) AS t5 ON t3.task_item_id = t5.id
    WHERE NOT (t5.is_deleted)
) AS s1 ON s.id = s1.task_item_id
LEFT JOIN (
    SELECT t6.id, t6.content_type, t6.created_at_utc, t6.created_by_id, t6.original_file_name, t6.size_bytes, t6.storage_key, t6.task_item_id, t6.updated_at_utc, t6.updated_by_id, t6.uploaded_at_utc, t6.uploaded_by_id, t8.id AS id0
    FROM task_documents AS t6
    INNER JOIN (
        SELECT t7.id, t7.is_deleted
        FROM tasks AS t7
        WHERE NOT (t7.is_deleted)
    ) AS t8 ON t6.task_item_id = t8.id
    WHERE NOT (t8.is_deleted)
) AS s2 ON s.id = s2.task_item_id
ORDER BY s.id, s.id0, s0.task_item_id, s0.member_id, s0.id, s1.id, s1.id0, s2.id
2026-08-14 13:19:37.649 +03:00 [INF] Executed DbCommand (1ms) [Parameters=[@distinct='?' (DbType = Object)], CommandType='"Text"', CommandTimeout='30']
SELECT a.id AS "Id", a.full_name AS "FullName", a.email AS "Email", a.phone_number AS "PhoneNumber", a.photo_url AS "PhotoUrl", a.role AS "Role", a.department_id AS "DepartmentId", d.code AS "DepartmentCode", d.name AS "DepartmentName", a.joined_on AS "JoinedOn", a.status AS "Status"
FROM "AspNetUsers" AS a
LEFT JOIN departments AS d ON a.department_id = d.id
WHERE a.id = ANY (@distinct)
2026-08-14 13:19:37.649 +03:00 [INF] Handled ChangeTaskStatusCommand for user "e71006a3-891c-4459-aa20-bf6c6d8cab84" in 5 ms
2026-08-14 13:19:37.649 +03:00 [INF] HTTP PATCH /api/v1/tasks/caafc2ab-6c3d-4b70-bf8d-f36e2f3ebe2a/status responded 200 in 6.5238 ms
2026-08-14 13:19:46.861 +03:00 [INF] Executed DbCommand (1ms) [Parameters=[@p='?' (DbType = Guid)], CommandType='"Text"', CommandTimeout='30']
SELECT a.id, a.access_failed_count, a.concurrency_stamp, a.department_id, a.email, a.email_confirmed, a.full_name, a.joined_on, a.lockout_enabled, a.lockout_end, a.must_change_password, a.normalized_email, a.normalized_user_name, a.password_hash, a.phone_number, a.phone_number_confirmed, a.photo_url, a.role, a.security_stamp, a.status, a.two_factor_enabled, a.user_name
FROM "AspNetUsers" AS a
WHERE a.id = @p
LIMIT 1
2026-08-14 13:19:46.862 +03:00 [INF] Executed DbCommand (1ms) [Parameters=[@userId='?' (DbType = Guid)], CommandType='"Text"', CommandTimeout='30']
SELECT a.id AS "Id", a.full_name AS "FullName", a.email AS "Email", a.phone_number AS "PhoneNumber", a.photo_url AS "PhotoUrl", a.role AS "Role", a.department_id AS "DepartmentId", d.code AS "DepartmentCode", d.name AS "DepartmentName", a.joined_on AS "JoinedOn", a.status AS "Status"
FROM "AspNetUsers" AS a
LEFT JOIN departments AS d ON a.department_id = d.id
WHERE a.id = @userId
LIMIT 1
2026-08-14 13:19:46.863 +03:00 [INF] Handled GetMeQuery for user "8cf9a97e-14aa-4aec-ae1f-82875cbb48c3" in 0 ms
2026-08-14 13:19:46.863 +03:00 [INF] HTTP GET /api/v1/auth/me responded 200 in 2.7237 ms
2026-08-14 13:19:46.866 +03:00 [INF] Executed DbCommand (1ms) [Parameters=[@p='?' (DbType = Guid)], CommandType='"Text"', CommandTimeout='30']
SELECT a.id, a.access_failed_count, a.concurrency_stamp, a.department_id, a.email, a.email_confirmed, a.full_name, a.joined_on, a.lockout_enabled, a.lockout_end, a.must_change_password, a.normalized_email, a.normalized_user_name, a.password_hash, a.phone_number, a.phone_number_confirmed, a.photo_url, a.role, a.security_stamp, a.status, a.two_factor_enabled, a.user_name
FROM "AspNetUsers" AS a
WHERE a.id = @p
LIMIT 1
2026-08-14 13:19:46.867 +03:00 [INF] Executed DbCommand (1ms) [Parameters=[@userId='?' (DbType = Guid)], CommandType='"Text"', CommandTimeout='30']
SELECT a.id AS "Id", a.full_name AS "FullName", a.email AS "Email", a.phone_number AS "PhoneNumber", a.photo_url AS "PhotoUrl", a.role AS "Role", a.department_id AS "DepartmentId", d.code AS "DepartmentCode", d.name AS "DepartmentName", a.joined_on AS "JoinedOn", a.status AS "Status"
FROM "AspNetUsers" AS a
LEFT JOIN departments AS d ON a.department_id = d.id
WHERE a.id = @userId
LIMIT 1
2026-08-14 13:19:46.867 +03:00 [INF] Handled GetMeQuery for user "8cf9a97e-14aa-4aec-ae1f-82875cbb48c3" in 1 ms
2026-08-14 13:19:46.868 +03:00 [INF] HTTP GET /api/v1/auth/me responded 200 in 2.8893 ms
2026-08-14 13:19:46.876 +03:00 [INF] Executed DbCommand (1ms) [Parameters=[@p='?' (DbType = Guid)], CommandType='"Text"', CommandTimeout='30']
SELECT a.id, a.access_failed_count, a.concurrency_stamp, a.department_id, a.email, a.email_confirmed, a.full_name, a.joined_on, a.lockout_enabled, a.lockout_end, a.must_change_password, a.normalized_email, a.normalized_user_name, a.password_hash, a.phone_number, a.phone_number_confirmed, a.photo_url, a.role, a.security_stamp, a.status, a.two_factor_enabled, a.user_name
FROM "AspNetUsers" AS a
WHERE a.id = @p
LIMIT 1
2026-08-14 13:19:46.878 +03:00 [INF] Executed DbCommand (2ms) [Parameters=[@request_Id='?' (DbType = Guid)], CommandType='"Text"', CommandTimeout='30']
SELECT s.id, s.created_at_utc, s.created_by_id, s.deleted_at_utc, s.department_id, s.description, s.due_at_utc, s.due_soon_notified_at_utc, s.is_deleted, s.overdue_notified_at_utc, s.priority, s.scope, s.status, s.title, s.updated_at_utc, s.updated_by_id, s.id0, s.code, s.created_at_utc0, s.created_by_id0, s.description0, s.name, s.updated_at_utc0, s.updated_by_id0, s0.task_item_id, s0.member_id, s0.id, s1.id, s1.author_id, s1.created_at_utc, s1.created_by_id, s1.task_item_id, s1.text, s1.updated_at_utc, s1.updated_by_id, s1.id0, s2.id, s2.content_type, s2.created_at_utc, s2.created_by_id, s2.original_file_name, s2.size_bytes, s2.storage_key, s2.task_item_id, s2.updated_at_utc, s2.updated_by_id, s2.uploaded_at_utc, s2.uploaded_by_id, s2.id0
FROM (
    SELECT t.id, t.created_at_utc, t.created_by_id, t.deleted_at_utc, t.department_id, t.description, t.due_at_utc, t.due_soon_notified_at_utc, t.is_deleted, t.overdue_notified_at_utc, t.priority, t.scope, t.status, t.title, t.updated_at_utc, t.updated_by_id, d.id AS id0, d.code, d.created_at_utc AS created_at_utc0, d.created_by_id AS created_by_id0, d.description AS description0, d.name, d.updated_at_utc AS updated_at_utc0, d.updated_by_id AS updated_by_id0
    FROM tasks AS t
    LEFT JOIN departments AS d ON t.department_id = d.id
    WHERE NOT (t.is_deleted) AND t.id = @request_Id
    LIMIT 1
) AS s
LEFT JOIN (
    SELECT t0.task_item_id, t0.member_id, t2.id
    FROM task_assignees AS t0
    INNER JOIN (
        SELECT t1.id, t1.is_deleted
        FROM tasks AS t1
        WHERE NOT (t1.is_deleted)
    ) AS t2 ON t0.task_item_id = t2.id
    WHERE NOT (t2.is_deleted)
) AS s0 ON s.id = s0.task_item_id
LEFT JOIN (
    SELECT t3.id, t3.author_id, t3.created_at_utc, t3.created_by_id, t3.task_item_id, t3.text, t3.updated_at_utc, t3.updated_by_id, t5.id AS id0
    FROM task_comments AS t3
    INNER JOIN (
        SELECT t4.id, t4.is_deleted
        FROM tasks AS t4
        WHERE NOT (t4.is_deleted)
    ) AS t5 ON t3.task_item_id = t5.id
    WHERE NOT (t5.is_deleted)
) AS s1 ON s.id = s1.task_item_id
LEFT JOIN (
    SELECT t6.id, t6.content_type, t6.created_at_utc, t6.created_by_id, t6.original_file_name, t6.size_bytes, t6.storage_key, t6.task_item_id, t6.updated_at_utc, t6.updated_by_id, t6.uploaded_at_utc, t6.uploaded_by_id, t8.id AS id0
    FROM task_documents AS t6
    INNER JOIN (
        SELECT t7.id, t7.is_deleted
        FROM tasks AS t7
        WHERE NOT (t7.is_deleted)
    ) AS t8 ON t6.task_item_id = t8.id
    WHERE NOT (t8.is_deleted)
) AS s2 ON s.id = s2.task_item_id
ORDER BY s.id, s.id0, s0.task_item_id, s0.member_id, s0.id, s1.id, s1.id0, s2.id
2026-08-14 13:19:46.879 +03:00 [INF] Executed DbCommand (1ms) [Parameters=[@distinct='?' (DbType = Object)], CommandType='"Text"', CommandTimeout='30']
SELECT a.id AS "Id", a.full_name AS "FullName", a.email AS "Email", a.phone_number AS "PhoneNumber", a.photo_url AS "PhotoUrl", a.role AS "Role", a.department_id AS "DepartmentId", d.code AS "DepartmentCode", d.name AS "DepartmentName", a.joined_on AS "JoinedOn", a.status AS "Status"
FROM "AspNetUsers" AS a
LEFT JOIN departments AS d ON a.department_id = d.id
WHERE a.id = ANY (@distinct)
2026-08-14 13:19:46.879 +03:00 [INF] Handled GetTaskQuery for user "8cf9a97e-14aa-4aec-ae1f-82875cbb48c3" in 3 ms
2026-08-14 13:19:46.879 +03:00 [INF] HTTP GET /api/v1/tasks/caafc2ab-6c3d-4b70-bf8d-f36e2f3ebe2a responded 200 in 4.9355 ms
2026-08-14 13:19:53.644 +03:00 [INF] Executed DbCommand (1ms) [Parameters=[@p='?' (DbType = Guid)], CommandType='"Text"', CommandTimeout='30']
SELECT a.id, a.access_failed_count, a.concurrency_stamp, a.department_id, a.email, a.email_confirmed, a.full_name, a.joined_on, a.lockout_enabled, a.lockout_end, a.must_change_password, a.normalized_email, a.normalized_user_name, a.password_hash, a.phone_number, a.phone_number_confirmed, a.photo_url, a.role, a.security_stamp, a.status, a.two_factor_enabled, a.user_name
FROM "AspNetUsers" AS a
WHERE a.id = @p
LIMIT 1
2026-08-14 13:19:53.646 +03:00 [INF] Executed DbCommand (1ms) [Parameters=[@request_Id='?' (DbType = Guid)], CommandType='"Text"', CommandTimeout='30']
SELECT t3.id, t3.created_at_utc, t3.created_by_id, t3.deleted_at_utc, t3.department_id, t3.description, t3.due_at_utc, t3.due_soon_notified_at_utc, t3.is_deleted, t3.overdue_notified_at_utc, t3.priority, t3.scope, t3.status, t3.title, t3.updated_at_utc, t3.updated_by_id, s.task_item_id, s.member_id, s.id
FROM (
    SELECT t.id, t.created_at_utc, t.created_by_id, t.deleted_at_utc, t.department_id, t.description, t.due_at_utc, t.due_soon_notified_at_utc, t.is_deleted, t.overdue_notified_at_utc, t.priority, t.scope, t.status, t.title, t.updated_at_utc, t.updated_by_id
    FROM tasks AS t
    WHERE NOT (t.is_deleted) AND t.id = @request_Id
    LIMIT 1
) AS t3
LEFT JOIN (
    SELECT t0.task_item_id, t0.member_id, t2.id
    FROM task_assignees AS t0
    INNER JOIN (
        SELECT t1.id, t1.is_deleted
        FROM tasks AS t1
        WHERE NOT (t1.is_deleted)
    ) AS t2 ON t0.task_item_id = t2.id
    WHERE NOT (t2.is_deleted)
) AS s ON t3.id = s.task_item_id
ORDER BY t3.id, s.task_item_id, s.member_id
2026-08-14 13:19:53.647 +03:00 [INF] Executed DbCommand (1ms) [Parameters=[@p3='?' (DbType = Guid), @p0='?', @p1='?' (DbType = DateTime), @p2='?' (DbType = Guid)], CommandType='"Text"', CommandTimeout='30']
UPDATE tasks SET status = @p0, updated_at_utc = @p1, updated_by_id = @p2
WHERE id = @p3;
2026-08-14 13:19:53.648 +03:00 [INF] Executed DbCommand (1ms) [Parameters=[@p0='?' (DbType = Guid), @p1='?', @p2='?' (DbType = DateTime), @p3='?' (DbType = Guid), @p4='?' (DbType = Boolean), @p5='?' (DbType = Object), @p6='?' (DbType = Guid), @p7='?', @p8='?', @p9='?' (DbType = DateTime), @p10='?' (DbType = Guid)], CommandType='"Text"', CommandTimeout='30']
INSERT INTO notifications (id, body, created_at_utc, created_by_id, is_read, payload, recipient_id, title, type, updated_at_utc, updated_by_id)
VALUES (@p0, @p1, @p2, @p3, @p4, @p5, @p6, @p7, @p8, @p9, @p10);
2026-08-14 13:19:53.648 +03:00 [INF] [DEV PUSH] "TaskStatusChanged" -> 1 member(s) | Промяна на статус | Задача „Задача за Иво“ е със статус „В процес“.
2026-08-14 13:19:53.651 +03:00 [INF] Executed DbCommand (3ms) [Parameters=[@taskId='?' (DbType = Guid)], CommandType='"Text"', CommandTimeout='30']
SELECT s.id, s.created_at_utc, s.created_by_id, s.deleted_at_utc, s.department_id, s.description, s.due_at_utc, s.due_soon_notified_at_utc, s.is_deleted, s.overdue_notified_at_utc, s.priority, s.scope, s.status, s.title, s.updated_at_utc, s.updated_by_id, s.id0, s.code, s.created_at_utc0, s.created_by_id0, s.description0, s.name, s.updated_at_utc0, s.updated_by_id0, s0.task_item_id, s0.member_id, s0.id, s1.id, s1.author_id, s1.created_at_utc, s1.created_by_id, s1.task_item_id, s1.text, s1.updated_at_utc, s1.updated_by_id, s1.id0, s2.id, s2.content_type, s2.created_at_utc, s2.created_by_id, s2.original_file_name, s2.size_bytes, s2.storage_key, s2.task_item_id, s2.updated_at_utc, s2.updated_by_id, s2.uploaded_at_utc, s2.uploaded_by_id, s2.id0
FROM (
    SELECT t.id, t.created_at_utc, t.created_by_id, t.deleted_at_utc, t.department_id, t.description, t.due_at_utc, t.due_soon_notified_at_utc, t.is_deleted, t.overdue_notified_at_utc, t.priority, t.scope, t.status, t.title, t.updated_at_utc, t.updated_by_id, d.id AS id0, d.code, d.created_at_utc AS created_at_utc0, d.created_by_id AS created_by_id0, d.description AS description0, d.name, d.updated_at_utc AS updated_at_utc0, d.updated_by_id AS updated_by_id0
    FROM tasks AS t
    LEFT JOIN departments AS d ON t.department_id = d.id
    WHERE NOT (t.is_deleted) AND t.id = @taskId
    LIMIT 1
) AS s
LEFT JOIN (
    SELECT t0.task_item_id, t0.member_id, t2.id
    FROM task_assignees AS t0
    INNER JOIN (
        SELECT t1.id, t1.is_deleted
        FROM tasks AS t1
        WHERE NOT (t1.is_deleted)
    ) AS t2 ON t0.task_item_id = t2.id
    WHERE NOT (t2.is_deleted)
) AS s0 ON s.id = s0.task_item_id
LEFT JOIN (
    SELECT t3.id, t3.author_id, t3.created_at_utc, t3.created_by_id, t3.task_item_id, t3.text, t3.updated_at_utc, t3.updated_by_id, t5.id AS id0
    FROM task_comments AS t3
    INNER JOIN (
        SELECT t4.id, t4.is_deleted
        FROM tasks AS t4
        WHERE NOT (t4.is_deleted)
    ) AS t5 ON t3.task_item_id = t5.id
    WHERE NOT (t5.is_deleted)
) AS s1 ON s.id = s1.task_item_id
LEFT JOIN (
    SELECT t6.id, t6.content_type, t6.created_at_utc, t6.created_by_id, t6.original_file_name, t6.size_bytes, t6.storage_key, t6.task_item_id, t6.updated_at_utc, t6.updated_by_id, t6.uploaded_at_utc, t6.uploaded_by_id, t8.id AS id0
    FROM task_documents AS t6
    INNER JOIN (
        SELECT t7.id, t7.is_deleted
        FROM tasks AS t7
        WHERE NOT (t7.is_deleted)
    ) AS t8 ON t6.task_item_id = t8.id
    WHERE NOT (t8.is_deleted)
) AS s2 ON s.id = s2.task_item_id
ORDER BY s.id, s.id0, s0.task_item_id, s0.member_id, s0.id, s1.id, s1.id0, s2.id
2026-08-14 13:19:53.652 +03:00 [INF] Executed DbCommand (1ms) [Parameters=[@distinct='?' (DbType = Object)], CommandType='"Text"', CommandTimeout='30']
SELECT a.id AS "Id", a.full_name AS "FullName", a.email AS "Email", a.phone_number AS "PhoneNumber", a.photo_url AS "PhotoUrl", a.role AS "Role", a.department_id AS "DepartmentId", d.code AS "DepartmentCode", d.name AS "DepartmentName", a.joined_on AS "JoinedOn", a.status AS "Status"
FROM "AspNetUsers" AS a
LEFT JOIN departments AS d ON a.department_id = d.id
WHERE a.id = ANY (@distinct)
2026-08-14 13:19:53.652 +03:00 [INF] Handled ChangeTaskStatusCommand for user "8cf9a97e-14aa-4aec-ae1f-82875cbb48c3" in 7 ms
2026-08-14 13:19:53.652 +03:00 [INF] HTTP PATCH /api/v1/tasks/caafc2ab-6c3d-4b70-bf8d-f36e2f3ebe2a/status responded 200 in 9.9700 ms
2026-08-14 13:19:53.657 +03:00 [INF] Executed DbCommand (1ms) [Parameters=[@p='?' (DbType = Guid)], CommandType='"Text"', CommandTimeout='30']
SELECT a.id, a.access_failed_count, a.concurrency_stamp, a.department_id, a.email, a.email_confirmed, a.full_name, a.joined_on, a.lockout_enabled, a.lockout_end, a.must_change_password, a.normalized_email, a.normalized_user_name, a.password_hash, a.phone_number, a.phone_number_confirmed, a.photo_url, a.role, a.security_stamp, a.status, a.two_factor_enabled, a.user_name
FROM "AspNetUsers" AS a
WHERE a.id = @p
LIMIT 1
2026-08-14 13:19:53.660 +03:00 [INF] Executed DbCommand (2ms) [Parameters=[@request_Id='?' (DbType = Guid)], CommandType='"Text"', CommandTimeout='30']
SELECT s.id, s.created_at_utc, s.created_by_id, s.deleted_at_utc, s.department_id, s.description, s.due_at_utc, s.due_soon_notified_at_utc, s.is_deleted, s.overdue_notified_at_utc, s.priority, s.scope, s.status, s.title, s.updated_at_utc, s.updated_by_id, s.id0, s.code, s.created_at_utc0, s.created_by_id0, s.description0, s.name, s.updated_at_utc0, s.updated_by_id0, s0.task_item_id, s0.member_id, s0.id, s1.id, s1.author_id, s1.created_at_utc, s1.created_by_id, s1.task_item_id, s1.text, s1.updated_at_utc, s1.updated_by_id, s1.id0, s2.id, s2.content_type, s2.created_at_utc, s2.created_by_id, s2.original_file_name, s2.size_bytes, s2.storage_key, s2.task_item_id, s2.updated_at_utc, s2.updated_by_id, s2.uploaded_at_utc, s2.uploaded_by_id, s2.id0
FROM (
    SELECT t.id, t.created_at_utc, t.created_by_id, t.deleted_at_utc, t.department_id, t.description, t.due_at_utc, t.due_soon_notified_at_utc, t.is_deleted, t.overdue_notified_at_utc, t.priority, t.scope, t.status, t.title, t.updated_at_utc, t.updated_by_id, d.id AS id0, d.code, d.created_at_utc AS created_at_utc0, d.created_by_id AS created_by_id0, d.description AS description0, d.name, d.updated_at_utc AS updated_at_utc0, d.updated_by_id AS updated_by_id0
    FROM tasks AS t
    LEFT JOIN departments AS d ON t.department_id = d.id
    WHERE NOT (t.is_deleted) AND t.id = @request_Id
    LIMIT 1
) AS s
LEFT JOIN (
    SELECT t0.task_item_id, t0.member_id, t2.id
    FROM task_assignees AS t0
    INNER JOIN (
        SELECT t1.id, t1.is_deleted
        FROM tasks AS t1
        WHERE NOT (t1.is_deleted)
    ) AS t2 ON t0.task_item_id = t2.id
    WHERE NOT (t2.is_deleted)
) AS s0 ON s.id = s0.task_item_id
LEFT JOIN (
    SELECT t3.id, t3.author_id, t3.created_at_utc, t3.created_by_id, t3.task_item_id, t3.text, t3.updated_at_utc, t3.updated_by_id, t5.id AS id0
    FROM task_comments AS t3
    INNER JOIN (
        SELECT t4.id, t4.is_deleted
        FROM tasks AS t4
        WHERE NOT (t4.is_deleted)
    ) AS t5 ON t3.task_item_id = t5.id
    WHERE NOT (t5.is_deleted)
) AS s1 ON s.id = s1.task_item_id
LEFT JOIN (
    SELECT t6.id, t6.content_type, t6.created_at_utc, t6.created_by_id, t6.original_file_name, t6.size_bytes, t6.storage_key, t6.task_item_id, t6.updated_at_utc, t6.updated_by_id, t6.uploaded_at_utc, t6.uploaded_by_id, t8.id AS id0
    FROM task_documents AS t6
    INNER JOIN (
        SELECT t7.id, t7.is_deleted
        FROM tasks AS t7
        WHERE NOT (t7.is_deleted)
    ) AS t8 ON t6.task_item_id = t8.id
    WHERE NOT (t8.is_deleted)
) AS s2 ON s.id = s2.task_item_id
ORDER BY s.id, s.id0, s0.task_item_id, s0.member_id, s0.id, s1.id, s1.id0, s2.id
2026-08-14 13:19:53.661 +03:00 [INF] Executed DbCommand (1ms) [Parameters=[@distinct='?' (DbType = Object)], CommandType='"Text"', CommandTimeout='30']
SELECT a.id AS "Id", a.full_name AS "FullName", a.email AS "Email", a.phone_number AS "PhoneNumber", a.photo_url AS "PhotoUrl", a.role AS "Role", a.department_id AS "DepartmentId", d.code AS "DepartmentCode", d.name AS "DepartmentName", a.joined_on AS "JoinedOn", a.status AS "Status"
FROM "AspNetUsers" AS a
LEFT JOIN departments AS d ON a.department_id = d.id
WHERE a.id = ANY (@distinct)
2026-08-14 13:19:53.661 +03:00 [INF] Handled GetTaskQuery for user "8cf9a97e-14aa-4aec-ae1f-82875cbb48c3" in 2 ms
2026-08-14 13:19:53.661 +03:00 [INF] HTTP GET /api/v1/tasks/caafc2ab-6c3d-4b70-bf8d-f36e2f3ebe2a responded 200 in 4.5284 ms
2026-08-14 13:20:03.849 +03:00 [INF] Executed DbCommand (1ms) [Parameters=[@normalizedEmail='?'], CommandType='"Text"', CommandTimeout='30']
SELECT a.id, a.access_failed_count, a.concurrency_stamp, a.department_id, a.email, a.email_confirmed, a.full_name, a.joined_on, a.lockout_enabled, a.lockout_end, a.must_change_password, a.normalized_email, a.normalized_user_name, a.password_hash, a.phone_number, a.phone_number_confirmed, a.photo_url, a.role, a.security_stamp, a.status, a.two_factor_enabled, a.user_name
FROM "AspNetUsers" AS a
WHERE a.normalized_email = @normalizedEmail
LIMIT 2
2026-08-14 13:20:03.893 +03:00 [INF] Executed DbCommand (1ms) [Parameters=[@p0='?' (DbType = Guid), @p1='?' (DbType = DateTime), @p2='?' (DbType = DateTime), @p3='?' (DbType = Guid), @p4='?', @p5='?' (DbType = DateTime), @p6='?'], CommandType='"Text"', CommandTimeout='30']
INSERT INTO refresh_tokens (id, created_at_utc, expires_at_utc, member_id, replaced_by_token_hash, revoked_at_utc, token_hash)
VALUES (@p0, @p1, @p2, @p3, @p4, @p5, @p6);
2026-08-14 13:20:03.893 +03:00 [INF] Handled LoginCommand for user null in 45 ms
2026-08-14 13:20:03.893 +03:00 [INF] HTTP POST /api/v1/auth/login responded 200 in 45.8264 ms
2026-08-14 13:20:03.979 +03:00 [INF] Executed DbCommand (1ms) [Parameters=[@p='?' (DbType = Guid)], CommandType='"Text"', CommandTimeout='30']
SELECT a.id, a.access_failed_count, a.concurrency_stamp, a.department_id, a.email, a.email_confirmed, a.full_name, a.joined_on, a.lockout_enabled, a.lockout_end, a.must_change_password, a.normalized_email, a.normalized_user_name, a.password_hash, a.phone_number, a.phone_number_confirmed, a.photo_url, a.role, a.security_stamp, a.status, a.two_factor_enabled, a.user_name
FROM "AspNetUsers" AS a
WHERE a.id = @p
LIMIT 1
2026-08-14 13:20:03.979 +03:00 [INF] Executed DbCommand (0ms) [Parameters=[@userId='?' (DbType = Guid)], CommandType='"Text"', CommandTimeout='30']
SELECT a.id AS "Id", a.full_name AS "FullName", a.email AS "Email", a.phone_number AS "PhoneNumber", a.photo_url AS "PhotoUrl", a.role AS "Role", a.department_id AS "DepartmentId", d.code AS "DepartmentCode", d.name AS "DepartmentName", a.joined_on AS "JoinedOn", a.status AS "Status"
FROM "AspNetUsers" AS a
LEFT JOIN departments AS d ON a.department_id = d.id
WHERE a.id = @userId
LIMIT 1
2026-08-14 13:20:03.979 +03:00 [INF] Handled GetMeQuery for user "e71006a3-891c-4459-aa20-bf6c6d8cab84" in 0 ms
2026-08-14 13:20:03.980 +03:00 [INF] HTTP GET /api/v1/auth/me responded 200 in 2.3146 ms
2026-08-14 13:20:03.983 +03:00 [INF] Executed DbCommand (1ms) [Parameters=[@p='?' (DbType = Guid)], CommandType='"Text"', CommandTimeout='30']
SELECT a.id, a.access_failed_count, a.concurrency_stamp, a.department_id, a.email, a.email_confirmed, a.full_name, a.joined_on, a.lockout_enabled, a.lockout_end, a.must_change_password, a.normalized_email, a.normalized_user_name, a.password_hash, a.phone_number, a.phone_number_confirmed, a.photo_url, a.role, a.security_stamp, a.status, a.two_factor_enabled, a.user_name
FROM "AspNetUsers" AS a
WHERE a.id = @p
LIMIT 1
2026-08-14 13:20:03.984 +03:00 [INF] Executed DbCommand (0ms) [Parameters=[@userId='?' (DbType = Guid)], CommandType='"Text"', CommandTimeout='30']
SELECT a.id AS "Id", a.full_name AS "FullName", a.email AS "Email", a.phone_number AS "PhoneNumber", a.photo_url AS "PhotoUrl", a.role AS "Role", a.department_id AS "DepartmentId", d.code AS "DepartmentCode", d.name AS "DepartmentName", a.joined_on AS "JoinedOn", a.status AS "Status"
FROM "AspNetUsers" AS a
LEFT JOIN departments AS d ON a.department_id = d.id
WHERE a.id = @userId
LIMIT 1
2026-08-14 13:20:03.984 +03:00 [INF] Handled GetMeQuery for user "e71006a3-891c-4459-aa20-bf6c6d8cab84" in 0 ms
2026-08-14 13:20:03.984 +03:00 [INF] HTTP GET /api/v1/auth/me responded 200 in 2.2660 ms
2026-08-14 13:20:03.991 +03:00 [INF] Executed DbCommand (1ms) [Parameters=[@p='?' (DbType = Guid)], CommandType='"Text"', CommandTimeout='30']
SELECT a.id, a.access_failed_count, a.concurrency_stamp, a.department_id, a.email, a.email_confirmed, a.full_name, a.joined_on, a.lockout_enabled, a.lockout_end, a.must_change_password, a.normalized_email, a.normalized_user_name, a.password_hash, a.phone_number, a.phone_number_confirmed, a.photo_url, a.role, a.security_stamp, a.status, a.two_factor_enabled, a.user_name
FROM "AspNetUsers" AS a
WHERE a.id = @p
LIMIT 1
2026-08-14 13:20:03.993 +03:00 [INF] Executed DbCommand (1ms) [Parameters=[], CommandType='"Text"', CommandTimeout='30']
SELECT d.id, d.code, d.created_at_utc, d.created_by_id, d.description, d.name, d.updated_at_utc, d.updated_by_id
FROM departments AS d
ORDER BY d.code
2026-08-14 13:20:03.995 +03:00 [INF] Executed DbCommand (2ms) [Parameters=[], CommandType='"Text"', CommandTimeout='30']
SELECT a.id AS "Id", a.full_name AS "FullName", a.email AS "Email", a.phone_number AS "PhoneNumber", a.photo_url AS "PhotoUrl", a.role AS "Role", a.department_id AS "DepartmentId", d.code AS "DepartmentCode", d.name AS "DepartmentName", a.joined_on AS "JoinedOn", a.status AS "Status"
FROM "AspNetUsers" AS a
LEFT JOIN departments AS d ON a.department_id = d.id
WHERE a.status = 'Active' AND a.department_id IS NOT NULL
2026-08-14 13:20:03.995 +03:00 [INF] Handled GetDepartmentsQuery for user "e71006a3-891c-4459-aa20-bf6c6d8cab84" in 2 ms
2026-08-14 13:20:03.995 +03:00 [INF] HTTP GET /api/v1/departments responded 200 in 4.6400 ms
2026-08-14 13:20:04.003 +03:00 [INF] Executed DbCommand (2ms) [Parameters=[@p='?' (DbType = Guid)], CommandType='"Text"', CommandTimeout='30']
SELECT a.id, a.access_failed_count, a.concurrency_stamp, a.department_id, a.email, a.email_confirmed, a.full_name, a.joined_on, a.lockout_enabled, a.lockout_end, a.must_change_password, a.normalized_email, a.normalized_user_name, a.password_hash, a.phone_number, a.phone_number_confirmed, a.photo_url, a.role, a.security_stamp, a.status, a.two_factor_enabled, a.user_name
FROM "AspNetUsers" AS a
WHERE a.id = @p
LIMIT 1
2026-08-14 13:20:04.005 +03:00 [INF] Executed DbCommand (2ms) [Parameters=[@request_Id='?' (DbType = Guid)], CommandType='"Text"', CommandTimeout='30']
SELECT s.id, s.created_at_utc, s.created_by_id, s.deleted_at_utc, s.department_id, s.description, s.due_at_utc, s.due_soon_notified_at_utc, s.is_deleted, s.overdue_notified_at_utc, s.priority, s.scope, s.status, s.title, s.updated_at_utc, s.updated_by_id, s.id0, s.code, s.created_at_utc0, s.created_by_id0, s.description0, s.name, s.updated_at_utc0, s.updated_by_id0, s0.task_item_id, s0.member_id, s0.id, s1.id, s1.author_id, s1.created_at_utc, s1.created_by_id, s1.task_item_id, s1.text, s1.updated_at_utc, s1.updated_by_id, s1.id0, s2.id, s2.content_type, s2.created_at_utc, s2.created_by_id, s2.original_file_name, s2.size_bytes, s2.storage_key, s2.task_item_id, s2.updated_at_utc, s2.updated_by_id, s2.uploaded_at_utc, s2.uploaded_by_id, s2.id0
FROM (
    SELECT t.id, t.created_at_utc, t.created_by_id, t.deleted_at_utc, t.department_id, t.description, t.due_at_utc, t.due_soon_notified_at_utc, t.is_deleted, t.overdue_notified_at_utc, t.priority, t.scope, t.status, t.title, t.updated_at_utc, t.updated_by_id, d.id AS id0, d.code, d.created_at_utc AS created_at_utc0, d.created_by_id AS created_by_id0, d.description AS description0, d.name, d.updated_at_utc AS updated_at_utc0, d.updated_by_id AS updated_by_id0
    FROM tasks AS t
    LEFT JOIN departments AS d ON t.department_id = d.id
    WHERE NOT (t.is_deleted) AND t.id = @request_Id
    LIMIT 1
) AS s
LEFT JOIN (
    SELECT t0.task_item_id, t0.member_id, t2.id
    FROM task_assignees AS t0
    INNER JOIN (
        SELECT t1.id, t1.is_deleted
        FROM tasks AS t1
        WHERE NOT (t1.is_deleted)
    ) AS t2 ON t0.task_item_id = t2.id
    WHERE NOT (t2.is_deleted)
) AS s0 ON s.id = s0.task_item_id
LEFT JOIN (
    SELECT t3.id, t3.author_id, t3.created_at_utc, t3.created_by_id, t3.task_item_id, t3.text, t3.updated_at_utc, t3.updated_by_id, t5.id AS id0
    FROM task_comments AS t3
    INNER JOIN (
        SELECT t4.id, t4.is_deleted
        FROM tasks AS t4
        WHERE NOT (t4.is_deleted)
    ) AS t5 ON t3.task_item_id = t5.id
    WHERE NOT (t5.is_deleted)
) AS s1 ON s.id = s1.task_item_id
LEFT JOIN (
    SELECT t6.id, t6.content_type, t6.created_at_utc, t6.created_by_id, t6.original_file_name, t6.size_bytes, t6.storage_key, t6.task_item_id, t6.updated_at_utc, t6.updated_by_id, t6.uploaded_at_utc, t6.uploaded_by_id, t8.id AS id0
    FROM task_documents AS t6
    INNER JOIN (
        SELECT t7.id, t7.is_deleted
        FROM tasks AS t7
        WHERE NOT (t7.is_deleted)
    ) AS t8 ON t6.task_item_id = t8.id
    WHERE NOT (t8.is_deleted)
) AS s2 ON s.id = s2.task_item_id
ORDER BY s.id, s.id0, s0.task_item_id, s0.member_id, s0.id, s1.id, s1.id0, s2.id
2026-08-14 13:20:04.008 +03:00 [INF] Executed DbCommand (2ms) [Parameters=[@distinct='?' (DbType = Object)], CommandType='"Text"', CommandTimeout='30']
SELECT a.id AS "Id", a.full_name AS "FullName", a.email AS "Email", a.phone_number AS "PhoneNumber", a.photo_url AS "PhotoUrl", a.role AS "Role", a.department_id AS "DepartmentId", d.code AS "DepartmentCode", d.name AS "DepartmentName", a.joined_on AS "JoinedOn", a.status AS "Status"
FROM "AspNetUsers" AS a
LEFT JOIN departments AS d ON a.department_id = d.id
WHERE a.id = ANY (@distinct)
2026-08-14 13:20:04.008 +03:00 [INF] Handled GetTaskQuery for user "e71006a3-891c-4459-aa20-bf6c6d8cab84" in 4 ms
2026-08-14 13:20:04.008 +03:00 [INF] HTTP GET /api/v1/tasks/caafc2ab-6c3d-4b70-bf8d-f36e2f3ebe2a responded 200 in 17.6132 ms
2026-08-14 13:20:04.019 +03:00 [INF] Executed DbCommand (1ms) [Parameters=[@p='?' (DbType = Guid)], CommandType='"Text"', CommandTimeout='30']
SELECT a.id, a.access_failed_count, a.concurrency_stamp, a.department_id, a.email, a.email_confirmed, a.full_name, a.joined_on, a.lockout_enabled, a.lockout_end, a.must_change_password, a.normalized_email, a.normalized_user_name, a.password_hash, a.phone_number, a.phone_number_confirmed, a.photo_url, a.role, a.security_stamp, a.status, a.two_factor_enabled, a.user_name
FROM "AspNetUsers" AS a
WHERE a.id = @p
LIMIT 1
2026-08-14 13:20:04.021 +03:00 [INF] Executed DbCommand (1ms) [Parameters=[@status='?'], CommandType='"Text"', CommandTimeout='30']
SELECT count(*)::int
FROM "AspNetUsers" AS a
WHERE a.status = @status
2026-08-14 13:20:04.022 +03:00 [INF] Executed DbCommand (1ms) [Parameters=[@status='?', @p2='?' (DbType = Int32), @p='?' (DbType = Int32)], CommandType='"Text"', CommandTimeout='30']
SELECT a0.id AS "Id", a0.full_name AS "FullName", a0.email AS "Email", a0.phone_number AS "PhoneNumber", a0.photo_url AS "PhotoUrl", a0.role AS "Role", a0.department_id AS "DepartmentId", d.code AS "DepartmentCode", d.name AS "DepartmentName", a0.joined_on AS "JoinedOn", a0.status AS "Status"
FROM (
    SELECT a.id, a.department_id, a.email, a.full_name, a.joined_on, a.phone_number, a.photo_url, a.role, a.status
    FROM "AspNetUsers" AS a
    WHERE a.status = @status
    ORDER BY a.full_name
    LIMIT @p2 OFFSET @p
) AS a0
LEFT JOIN departments AS d ON a0.department_id = d.id
ORDER BY a0.full_name
2026-08-14 13:20:04.022 +03:00 [INF] Handled GetMembersQuery for user "e71006a3-891c-4459-aa20-bf6c6d8cab84" in 2 ms
2026-08-14 13:20:04.022 +03:00 [INF] HTTP GET /api/v1/members responded 200 in 4.8485 ms
2026-08-14 13:20:28.243 +03:00 [INF] Executed DbCommand (1ms) [Parameters=[@p='?' (DbType = Guid)], CommandType='"Text"', CommandTimeout='30']
SELECT a.id, a.access_failed_count, a.concurrency_stamp, a.department_id, a.email, a.email_confirmed, a.full_name, a.joined_on, a.lockout_enabled, a.lockout_end, a.must_change_password, a.normalized_email, a.normalized_user_name, a.password_hash, a.phone_number, a.phone_number_confirmed, a.photo_url, a.role, a.security_stamp, a.status, a.two_factor_enabled, a.user_name
FROM "AspNetUsers" AS a
WHERE a.id = @p
LIMIT 1
2026-08-14 13:20:28.252 +03:00 [INF] Executed DbCommand (2ms) [Parameters=[@distinct='?' (DbType = Object)], CommandType='"Text"', CommandTimeout='30']
SELECT count(*)::int
FROM "AspNetUsers" AS a
WHERE a.id = ANY (@distinct) AND a.status = 'Active'
2026-08-14 13:20:28.256 +03:00 [INF] Executed DbCommand (3ms) [Parameters=[@request_Id='?' (DbType = Guid)], CommandType='"Text"', CommandTimeout='30']
SELECT t3.id, t3.created_at_utc, t3.created_by_id, t3.deleted_at_utc, t3.department_id, t3.description, t3.due_at_utc, t3.due_soon_notified_at_utc, t3.is_deleted, t3.overdue_notified_at_utc, t3.priority, t3.scope, t3.status, t3.title, t3.updated_at_utc, t3.updated_by_id, s.task_item_id, s.member_id, s.id
FROM (
    SELECT t.id, t.created_at_utc, t.created_by_id, t.deleted_at_utc, t.department_id, t.description, t.due_at_utc, t.due_soon_notified_at_utc, t.is_deleted, t.overdue_notified_at_utc, t.priority, t.scope, t.status, t.title, t.updated_at_utc, t.updated_by_id
    FROM tasks AS t
    WHERE NOT (t.is_deleted) AND t.id = @request_Id
    LIMIT 1
) AS t3
LEFT JOIN (
    SELECT t0.task_item_id, t0.member_id, t2.id
    FROM task_assignees AS t0
    INNER JOIN (
        SELECT t1.id, t1.is_deleted
        FROM tasks AS t1
        WHERE NOT (t1.is_deleted)
    ) AS t2 ON t0.task_item_id = t2.id
    WHERE NOT (t2.is_deleted)
) AS s ON t3.id = s.task_item_id
ORDER BY t3.id, s.task_item_id, s.member_id
2026-08-14 13:20:28.260 +03:00 [INF] Executed DbCommand (1ms) [Parameters=[@p3='?' (DbType = Guid), @p0='?', @p1='?' (DbType = DateTime), @p2='?' (DbType = Guid)], CommandType='"Text"', CommandTimeout='30']
UPDATE tasks SET title = @p0, updated_at_utc = @p1, updated_by_id = @p2
WHERE id = @p3;
2026-08-14 13:20:28.265 +03:00 [INF] Executed DbCommand (5ms) [Parameters=[@taskId='?' (DbType = Guid)], CommandType='"Text"', CommandTimeout='30']
SELECT s.id, s.created_at_utc, s.created_by_id, s.deleted_at_utc, s.department_id, s.description, s.due_at_utc, s.due_soon_notified_at_utc, s.is_deleted, s.overdue_notified_at_utc, s.priority, s.scope, s.status, s.title, s.updated_at_utc, s.updated_by_id, s.id0, s.code, s.created_at_utc0, s.created_by_id0, s.description0, s.name, s.updated_at_utc0, s.updated_by_id0, s0.task_item_id, s0.member_id, s0.id, s1.id, s1.author_id, s1.created_at_utc, s1.created_by_id, s1.task_item_id, s1.text, s1.updated_at_utc, s1.updated_by_id, s1.id0, s2.id, s2.content_type, s2.created_at_utc, s2.created_by_id, s2.original_file_name, s2.size_bytes, s2.storage_key, s2.task_item_id, s2.updated_at_utc, s2.updated_by_id, s2.uploaded_at_utc, s2.uploaded_by_id, s2.id0
FROM (
    SELECT t.id, t.created_at_utc, t.created_by_id, t.deleted_at_utc, t.department_id, t.description, t.due_at_utc, t.due_soon_notified_at_utc, t.is_deleted, t.overdue_notified_at_utc, t.priority, t.scope, t.status, t.title, t.updated_at_utc, t.updated_by_id, d.id AS id0, d.code, d.created_at_utc AS created_at_utc0, d.created_by_id AS created_by_id0, d.description AS description0, d.name, d.updated_at_utc AS updated_at_utc0, d.updated_by_id AS updated_by_id0
    FROM tasks AS t
    LEFT JOIN departments AS d ON t.department_id = d.id
    WHERE NOT (t.is_deleted) AND t.id = @taskId
    LIMIT 1
) AS s
LEFT JOIN (
    SELECT t0.task_item_id, t0.member_id, t2.id
    FROM task_assignees AS t0
    INNER JOIN (
        SELECT t1.id, t1.is_deleted
        FROM tasks AS t1
        WHERE NOT (t1.is_deleted)
    ) AS t2 ON t0.task_item_id = t2.id
    WHERE NOT (t2.is_deleted)
) AS s0 ON s.id = s0.task_item_id
LEFT JOIN (
    SELECT t3.id, t3.author_id, t3.created_at_utc, t3.created_by_id, t3.task_item_id, t3.text, t3.updated_at_utc, t3.updated_by_id, t5.id AS id0
    FROM task_comments AS t3
    INNER JOIN (
        SELECT t4.id, t4.is_deleted
        FROM tasks AS t4
        WHERE NOT (t4.is_deleted)
    ) AS t5 ON t3.task_item_id = t5.id
    WHERE NOT (t5.is_deleted)
) AS s1 ON s.id = s1.task_item_id
LEFT JOIN (
    SELECT t6.id, t6.content_type, t6.created_at_utc, t6.created_by_id, t6.original_file_name, t6.size_bytes, t6.storage_key, t6.task_item_id, t6.updated_at_utc, t6.updated_by_id, t6.uploaded_at_utc, t6.uploaded_by_id, t8.id AS id0
    FROM task_documents AS t6
    INNER JOIN (
        SELECT t7.id, t7.is_deleted
        FROM tasks AS t7
        WHERE NOT (t7.is_deleted)
    ) AS t8 ON t6.task_item_id = t8.id
    WHERE NOT (t8.is_deleted)
) AS s2 ON s.id = s2.task_item_id
ORDER BY s.id, s.id0, s0.task_item_id, s0.member_id, s0.id, s1.id, s1.id0, s2.id
2026-08-14 13:20:28.266 +03:00 [INF] Executed DbCommand (1ms) [Parameters=[@distinct='?' (DbType = Object)], CommandType='"Text"', CommandTimeout='30']
SELECT a.id AS "Id", a.full_name AS "FullName", a.email AS "Email", a.phone_number AS "PhoneNumber", a.photo_url AS "PhotoUrl", a.role AS "Role", a.department_id AS "DepartmentId", d.code AS "DepartmentCode", d.name AS "DepartmentName", a.joined_on AS "JoinedOn", a.status AS "Status"
FROM "AspNetUsers" AS a
LEFT JOIN departments AS d ON a.department_id = d.id
WHERE a.id = ANY (@distinct)
2026-08-14 13:20:28.266 +03:00 [INF] Handled UpdateTaskCommand for user "e71006a3-891c-4459-aa20-bf6c6d8cab84" in 13 ms
2026-08-14 13:20:28.266 +03:00 [INF] HTTP PUT /api/v1/tasks/caafc2ab-6c3d-4b70-bf8d-f36e2f3ebe2a responded 200 in 24.8962 ms
2026-08-14 13:20:28.270 +03:00 [INF] Executed DbCommand (1ms) [Parameters=[@p='?' (DbType = Guid)], CommandType='"Text"', CommandTimeout='30']
SELECT a.id, a.access_failed_count, a.concurrency_stamp, a.department_id, a.email, a.email_confirmed, a.full_name, a.joined_on, a.lockout_enabled, a.lockout_end, a.must_change_password, a.normalized_email, a.normalized_user_name, a.password_hash, a.phone_number, a.phone_number_confirmed, a.photo_url, a.role, a.security_stamp, a.status, a.two_factor_enabled, a.user_name
FROM "AspNetUsers" AS a
WHERE a.id = @p
LIMIT 1
2026-08-14 13:20:28.273 +03:00 [INF] Executed DbCommand (2ms) [Parameters=[@request_Id='?' (DbType = Guid)], CommandType='"Text"', CommandTimeout='30']
SELECT s.id, s.created_at_utc, s.created_by_id, s.deleted_at_utc, s.department_id, s.description, s.due_at_utc, s.due_soon_notified_at_utc, s.is_deleted, s.overdue_notified_at_utc, s.priority, s.scope, s.status, s.title, s.updated_at_utc, s.updated_by_id, s.id0, s.code, s.created_at_utc0, s.created_by_id0, s.description0, s.name, s.updated_at_utc0, s.updated_by_id0, s0.task_item_id, s0.member_id, s0.id, s1.id, s1.author_id, s1.created_at_utc, s1.created_by_id, s1.task_item_id, s1.text, s1.updated_at_utc, s1.updated_by_id, s1.id0, s2.id, s2.content_type, s2.created_at_utc, s2.created_by_id, s2.original_file_name, s2.size_bytes, s2.storage_key, s2.task_item_id, s2.updated_at_utc, s2.updated_by_id, s2.uploaded_at_utc, s2.uploaded_by_id, s2.id0
FROM (
    SELECT t.id, t.created_at_utc, t.created_by_id, t.deleted_at_utc, t.department_id, t.description, t.due_at_utc, t.due_soon_notified_at_utc, t.is_deleted, t.overdue_notified_at_utc, t.priority, t.scope, t.status, t.title, t.updated_at_utc, t.updated_by_id, d.id AS id0, d.code, d.created_at_utc AS created_at_utc0, d.created_by_id AS created_by_id0, d.description AS description0, d.name, d.updated_at_utc AS updated_at_utc0, d.updated_by_id AS updated_by_id0
    FROM tasks AS t
    LEFT JOIN departments AS d ON t.department_id = d.id
    WHERE NOT (t.is_deleted) AND t.id = @request_Id
    LIMIT 1
) AS s
LEFT JOIN (
    SELECT t0.task_item_id, t0.member_id, t2.id
    FROM task_assignees AS t0
    INNER JOIN (
        SELECT t1.id, t1.is_deleted
        FROM tasks AS t1
        WHERE NOT (t1.is_deleted)
    ) AS t2 ON t0.task_item_id = t2.id
    WHERE NOT (t2.is_deleted)
) AS s0 ON s.id = s0.task_item_id
LEFT JOIN (
    SELECT t3.id, t3.author_id, t3.created_at_utc, t3.created_by_id, t3.task_item_id, t3.text, t3.updated_at_utc, t3.updated_by_id, t5.id AS id0
    FROM task_comments AS t3
    INNER JOIN (
        SELECT t4.id, t4.is_deleted
        FROM tasks AS t4
        WHERE NOT (t4.is_deleted)
    ) AS t5 ON t3.task_item_id = t5.id
    WHERE NOT (t5.is_deleted)
) AS s1 ON s.id = s1.task_item_id
LEFT JOIN (
    SELECT t6.id, t6.content_type, t6.created_at_utc, t6.created_by_id, t6.original_file_name, t6.size_bytes, t6.storage_key, t6.task_item_id, t6.updated_at_utc, t6.updated_by_id, t6.uploaded_at_utc, t6.uploaded_by_id, t8.id AS id0
    FROM task_documents AS t6
    INNER JOIN (
        SELECT t7.id, t7.is_deleted
        FROM tasks AS t7
        WHERE NOT (t7.is_deleted)
    ) AS t8 ON t6.task_item_id = t8.id
    WHERE NOT (t8.is_deleted)
) AS s2 ON s.id = s2.task_item_id
ORDER BY s.id, s.id0, s0.task_item_id, s0.member_id, s0.id, s1.id, s1.id0, s2.id
2026-08-14 13:20:28.274 +03:00 [INF] Executed DbCommand (1ms) [Parameters=[@distinct='?' (DbType = Object)], CommandType='"Text"', CommandTimeout='30']
SELECT a.id AS "Id", a.full_name AS "FullName", a.email AS "Email", a.phone_number AS "PhoneNumber", a.photo_url AS "PhotoUrl", a.role AS "Role", a.department_id AS "DepartmentId", d.code AS "DepartmentCode", d.name AS "DepartmentName", a.joined_on AS "JoinedOn", a.status AS "Status"
FROM "AspNetUsers" AS a
LEFT JOIN departments AS d ON a.department_id = d.id
WHERE a.id = ANY (@distinct)
2026-08-14 13:20:28.274 +03:00 [INF] Handled GetTaskQuery for user "e71006a3-891c-4459-aa20-bf6c6d8cab84" in 3 ms
2026-08-14 13:20:28.274 +03:00 [INF] HTTP GET /api/v1/tasks/caafc2ab-6c3d-4b70-bf8d-f36e2f3ebe2a responded 200 in 5.3166 ms
2026-08-14 13:20:30.342 +03:00 [INF] Executed DbCommand (1ms) [Parameters=[@p='?' (DbType = Guid)], CommandType='"Text"', CommandTimeout='30']
SELECT a.id, a.access_failed_count, a.concurrency_stamp, a.department_id, a.email, a.email_confirmed, a.full_name, a.joined_on, a.lockout_enabled, a.lockout_end, a.must_change_password, a.normalized_email, a.normalized_user_name, a.password_hash, a.phone_number, a.phone_number_confirmed, a.photo_url, a.role, a.security_stamp, a.status, a.two_factor_enabled, a.user_name
FROM "AspNetUsers" AS a
WHERE a.id = @p
LIMIT 1
2026-08-14 13:20:30.350 +03:00 [INF] Executed DbCommand (1ms) [Parameters=[@request_Id='?' (DbType = Guid)], CommandType='"Text"', CommandTimeout='30']
SELECT t3.id, t3.created_at_utc, t3.created_by_id, t3.deleted_at_utc, t3.department_id, t3.description, t3.due_at_utc, t3.due_soon_notified_at_utc, t3.is_deleted, t3.overdue_notified_at_utc, t3.priority, t3.scope, t3.status, t3.title, t3.updated_at_utc, t3.updated_by_id, s.task_item_id, s.member_id, s.id
FROM (
    SELECT t.id, t.created_at_utc, t.created_by_id, t.deleted_at_utc, t.department_id, t.description, t.due_at_utc, t.due_soon_notified_at_utc, t.is_deleted, t.overdue_notified_at_utc, t.priority, t.scope, t.status, t.title, t.updated_at_utc, t.updated_by_id
    FROM tasks AS t
    WHERE NOT (t.is_deleted) AND t.id = @request_Id
    LIMIT 1
) AS t3
LEFT JOIN (
    SELECT t0.task_item_id, t0.member_id, t2.id
    FROM task_assignees AS t0
    INNER JOIN (
        SELECT t1.id, t1.is_deleted
        FROM tasks AS t1
        WHERE NOT (t1.is_deleted)
    ) AS t2 ON t0.task_item_id = t2.id
    WHERE NOT (t2.is_deleted)
) AS s ON t3.id = s.task_item_id
ORDER BY t3.id, s.task_item_id, s.member_id
2026-08-14 13:20:30.351 +03:00 [INF] Executed DbCommand (1ms) [Parameters=[@p2='?' (DbType = Guid), @p0='?', @p1='?' (DbType = DateTime)], CommandType='"Text"', CommandTimeout='30']
UPDATE tasks SET status = @p0, updated_at_utc = @p1
WHERE id = @p2;
2026-08-14 13:20:30.351 +03:00 [INF] Handled CancelTaskCommand for user "e71006a3-891c-4459-aa20-bf6c6d8cab84" in 3 ms
2026-08-14 13:20:30.352 +03:00 [INF] HTTP POST /api/v1/tasks/caafc2ab-6c3d-4b70-bf8d-f36e2f3ebe2a/cancel responded 204 in 10.7628 ms
2026-08-14 13:20:30.357 +03:00 [INF] Executed DbCommand (1ms) [Parameters=[@p='?' (DbType = Guid)], CommandType='"Text"', CommandTimeout='30']
SELECT a.id, a.access_failed_count, a.concurrency_stamp, a.department_id, a.email, a.email_confirmed, a.full_name, a.joined_on, a.lockout_enabled, a.lockout_end, a.must_change_password, a.normalized_email, a.normalized_user_name, a.password_hash, a.phone_number, a.phone_number_confirmed, a.photo_url, a.role, a.security_stamp, a.status, a.two_factor_enabled, a.user_name
FROM "AspNetUsers" AS a
WHERE a.id = @p
LIMIT 1
2026-08-14 13:20:30.359 +03:00 [INF] Executed DbCommand (2ms) [Parameters=[@request_Id='?' (DbType = Guid)], CommandType='"Text"', CommandTimeout='30']
SELECT s.id, s.created_at_utc, s.created_by_id, s.deleted_at_utc, s.department_id, s.description, s.due_at_utc, s.due_soon_notified_at_utc, s.is_deleted, s.overdue_notified_at_utc, s.priority, s.scope, s.status, s.title, s.updated_at_utc, s.updated_by_id, s.id0, s.code, s.created_at_utc0, s.created_by_id0, s.description0, s.name, s.updated_at_utc0, s.updated_by_id0, s0.task_item_id, s0.member_id, s0.id, s1.id, s1.author_id, s1.created_at_utc, s1.created_by_id, s1.task_item_id, s1.text, s1.updated_at_utc, s1.updated_by_id, s1.id0, s2.id, s2.content_type, s2.created_at_utc, s2.created_by_id, s2.original_file_name, s2.size_bytes, s2.storage_key, s2.task_item_id, s2.updated_at_utc, s2.updated_by_id, s2.uploaded_at_utc, s2.uploaded_by_id, s2.id0
FROM (
    SELECT t.id, t.created_at_utc, t.created_by_id, t.deleted_at_utc, t.department_id, t.description, t.due_at_utc, t.due_soon_notified_at_utc, t.is_deleted, t.overdue_notified_at_utc, t.priority, t.scope, t.status, t.title, t.updated_at_utc, t.updated_by_id, d.id AS id0, d.code, d.created_at_utc AS created_at_utc0, d.created_by_id AS created_by_id0, d.description AS description0, d.name, d.updated_at_utc AS updated_at_utc0, d.updated_by_id AS updated_by_id0
    FROM tasks AS t
    LEFT JOIN departments AS d ON t.department_id = d.id
    WHERE NOT (t.is_deleted) AND t.id = @request_Id
    LIMIT 1
) AS s
LEFT JOIN (
    SELECT t0.task_item_id, t0.member_id, t2.id
    FROM task_assignees AS t0
    INNER JOIN (
        SELECT t1.id, t1.is_deleted
        FROM tasks AS t1
        WHERE NOT (t1.is_deleted)
    ) AS t2 ON t0.task_item_id = t2.id
    WHERE NOT (t2.is_deleted)
) AS s0 ON s.id = s0.task_item_id
LEFT JOIN (
    SELECT t3.id, t3.author_id, t3.created_at_utc, t3.created_by_id, t3.task_item_id, t3.text, t3.updated_at_utc, t3.updated_by_id, t5.id AS id0
    FROM task_comments AS t3
    INNER JOIN (
        SELECT t4.id, t4.is_deleted
        FROM tasks AS t4
        WHERE NOT (t4.is_deleted)
    ) AS t5 ON t3.task_item_id = t5.id
    WHERE NOT (t5.is_deleted)
) AS s1 ON s.id = s1.task_item_id
LEFT JOIN (
    SELECT t6.id, t6.content_type, t6.created_at_utc, t6.created_by_id, t6.original_file_name, t6.size_bytes, t6.storage_key, t6.task_item_id, t6.updated_at_utc, t6.updated_by_id, t6.uploaded_at_utc, t6.uploaded_by_id, t8.id AS id0
    FROM task_documents AS t6
    INNER JOIN (
        SELECT t7.id, t7.is_deleted
        FROM tasks AS t7
        WHERE NOT (t7.is_deleted)
    ) AS t8 ON t6.task_item_id = t8.id
    WHERE NOT (t8.is_deleted)
) AS s2 ON s.id = s2.task_item_id
ORDER BY s.id, s.id0, s0.task_item_id, s0.member_id, s0.id, s1.id, s1.id0, s2.id
2026-08-14 13:20:30.359 +03:00 [INF] Executed DbCommand (0ms) [Parameters=[@distinct='?' (DbType = Object)], CommandType='"Text"', CommandTimeout='30']
SELECT a.id AS "Id", a.full_name AS "FullName", a.email AS "Email", a.phone_number AS "PhoneNumber", a.photo_url AS "PhotoUrl", a.role AS "Role", a.department_id AS "DepartmentId", d.code AS "DepartmentCode", d.name AS "DepartmentName", a.joined_on AS "JoinedOn", a.status AS "Status"
FROM "AspNetUsers" AS a
LEFT JOIN departments AS d ON a.department_id = d.id
WHERE a.id = ANY (@distinct)
2026-08-14 13:20:30.360 +03:00 [INF] Handled GetTaskQuery for user "e71006a3-891c-4459-aa20-bf6c6d8cab84" in 2 ms
2026-08-14 13:20:30.360 +03:00 [INF] HTTP GET /api/v1/tasks/caafc2ab-6c3d-4b70-bf8d-f36e2f3ebe2a responded 200 in 4.2367 ms
2026-08-14 13:20:41.352 +03:00 [INF] Executed DbCommand (1ms) [Parameters=[@p='?' (DbType = Guid)], CommandType='"Text"', CommandTimeout='30']
SELECT a.id, a.access_failed_count, a.concurrency_stamp, a.department_id, a.email, a.email_confirmed, a.full_name, a.joined_on, a.lockout_enabled, a.lockout_end, a.must_change_password, a.normalized_email, a.normalized_user_name, a.password_hash, a.phone_number, a.phone_number_confirmed, a.photo_url, a.role, a.security_stamp, a.status, a.two_factor_enabled, a.user_name
FROM "AspNetUsers" AS a
WHERE a.id = @p
LIMIT 1
2026-08-14 13:20:41.355 +03:00 [INF] Executed DbCommand (2ms) [Parameters=[@request_Id='?' (DbType = Guid)], CommandType='"Text"', CommandTimeout='30']
SELECT s.id, s.created_at_utc, s.created_by_id, s.deleted_at_utc, s.department_id, s.description, s.due_at_utc, s.due_soon_notified_at_utc, s.is_deleted, s.overdue_notified_at_utc, s.priority, s.scope, s.status, s.title, s.updated_at_utc, s.updated_by_id, s.id0, s.code, s.created_at_utc0, s.created_by_id0, s.description0, s.name, s.updated_at_utc0, s.updated_by_id0, s0.task_item_id, s0.member_id, s0.id, s1.id, s1.author_id, s1.created_at_utc, s1.created_by_id, s1.task_item_id, s1.text, s1.updated_at_utc, s1.updated_by_id, s1.id0, s2.id, s2.content_type, s2.created_at_utc, s2.created_by_id, s2.original_file_name, s2.size_bytes, s2.storage_key, s2.task_item_id, s2.updated_at_utc, s2.updated_by_id, s2.uploaded_at_utc, s2.uploaded_by_id, s2.id0
FROM (
    SELECT t.id, t.created_at_utc, t.created_by_id, t.deleted_at_utc, t.department_id, t.description, t.due_at_utc, t.due_soon_notified_at_utc, t.is_deleted, t.overdue_notified_at_utc, t.priority, t.scope, t.status, t.title, t.updated_at_utc, t.updated_by_id, d.id AS id0, d.code, d.created_at_utc AS created_at_utc0, d.created_by_id AS created_by_id0, d.description AS description0, d.name, d.updated_at_utc AS updated_at_utc0, d.updated_by_id AS updated_by_id0
    FROM tasks AS t
    LEFT JOIN departments AS d ON t.department_id = d.id
    WHERE NOT (t.is_deleted) AND t.id = @request_Id
    LIMIT 1
) AS s
LEFT JOIN (
    SELECT t0.task_item_id, t0.member_id, t2.id
    FROM task_assignees AS t0
    INNER JOIN (
        SELECT t1.id, t1.is_deleted
        FROM tasks AS t1
        WHERE NOT (t1.is_deleted)
    ) AS t2 ON t0.task_item_id = t2.id
    WHERE NOT (t2.is_deleted)
) AS s0 ON s.id = s0.task_item_id
LEFT JOIN (
    SELECT t3.id, t3.author_id, t3.created_at_utc, t3.created_by_id, t3.task_item_id, t3.text, t3.updated_at_utc, t3.updated_by_id, t5.id AS id0
    FROM task_comments AS t3
    INNER JOIN (
        SELECT t4.id, t4.is_deleted
        FROM tasks AS t4
        WHERE NOT (t4.is_deleted)
    ) AS t5 ON t3.task_item_id = t5.id
    WHERE NOT (t5.is_deleted)
) AS s1 ON s.id = s1.task_item_id
LEFT JOIN (
    SELECT t6.id, t6.content_type, t6.created_at_utc, t6.created_by_id, t6.original_file_name, t6.size_bytes, t6.storage_key, t6.task_item_id, t6.updated_at_utc, t6.updated_by_id, t6.uploaded_at_utc, t6.uploaded_by_id, t8.id AS id0
    FROM task_documents AS t6
    INNER JOIN (
        SELECT t7.id, t7.is_deleted
        FROM tasks AS t7
        WHERE NOT (t7.is_deleted)
    ) AS t8 ON t6.task_item_id = t8.id
    WHERE NOT (t8.is_deleted)
) AS s2 ON s.id = s2.task_item_id
ORDER BY s.id, s.id0, s0.task_item_id, s0.member_id, s0.id, s1.id, s1.id0, s2.id
2026-08-14 13:20:41.358 +03:00 [INF] Executed DbCommand (1ms) [Parameters=[@distinct='?' (DbType = Object)], CommandType='"Text"', CommandTimeout='30']
SELECT a.id AS "Id", a.full_name AS "FullName", a.email AS "Email", a.phone_number AS "PhoneNumber", a.photo_url AS "PhotoUrl", a.role AS "Role", a.department_id AS "DepartmentId", d.code AS "DepartmentCode", d.name AS "DepartmentName", a.joined_on AS "JoinedOn", a.status AS "Status"
FROM "AspNetUsers" AS a
LEFT JOIN departments AS d ON a.department_id = d.id
WHERE a.id = ANY (@distinct)
2026-08-14 13:20:41.358 +03:00 [INF] Handled GetTaskQuery for user "e71006a3-891c-4459-aa20-bf6c6d8cab84" in 5 ms
2026-08-14 13:20:41.358 +03:00 [INF] HTTP GET /api/v1/tasks/caafc2ab-6c3d-4b70-bf8d-f36e2f3ebe2a responded 200 in 8.1475 ms
2026-08-14 13:26:24.543 +03:00 [INF] Executed DbCommand (3ms) [Parameters=[@p='?' (DbType = Guid)], CommandType='"Text"', CommandTimeout='30']
SELECT a.id, a.access_failed_count, a.concurrency_stamp, a.department_id, a.email, a.email_confirmed, a.full_name, a.joined_on, a.lockout_enabled, a.lockout_end, a.must_change_password, a.normalized_email, a.normalized_user_name, a.password_hash, a.phone_number, a.phone_number_confirmed, a.photo_url, a.role, a.security_stamp, a.status, a.two_factor_enabled, a.user_name
FROM "AspNetUsers" AS a
WHERE a.id = @p
LIMIT 1
2026-08-14 13:26:24.546 +03:00 [INF] Executed DbCommand (2ms) [Parameters=[@userId='?' (DbType = Guid)], CommandType='"Text"', CommandTimeout='30']
SELECT a.id AS "Id", a.full_name AS "FullName", a.email AS "Email", a.phone_number AS "PhoneNumber", a.photo_url AS "PhotoUrl", a.role AS "Role", a.department_id AS "DepartmentId", d.code AS "DepartmentCode", d.name AS "DepartmentName", a.joined_on AS "JoinedOn", a.status AS "Status"
FROM "AspNetUsers" AS a
LEFT JOIN departments AS d ON a.department_id = d.id
WHERE a.id = @userId
LIMIT 1
2026-08-14 13:26:24.547 +03:00 [INF] Handled GetMeQuery for user "e71006a3-891c-4459-aa20-bf6c6d8cab84" in 2 ms
2026-08-14 13:26:24.547 +03:00 [INF] HTTP GET /api/v1/auth/me responded 200 in 13.4006 ms
2026-08-14 13:26:24.550 +03:00 [INF] Executed DbCommand (1ms) [Parameters=[@p='?' (DbType = Guid)], CommandType='"Text"', CommandTimeout='30']
SELECT a.id, a.access_failed_count, a.concurrency_stamp, a.department_id, a.email, a.email_confirmed, a.full_name, a.joined_on, a.lockout_enabled, a.lockout_end, a.must_change_password, a.normalized_email, a.normalized_user_name, a.password_hash, a.phone_number, a.phone_number_confirmed, a.photo_url, a.role, a.security_stamp, a.status, a.two_factor_enabled, a.user_name
FROM "AspNetUsers" AS a
WHERE a.id = @p
LIMIT 1
2026-08-14 13:26:24.551 +03:00 [INF] Executed DbCommand (1ms) [Parameters=[@userId='?' (DbType = Guid)], CommandType='"Text"', CommandTimeout='30']
SELECT a.id AS "Id", a.full_name AS "FullName", a.email AS "Email", a.phone_number AS "PhoneNumber", a.photo_url AS "PhotoUrl", a.role AS "Role", a.department_id AS "DepartmentId", d.code AS "DepartmentCode", d.name AS "DepartmentName", a.joined_on AS "JoinedOn", a.status AS "Status"
FROM "AspNetUsers" AS a
LEFT JOIN departments AS d ON a.department_id = d.id
WHERE a.id = @userId
LIMIT 1
2026-08-14 13:26:24.552 +03:00 [INF] Handled GetMeQuery for user "e71006a3-891c-4459-aa20-bf6c6d8cab84" in 1 ms
2026-08-14 13:26:24.552 +03:00 [INF] HTTP GET /api/v1/auth/me responded 200 in 2.8285 ms
2026-08-14 13:26:24.564 +03:00 [INF] Executed DbCommand (1ms) [Parameters=[@p='?' (DbType = Guid)], CommandType='"Text"', CommandTimeout='30']
SELECT a.id, a.access_failed_count, a.concurrency_stamp, a.department_id, a.email, a.email_confirmed, a.full_name, a.joined_on, a.lockout_enabled, a.lockout_end, a.must_change_password, a.normalized_email, a.normalized_user_name, a.password_hash, a.phone_number, a.phone_number_confirmed, a.photo_url, a.role, a.security_stamp, a.status, a.two_factor_enabled, a.user_name
FROM "AspNetUsers" AS a
WHERE a.id = @p
LIMIT 1
2026-08-14 13:26:24.572 +03:00 [INF] Executed DbCommand (7ms) [Parameters=[@request_Id='?' (DbType = Guid)], CommandType='"Text"', CommandTimeout='30']
SELECT s.id, s.created_at_utc, s.created_by_id, s.deleted_at_utc, s.department_id, s.description, s.due_at_utc, s.due_soon_notified_at_utc, s.is_deleted, s.overdue_notified_at_utc, s.priority, s.scope, s.status, s.title, s.updated_at_utc, s.updated_by_id, s.id0, s.code, s.created_at_utc0, s.created_by_id0, s.description0, s.name, s.updated_at_utc0, s.updated_by_id0, s0.task_item_id, s0.member_id, s0.id, s1.id, s1.author_id, s1.created_at_utc, s1.created_by_id, s1.task_item_id, s1.text, s1.updated_at_utc, s1.updated_by_id, s1.id0, s2.id, s2.content_type, s2.created_at_utc, s2.created_by_id, s2.original_file_name, s2.size_bytes, s2.storage_key, s2.task_item_id, s2.updated_at_utc, s2.updated_by_id, s2.uploaded_at_utc, s2.uploaded_by_id, s2.id0
FROM (
    SELECT t.id, t.created_at_utc, t.created_by_id, t.deleted_at_utc, t.department_id, t.description, t.due_at_utc, t.due_soon_notified_at_utc, t.is_deleted, t.overdue_notified_at_utc, t.priority, t.scope, t.status, t.title, t.updated_at_utc, t.updated_by_id, d.id AS id0, d.code, d.created_at_utc AS created_at_utc0, d.created_by_id AS created_by_id0, d.description AS description0, d.name, d.updated_at_utc AS updated_at_utc0, d.updated_by_id AS updated_by_id0
    FROM tasks AS t
    LEFT JOIN departments AS d ON t.department_id = d.id
    WHERE NOT (t.is_deleted) AND t.id = @request_Id
    LIMIT 1
) AS s
LEFT JOIN (
    SELECT t0.task_item_id, t0.member_id, t2.id
    FROM task_assignees AS t0
    INNER JOIN (
        SELECT t1.id, t1.is_deleted
        FROM tasks AS t1
        WHERE NOT (t1.is_deleted)
    ) AS t2 ON t0.task_item_id = t2.id
    WHERE NOT (t2.is_deleted)
) AS s0 ON s.id = s0.task_item_id
LEFT JOIN (
    SELECT t3.id, t3.author_id, t3.created_at_utc, t3.created_by_id, t3.task_item_id, t3.text, t3.updated_at_utc, t3.updated_by_id, t5.id AS id0
    FROM task_comments AS t3
    INNER JOIN (
        SELECT t4.id, t4.is_deleted
        FROM tasks AS t4
        WHERE NOT (t4.is_deleted)
    ) AS t5 ON t3.task_item_id = t5.id
    WHERE NOT (t5.is_deleted)
) AS s1 ON s.id = s1.task_item_id
LEFT JOIN (
    SELECT t6.id, t6.content_type, t6.created_at_utc, t6.created_by_id, t6.original_file_name, t6.size_bytes, t6.storage_key, t6.task_item_id, t6.updated_at_utc, t6.updated_by_id, t6.uploaded_at_utc, t6.uploaded_by_id, t8.id AS id0
    FROM task_documents AS t6
    INNER JOIN (
        SELECT t7.id, t7.is_deleted
        FROM tasks AS t7
        WHERE NOT (t7.is_deleted)
    ) AS t8 ON t6.task_item_id = t8.id
    WHERE NOT (t8.is_deleted)
) AS s2 ON s.id = s2.task_item_id
ORDER BY s.id, s.id0, s0.task_item_id, s0.member_id, s0.id, s1.id, s1.id0, s2.id
2026-08-14 13:26:24.573 +03:00 [INF] Executed DbCommand (1ms) [Parameters=[@distinct='?' (DbType = Object)], CommandType='"Text"', CommandTimeout='30']
SELECT a.id AS "Id", a.full_name AS "FullName", a.email AS "Email", a.phone_number AS "PhoneNumber", a.photo_url AS "PhotoUrl", a.role AS "Role", a.department_id AS "DepartmentId", d.code AS "DepartmentCode", d.name AS "DepartmentName", a.joined_on AS "JoinedOn", a.status AS "Status"
FROM "AspNetUsers" AS a
LEFT JOIN departments AS d ON a.department_id = d.id
WHERE a.id = ANY (@distinct)
2026-08-14 13:26:24.573 +03:00 [INF] Handled GetTaskQuery for user "e71006a3-891c-4459-aa20-bf6c6d8cab84" in 8 ms
2026-08-14 13:26:24.573 +03:00 [INF] HTTP GET /api/v1/tasks/caafc2ab-6c3d-4b70-bf8d-f36e2f3ebe2a responded 200 in 10.5982 ms
2026-08-14 13:26:24.575 +03:00 [INF] Executed DbCommand (3ms) [Parameters=[@p='?' (DbType = Guid)], CommandType='"Text"', CommandTimeout='30']
SELECT a.id, a.access_failed_count, a.concurrency_stamp, a.department_id, a.email, a.email_confirmed, a.full_name, a.joined_on, a.lockout_enabled, a.lockout_end, a.must_change_password, a.normalized_email, a.normalized_user_name, a.password_hash, a.phone_number, a.phone_number_confirmed, a.photo_url, a.role, a.security_stamp, a.status, a.two_factor_enabled, a.user_name
FROM "AspNetUsers" AS a
WHERE a.id = @p
LIMIT 1
2026-08-14 13:26:24.578 +03:00 [INF] Executed DbCommand (2ms) [Parameters=[@p='?' (DbType = Guid)], CommandType='"Text"', CommandTimeout='30']
SELECT a.id, a.access_failed_count, a.concurrency_stamp, a.department_id, a.email, a.email_confirmed, a.full_name, a.joined_on, a.lockout_enabled, a.lockout_end, a.must_change_password, a.normalized_email, a.normalized_user_name, a.password_hash, a.phone_number, a.phone_number_confirmed, a.photo_url, a.role, a.security_stamp, a.status, a.two_factor_enabled, a.user_name
FROM "AspNetUsers" AS a
WHERE a.id = @p
LIMIT 1
2026-08-14 13:26:24.590 +03:00 [INF] Executed DbCommand (3ms) [Parameters=[@request_TaskId='?' (DbType = Guid)], CommandType='"Text"', CommandTimeout='30']
SELECT t3.id, t3.created_at_utc, t3.created_by_id, t3.deleted_at_utc, t3.department_id, t3.description, t3.due_at_utc, t3.due_soon_notified_at_utc, t3.is_deleted, t3.overdue_notified_at_utc, t3.priority, t3.scope, t3.status, t3.title, t3.updated_at_utc, t3.updated_by_id, s.task_item_id, s.member_id, s.id
FROM (
    SELECT t.id, t.created_at_utc, t.created_by_id, t.deleted_at_utc, t.department_id, t.description, t.due_at_utc, t.due_soon_notified_at_utc, t.is_deleted, t.overdue_notified_at_utc, t.priority, t.scope, t.status, t.title, t.updated_at_utc, t.updated_by_id
    FROM tasks AS t
    WHERE NOT (t.is_deleted) AND t.id = @request_TaskId
    LIMIT 1
) AS t3
LEFT JOIN (
    SELECT t0.task_item_id, t0.member_id, t2.id
    FROM task_assignees AS t0
    INNER JOIN (
        SELECT t1.id, t1.is_deleted
        FROM tasks AS t1
        WHERE NOT (t1.is_deleted)
    ) AS t2 ON t0.task_item_id = t2.id
    WHERE NOT (t2.is_deleted)
) AS s ON t3.id = s.task_item_id
ORDER BY t3.id, s.task_item_id, s.member_id
2026-08-14 13:26:24.591 +03:00 [INF] Executed DbCommand (3ms) [Parameters=[@request_TaskId='?' (DbType = Guid)], CommandType='"Text"', CommandTimeout='30']
SELECT t3.id, t3.created_at_utc, t3.created_by_id, t3.deleted_at_utc, t3.department_id, t3.description, t3.due_at_utc, t3.due_soon_notified_at_utc, t3.is_deleted, t3.overdue_notified_at_utc, t3.priority, t3.scope, t3.status, t3.title, t3.updated_at_utc, t3.updated_by_id, s.task_item_id, s.member_id, s.id
FROM (
    SELECT t.id, t.created_at_utc, t.created_by_id, t.deleted_at_utc, t.department_id, t.description, t.due_at_utc, t.due_soon_notified_at_utc, t.is_deleted, t.overdue_notified_at_utc, t.priority, t.scope, t.status, t.title, t.updated_at_utc, t.updated_by_id
    FROM tasks AS t
    WHERE NOT (t.is_deleted) AND t.id = @request_TaskId
    LIMIT 1
) AS t3
LEFT JOIN (
    SELECT t0.task_item_id, t0.member_id, t2.id
    FROM task_assignees AS t0
    INNER JOIN (
        SELECT t1.id, t1.is_deleted
        FROM tasks AS t1
        WHERE NOT (t1.is_deleted)
    ) AS t2 ON t0.task_item_id = t2.id
    WHERE NOT (t2.is_deleted)
) AS s ON t3.id = s.task_item_id
ORDER BY t3.id, s.task_item_id, s.member_id
2026-08-14 13:26:24.597 +03:00 [INF] Executed DbCommand (3ms) [Parameters=[@request_TaskId='?' (DbType = Guid)], CommandType='"Text"', CommandTimeout='30']
SELECT t.id AS "Id", t.original_file_name AS "OriginalFileName", t.content_type AS "ContentType", t.size_bytes AS "SizeBytes", t.uploaded_by_id AS "UploadedById", t.uploaded_at_utc AS "UploadedAtUtc"
FROM task_documents AS t
INNER JOIN (
    SELECT t0.id, t0.is_deleted
    FROM tasks AS t0
    WHERE NOT (t0.is_deleted)
) AS t1 ON t.task_item_id = t1.id
WHERE NOT (t1.is_deleted) AND t.task_item_id = @request_TaskId
ORDER BY t.uploaded_at_utc
2026-08-14 13:26:24.597 +03:00 [INF] Executed DbCommand (2ms) [Parameters=[@request_TaskId='?' (DbType = Guid)], CommandType='"Text"', CommandTimeout='30']
SELECT t.id AS "Id", t.author_id AS "AuthorId", t.text AS "Text", t.created_at_utc AS "CreatedAtUtc"
FROM task_comments AS t
INNER JOIN (
    SELECT t0.id, t0.is_deleted
    FROM tasks AS t0
    WHERE NOT (t0.is_deleted)
) AS t1 ON t.task_item_id = t1.id
WHERE NOT (t1.is_deleted) AND t.task_item_id = @request_TaskId
ORDER BY t.created_at_utc
2026-08-14 13:26:24.597 +03:00 [INF] Handled GetTaskDocumentsQuery for user "e71006a3-891c-4459-aa20-bf6c6d8cab84" in 14 ms
2026-08-14 13:26:24.597 +03:00 [INF] Handled GetTaskCommentsQuery for user "e71006a3-891c-4459-aa20-bf6c6d8cab84" in 17 ms
2026-08-14 13:26:24.597 +03:00 [INF] HTTP GET /api/v1/tasks/caafc2ab-6c3d-4b70-bf8d-f36e2f3ebe2a/comments responded 200 in 35.0567 ms
2026-08-14 13:26:24.597 +03:00 [INF] HTTP GET /api/v1/tasks/caafc2ab-6c3d-4b70-bf8d-f36e2f3ebe2a/documents responded 200 in 34.9511 ms
2026-08-14 13:26:39.527 +03:00 [INF] Executed DbCommand (1ms) [Parameters=[@p='?' (DbType = Guid)], CommandType='"Text"', CommandTimeout='30']
SELECT a.id, a.access_failed_count, a.concurrency_stamp, a.department_id, a.email, a.email_confirmed, a.full_name, a.joined_on, a.lockout_enabled, a.lockout_end, a.must_change_password, a.normalized_email, a.normalized_user_name, a.password_hash, a.phone_number, a.phone_number_confirmed, a.photo_url, a.role, a.security_stamp, a.status, a.two_factor_enabled, a.user_name
FROM "AspNetUsers" AS a
WHERE a.id = @p
LIMIT 1
2026-08-14 13:26:39.531 +03:00 [INF] Executed DbCommand (2ms) [Parameters=[@userId='?' (DbType = Guid)], CommandType='"Text"', CommandTimeout='30']
SELECT a.id AS "Id", a.full_name AS "FullName", a.email AS "Email", a.phone_number AS "PhoneNumber", a.photo_url AS "PhotoUrl", a.role AS "Role", a.department_id AS "DepartmentId", d.code AS "DepartmentCode", d.name AS "DepartmentName", a.joined_on AS "JoinedOn", a.status AS "Status"
FROM "AspNetUsers" AS a
LEFT JOIN departments AS d ON a.department_id = d.id
WHERE a.id = @userId
LIMIT 1
2026-08-14 13:26:39.531 +03:00 [INF] Handled GetMeQuery for user "e71006a3-891c-4459-aa20-bf6c6d8cab84" in 2 ms
2026-08-14 13:26:39.531 +03:00 [INF] HTTP GET /api/v1/auth/me responded 200 in 6.9652 ms
2026-08-14 13:26:39.534 +03:00 [INF] Executed DbCommand (1ms) [Parameters=[@p='?' (DbType = Guid)], CommandType='"Text"', CommandTimeout='30']
SELECT a.id, a.access_failed_count, a.concurrency_stamp, a.department_id, a.email, a.email_confirmed, a.full_name, a.joined_on, a.lockout_enabled, a.lockout_end, a.must_change_password, a.normalized_email, a.normalized_user_name, a.password_hash, a.phone_number, a.phone_number_confirmed, a.photo_url, a.role, a.security_stamp, a.status, a.two_factor_enabled, a.user_name
FROM "AspNetUsers" AS a
WHERE a.id = @p
LIMIT 1
2026-08-14 13:26:39.535 +03:00 [INF] Executed DbCommand (1ms) [Parameters=[@userId='?' (DbType = Guid)], CommandType='"Text"', CommandTimeout='30']
SELECT a.id AS "Id", a.full_name AS "FullName", a.email AS "Email", a.phone_number AS "PhoneNumber", a.photo_url AS "PhotoUrl", a.role AS "Role", a.department_id AS "DepartmentId", d.code AS "DepartmentCode", d.name AS "DepartmentName", a.joined_on AS "JoinedOn", a.status AS "Status"
FROM "AspNetUsers" AS a
LEFT JOIN departments AS d ON a.department_id = d.id
WHERE a.id = @userId
LIMIT 1
2026-08-14 13:26:39.536 +03:00 [INF] Handled GetMeQuery for user "e71006a3-891c-4459-aa20-bf6c6d8cab84" in 1 ms
2026-08-14 13:26:39.536 +03:00 [INF] HTTP GET /api/v1/auth/me responded 200 in 3.1818 ms
2026-08-14 13:26:39.543 +03:00 [INF] Executed DbCommand (1ms) [Parameters=[@p='?' (DbType = Guid)], CommandType='"Text"', CommandTimeout='30']
SELECT a.id, a.access_failed_count, a.concurrency_stamp, a.department_id, a.email, a.email_confirmed, a.full_name, a.joined_on, a.lockout_enabled, a.lockout_end, a.must_change_password, a.normalized_email, a.normalized_user_name, a.password_hash, a.phone_number, a.phone_number_confirmed, a.photo_url, a.role, a.security_stamp, a.status, a.two_factor_enabled, a.user_name
FROM "AspNetUsers" AS a
WHERE a.id = @p
LIMIT 1
2026-08-14 13:26:39.547 +03:00 [INF] Executed DbCommand (4ms) [Parameters=[@request_Id='?' (DbType = Guid)], CommandType='"Text"', CommandTimeout='30']
SELECT s.id, s.created_at_utc, s.created_by_id, s.deleted_at_utc, s.department_id, s.description, s.due_at_utc, s.due_soon_notified_at_utc, s.is_deleted, s.overdue_notified_at_utc, s.priority, s.scope, s.status, s.title, s.updated_at_utc, s.updated_by_id, s.id0, s.code, s.created_at_utc0, s.created_by_id0, s.description0, s.name, s.updated_at_utc0, s.updated_by_id0, s0.task_item_id, s0.member_id, s0.id, s1.id, s1.author_id, s1.created_at_utc, s1.created_by_id, s1.task_item_id, s1.text, s1.updated_at_utc, s1.updated_by_id, s1.id0, s2.id, s2.content_type, s2.created_at_utc, s2.created_by_id, s2.original_file_name, s2.size_bytes, s2.storage_key, s2.task_item_id, s2.updated_at_utc, s2.updated_by_id, s2.uploaded_at_utc, s2.uploaded_by_id, s2.id0
FROM (
    SELECT t.id, t.created_at_utc, t.created_by_id, t.deleted_at_utc, t.department_id, t.description, t.due_at_utc, t.due_soon_notified_at_utc, t.is_deleted, t.overdue_notified_at_utc, t.priority, t.scope, t.status, t.title, t.updated_at_utc, t.updated_by_id, d.id AS id0, d.code, d.created_at_utc AS created_at_utc0, d.created_by_id AS created_by_id0, d.description AS description0, d.name, d.updated_at_utc AS updated_at_utc0, d.updated_by_id AS updated_by_id0
    FROM tasks AS t
    LEFT JOIN departments AS d ON t.department_id = d.id
    WHERE NOT (t.is_deleted) AND t.id = @request_Id
    LIMIT 1
) AS s
LEFT JOIN (
    SELECT t0.task_item_id, t0.member_id, t2.id
    FROM task_assignees AS t0
    INNER JOIN (
        SELECT t1.id, t1.is_deleted
        FROM tasks AS t1
        WHERE NOT (t1.is_deleted)
    ) AS t2 ON t0.task_item_id = t2.id
    WHERE NOT (t2.is_deleted)
) AS s0 ON s.id = s0.task_item_id
LEFT JOIN (
    SELECT t3.id, t3.author_id, t3.created_at_utc, t3.created_by_id, t3.task_item_id, t3.text, t3.updated_at_utc, t3.updated_by_id, t5.id AS id0
    FROM task_comments AS t3
    INNER JOIN (
        SELECT t4.id, t4.is_deleted
        FROM tasks AS t4
        WHERE NOT (t4.is_deleted)
    ) AS t5 ON t3.task_item_id = t5.id
    WHERE NOT (t5.is_deleted)
) AS s1 ON s.id = s1.task_item_id
LEFT JOIN (
    SELECT t6.id, t6.content_type, t6.created_at_utc, t6.created_by_id, t6.original_file_name, t6.size_bytes, t6.storage_key, t6.task_item_id, t6.updated_at_utc, t6.updated_by_id, t6.uploaded_at_utc, t6.uploaded_by_id, t8.id AS id0
    FROM task_documents AS t6
    INNER JOIN (
        SELECT t7.id, t7.is_deleted
        FROM tasks AS t7
        WHERE NOT (t7.is_deleted)
    ) AS t8 ON t6.task_item_id = t8.id
    WHERE NOT (t8.is_deleted)
) AS s2 ON s.id = s2.task_item_id
ORDER BY s.id, s.id0, s0.task_item_id, s0.member_id, s0.id, s1.id, s1.id0, s2.id
2026-08-14 13:26:39.549 +03:00 [INF] Executed DbCommand (1ms) [Parameters=[@distinct='?' (DbType = Object)], CommandType='"Text"', CommandTimeout='30']
SELECT a.id AS "Id", a.full_name AS "FullName", a.email AS "Email", a.phone_number AS "PhoneNumber", a.photo_url AS "PhotoUrl", a.role AS "Role", a.department_id AS "DepartmentId", d.code AS "DepartmentCode", d.name AS "DepartmentName", a.joined_on AS "JoinedOn", a.status AS "Status"
FROM "AspNetUsers" AS a
LEFT JOIN departments AS d ON a.department_id = d.id
WHERE a.id = ANY (@distinct)
2026-08-14 13:26:39.549 +03:00 [INF] Handled GetTaskQuery for user "e71006a3-891c-4459-aa20-bf6c6d8cab84" in 5 ms
2026-08-14 13:26:39.549 +03:00 [INF] HTTP GET /api/v1/tasks/2a095bfd-4504-4145-9be3-0763deae9e1d responded 200 in 7.2707 ms
2026-08-14 13:26:39.560 +03:00 [INF] Executed DbCommand (1ms) [Parameters=[@p='?' (DbType = Guid)], CommandType='"Text"', CommandTimeout='30']
SELECT a.id, a.access_failed_count, a.concurrency_stamp, a.department_id, a.email, a.email_confirmed, a.full_name, a.joined_on, a.lockout_enabled, a.lockout_end, a.must_change_password, a.normalized_email, a.normalized_user_name, a.password_hash, a.phone_number, a.phone_number_confirmed, a.photo_url, a.role, a.security_stamp, a.status, a.two_factor_enabled, a.user_name
FROM "AspNetUsers" AS a
WHERE a.id = @p
LIMIT 1
2026-08-14 13:26:39.561 +03:00 [INF] Executed DbCommand (1ms) [Parameters=[@p='?' (DbType = Guid)], CommandType='"Text"', CommandTimeout='30']
SELECT a.id, a.access_failed_count, a.concurrency_stamp, a.department_id, a.email, a.email_confirmed, a.full_name, a.joined_on, a.lockout_enabled, a.lockout_end, a.must_change_password, a.normalized_email, a.normalized_user_name, a.password_hash, a.phone_number, a.phone_number_confirmed, a.photo_url, a.role, a.security_stamp, a.status, a.two_factor_enabled, a.user_name
FROM "AspNetUsers" AS a
WHERE a.id = @p
LIMIT 1
2026-08-14 13:26:39.563 +03:00 [INF] Executed DbCommand (1ms) [Parameters=[@request_TaskId='?' (DbType = Guid)], CommandType='"Text"', CommandTimeout='30']
SELECT t3.id, t3.created_at_utc, t3.created_by_id, t3.deleted_at_utc, t3.department_id, t3.description, t3.due_at_utc, t3.due_soon_notified_at_utc, t3.is_deleted, t3.overdue_notified_at_utc, t3.priority, t3.scope, t3.status, t3.title, t3.updated_at_utc, t3.updated_by_id, s.task_item_id, s.member_id, s.id
FROM (
    SELECT t.id, t.created_at_utc, t.created_by_id, t.deleted_at_utc, t.department_id, t.description, t.due_at_utc, t.due_soon_notified_at_utc, t.is_deleted, t.overdue_notified_at_utc, t.priority, t.scope, t.status, t.title, t.updated_at_utc, t.updated_by_id
    FROM tasks AS t
    WHERE NOT (t.is_deleted) AND t.id = @request_TaskId
    LIMIT 1
) AS t3
LEFT JOIN (
    SELECT t0.task_item_id, t0.member_id, t2.id
    FROM task_assignees AS t0
    INNER JOIN (
        SELECT t1.id, t1.is_deleted
        FROM tasks AS t1
        WHERE NOT (t1.is_deleted)
    ) AS t2 ON t0.task_item_id = t2.id
    WHERE NOT (t2.is_deleted)
) AS s ON t3.id = s.task_item_id
ORDER BY t3.id, s.task_item_id, s.member_id
2026-08-14 13:26:39.564 +03:00 [INF] Executed DbCommand (1ms) [Parameters=[@request_TaskId='?' (DbType = Guid)], CommandType='"Text"', CommandTimeout='30']
SELECT t.id AS "Id", t.author_id AS "AuthorId", t.text AS "Text", t.created_at_utc AS "CreatedAtUtc"
FROM task_comments AS t
INNER JOIN (
    SELECT t0.id, t0.is_deleted
    FROM tasks AS t0
    WHERE NOT (t0.is_deleted)
) AS t1 ON t.task_item_id = t1.id
WHERE NOT (t1.is_deleted) AND t.task_item_id = @request_TaskId
ORDER BY t.created_at_utc
2026-08-14 13:26:39.564 +03:00 [INF] Handled GetTaskCommentsQuery for user "e71006a3-891c-4459-aa20-bf6c6d8cab84" in 2 ms
2026-08-14 13:26:39.564 +03:00 [INF] HTTP GET /api/v1/tasks/2a095bfd-4504-4145-9be3-0763deae9e1d/comments responded 200 in 4.2418 ms
2026-08-14 13:26:39.565 +03:00 [INF] Executed DbCommand (3ms) [Parameters=[@request_TaskId='?' (DbType = Guid)], CommandType='"Text"', CommandTimeout='30']
SELECT t3.id, t3.created_at_utc, t3.created_by_id, t3.deleted_at_utc, t3.department_id, t3.description, t3.due_at_utc, t3.due_soon_notified_at_utc, t3.is_deleted, t3.overdue_notified_at_utc, t3.priority, t3.scope, t3.status, t3.title, t3.updated_at_utc, t3.updated_by_id, s.task_item_id, s.member_id, s.id
FROM (
    SELECT t.id, t.created_at_utc, t.created_by_id, t.deleted_at_utc, t.department_id, t.description, t.due_at_utc, t.due_soon_notified_at_utc, t.is_deleted, t.overdue_notified_at_utc, t.priority, t.scope, t.status, t.title, t.updated_at_utc, t.updated_by_id
    FROM tasks AS t
    WHERE NOT (t.is_deleted) AND t.id = @request_TaskId
    LIMIT 1
) AS t3
LEFT JOIN (
    SELECT t0.task_item_id, t0.member_id, t2.id
    FROM task_assignees AS t0
    INNER JOIN (
        SELECT t1.id, t1.is_deleted
        FROM tasks AS t1
        WHERE NOT (t1.is_deleted)
    ) AS t2 ON t0.task_item_id = t2.id
    WHERE NOT (t2.is_deleted)
) AS s ON t3.id = s.task_item_id
ORDER BY t3.id, s.task_item_id, s.member_id
2026-08-14 13:26:39.566 +03:00 [INF] Executed DbCommand (1ms) [Parameters=[@request_TaskId='?' (DbType = Guid)], CommandType='"Text"', CommandTimeout='30']
SELECT t.id AS "Id", t.original_file_name AS "OriginalFileName", t.content_type AS "ContentType", t.size_bytes AS "SizeBytes", t.uploaded_by_id AS "UploadedById", t.uploaded_at_utc AS "UploadedAtUtc"
FROM task_documents AS t
INNER JOIN (
    SELECT t0.id, t0.is_deleted
    FROM tasks AS t0
    WHERE NOT (t0.is_deleted)
) AS t1 ON t.task_item_id = t1.id
WHERE NOT (t1.is_deleted) AND t.task_item_id = @request_TaskId
ORDER BY t.uploaded_at_utc
2026-08-14 13:26:39.566 +03:00 [INF] Handled GetTaskDocumentsQuery for user "e71006a3-891c-4459-aa20-bf6c6d8cab84" in 4 ms
2026-08-14 13:26:39.566 +03:00 [INF] HTTP GET /api/v1/tasks/2a095bfd-4504-4145-9be3-0763deae9e1d/documents responded 200 in 6.6433 ms
2026-08-14 13:26:47.431 +03:00 [INF] Executed DbCommand (1ms) [Parameters=[@p='?' (DbType = Guid)], CommandType='"Text"', CommandTimeout='30']
SELECT a.id, a.access_failed_count, a.concurrency_stamp, a.department_id, a.email, a.email_confirmed, a.full_name, a.joined_on, a.lockout_enabled, a.lockout_end, a.must_change_password, a.normalized_email, a.normalized_user_name, a.password_hash, a.phone_number, a.phone_number_confirmed, a.photo_url, a.role, a.security_stamp, a.status, a.two_factor_enabled, a.user_name
FROM "AspNetUsers" AS a
WHERE a.id = @p
LIMIT 1
2026-08-14 13:26:47.441 +03:00 [INF] Executed DbCommand (2ms) [Parameters=[@request_TaskId='?' (DbType = Guid)], CommandType='"Text"', CommandTimeout='30']
SELECT t3.id, t3.created_at_utc, t3.created_by_id, t3.deleted_at_utc, t3.department_id, t3.description, t3.due_at_utc, t3.due_soon_notified_at_utc, t3.is_deleted, t3.overdue_notified_at_utc, t3.priority, t3.scope, t3.status, t3.title, t3.updated_at_utc, t3.updated_by_id, s.task_item_id, s.member_id, s.id
FROM (
    SELECT t.id, t.created_at_utc, t.created_by_id, t.deleted_at_utc, t.department_id, t.description, t.due_at_utc, t.due_soon_notified_at_utc, t.is_deleted, t.overdue_notified_at_utc, t.priority, t.scope, t.status, t.title, t.updated_at_utc, t.updated_by_id
    FROM tasks AS t
    WHERE NOT (t.is_deleted) AND t.id = @request_TaskId
    LIMIT 1
) AS t3
LEFT JOIN (
    SELECT t0.task_item_id, t0.member_id, t2.id
    FROM task_assignees AS t0
    INNER JOIN (
        SELECT t1.id, t1.is_deleted
        FROM tasks AS t1
        WHERE NOT (t1.is_deleted)
    ) AS t2 ON t0.task_item_id = t2.id
    WHERE NOT (t2.is_deleted)
) AS s ON t3.id = s.task_item_id
ORDER BY t3.id, s.task_item_id, s.member_id
2026-08-14 13:26:47.455 +03:00 [INF] Executed DbCommand (4ms) [Parameters=[@p0='?' (DbType = Guid), @p1='?' (DbType = Guid), @p2='?' (DbType = DateTime), @p3='?' (DbType = Guid), @p4='?' (DbType = Guid), @p5='?', @p6='?' (DbType = DateTime), @p7='?' (DbType = Guid)], CommandType='"Text"', CommandTimeout='30']
INSERT INTO task_comments (id, author_id, created_at_utc, created_by_id, task_item_id, text, updated_at_utc, updated_by_id)
VALUES (@p0, @p1, @p2, @p3, @p4, @p5, @p6, @p7);
2026-08-14 13:26:47.456 +03:00 [INF] Executed DbCommand (1ms) [Parameters=[@distinct='?' (DbType = Object)], CommandType='"Text"', CommandTimeout='30']
SELECT a.id AS "Id", a.full_name AS "FullName", a.email AS "Email", a.phone_number AS "PhoneNumber", a.photo_url AS "PhotoUrl", a.role AS "Role", a.department_id AS "DepartmentId", d.code AS "DepartmentCode", d.name AS "DepartmentName", a.joined_on AS "JoinedOn", a.status AS "Status"
FROM "AspNetUsers" AS a
LEFT JOIN departments AS d ON a.department_id = d.id
WHERE a.id = ANY (@distinct)
2026-08-14 13:26:47.465 +03:00 [INF] Executed DbCommand (1ms) [Parameters=[@taskId='?' (DbType = Guid)], CommandType='"Text"', CommandTimeout='30']
SELECT t3.created_by_id, t3.id, s.member_id, s.task_item_id, s.id
FROM (
    SELECT t.created_by_id, t.id
    FROM tasks AS t
    WHERE NOT (t.is_deleted) AND t.id = @taskId
    LIMIT 1
) AS t3
LEFT JOIN (
    SELECT t0.member_id, t0.task_item_id, t2.id
    FROM task_assignees AS t0
    INNER JOIN (
        SELECT t1.id, t1.is_deleted
        FROM tasks AS t1
        WHERE NOT (t1.is_deleted)
    ) AS t2 ON t0.task_item_id = t2.id
    WHERE NOT (t2.is_deleted)
) AS s ON t3.id = s.task_item_id
ORDER BY t3.id, s.task_item_id, s.member_id
2026-08-14 13:26:47.469 +03:00 [INF] Executed DbCommand (2ms) [Parameters=[@p0='?' (DbType = Guid), @p1='?', @p2='?' (DbType = DateTime), @p3='?' (DbType = Guid), @p4='?' (DbType = Boolean), @p5='?' (DbType = Object), @p6='?' (DbType = Guid), @p7='?', @p8='?', @p9='?' (DbType = DateTime), @p10='?' (DbType = Guid)], CommandType='"Text"', CommandTimeout='30']
INSERT INTO notifications (id, body, created_at_utc, created_by_id, is_read, payload, recipient_id, title, type, updated_at_utc, updated_by_id)
VALUES (@p0, @p1, @p2, @p3, @p4, @p5, @p6, @p7, @p8, @p9, @p10);
2026-08-14 13:26:47.469 +03:00 [INF] [DEV PUSH] "TaskComment" -> 1 member(s) | Нов коментар | Organisation President коментира по задача „Тестова задача от UI“.
2026-08-14 13:26:47.469 +03:00 [INF] Handled AddTaskCommentCommand for user "e71006a3-891c-4459-aa20-bf6c6d8cab84" in 31 ms
2026-08-14 13:26:47.470 +03:00 [INF] HTTP POST /api/v1/tasks/2a095bfd-4504-4145-9be3-0763deae9e1d/comments responded 201 in 40.0101 ms
2026-08-14 13:26:47.474 +03:00 [INF] Executed DbCommand (1ms) [Parameters=[@p='?' (DbType = Guid)], CommandType='"Text"', CommandTimeout='30']
SELECT a.id, a.access_failed_count, a.concurrency_stamp, a.department_id, a.email, a.email_confirmed, a.full_name, a.joined_on, a.lockout_enabled, a.lockout_end, a.must_change_password, a.normalized_email, a.normalized_user_name, a.password_hash, a.phone_number, a.phone_number_confirmed, a.photo_url, a.role, a.security_stamp, a.status, a.two_factor_enabled, a.user_name
FROM "AspNetUsers" AS a
WHERE a.id = @p
LIMIT 1
2026-08-14 13:26:47.477 +03:00 [INF] Executed DbCommand (1ms) [Parameters=[@request_TaskId='?' (DbType = Guid)], CommandType='"Text"', CommandTimeout='30']
SELECT t3.id, t3.created_at_utc, t3.created_by_id, t3.deleted_at_utc, t3.department_id, t3.description, t3.due_at_utc, t3.due_soon_notified_at_utc, t3.is_deleted, t3.overdue_notified_at_utc, t3.priority, t3.scope, t3.status, t3.title, t3.updated_at_utc, t3.updated_by_id, s.task_item_id, s.member_id, s.id
FROM (
    SELECT t.id, t.created_at_utc, t.created_by_id, t.deleted_at_utc, t.department_id, t.description, t.due_at_utc, t.due_soon_notified_at_utc, t.is_deleted, t.overdue_notified_at_utc, t.priority, t.scope, t.status, t.title, t.updated_at_utc, t.updated_by_id
    FROM tasks AS t
    WHERE NOT (t.is_deleted) AND t.id = @request_TaskId
    LIMIT 1
) AS t3
LEFT JOIN (
    SELECT t0.task_item_id, t0.member_id, t2.id
    FROM task_assignees AS t0
    INNER JOIN (
        SELECT t1.id, t1.is_deleted
        FROM tasks AS t1
        WHERE NOT (t1.is_deleted)
    ) AS t2 ON t0.task_item_id = t2.id
    WHERE NOT (t2.is_deleted)
) AS s ON t3.id = s.task_item_id
ORDER BY t3.id, s.task_item_id, s.member_id
2026-08-14 13:26:47.477 +03:00 [INF] Executed DbCommand (1ms) [Parameters=[@request_TaskId='?' (DbType = Guid)], CommandType='"Text"', CommandTimeout='30']
SELECT t.id AS "Id", t.author_id AS "AuthorId", t.text AS "Text", t.created_at_utc AS "CreatedAtUtc"
FROM task_comments AS t
INNER JOIN (
    SELECT t0.id, t0.is_deleted
    FROM tasks AS t0
    WHERE NOT (t0.is_deleted)
) AS t1 ON t.task_item_id = t1.id
WHERE NOT (t1.is_deleted) AND t.task_item_id = @request_TaskId
ORDER BY t.created_at_utc
2026-08-14 13:26:47.479 +03:00 [INF] Executed DbCommand (0ms) [Parameters=[@distinct='?' (DbType = Object)], CommandType='"Text"', CommandTimeout='30']
SELECT a.id AS "Id", a.full_name AS "FullName", a.email AS "Email", a.phone_number AS "PhoneNumber", a.photo_url AS "PhotoUrl", a.role AS "Role", a.department_id AS "DepartmentId", d.code AS "DepartmentCode", d.name AS "DepartmentName", a.joined_on AS "JoinedOn", a.status AS "Status"
FROM "AspNetUsers" AS a
LEFT JOIN departments AS d ON a.department_id = d.id
WHERE a.id = ANY (@distinct)
2026-08-14 13:26:47.479 +03:00 [INF] Handled GetTaskCommentsQuery for user "e71006a3-891c-4459-aa20-bf6c6d8cab84" in 3 ms
2026-08-14 13:26:47.479 +03:00 [INF] HTTP GET /api/v1/tasks/2a095bfd-4504-4145-9be3-0763deae9e1d/comments responded 200 in 5.8487 ms
2026-08-14 13:26:59.691 +03:00 [INF] Executed DbCommand (1ms) [Parameters=[@p='?' (DbType = Guid)], CommandType='"Text"', CommandTimeout='30']
SELECT a.id, a.access_failed_count, a.concurrency_stamp, a.department_id, a.email, a.email_confirmed, a.full_name, a.joined_on, a.lockout_enabled, a.lockout_end, a.must_change_password, a.normalized_email, a.normalized_user_name, a.password_hash, a.phone_number, a.phone_number_confirmed, a.photo_url, a.role, a.security_stamp, a.status, a.two_factor_enabled, a.user_name
FROM "AspNetUsers" AS a
WHERE a.id = @p
LIMIT 1
2026-08-14 13:26:59.717 +03:00 [INF] Executed DbCommand (1ms) [Parameters=[@request_TaskId='?' (DbType = Guid)], CommandType='"Text"', CommandTimeout='30']
SELECT t3.id, t3.created_at_utc, t3.created_by_id, t3.deleted_at_utc, t3.department_id, t3.description, t3.due_at_utc, t3.due_soon_notified_at_utc, t3.is_deleted, t3.overdue_notified_at_utc, t3.priority, t3.scope, t3.status, t3.title, t3.updated_at_utc, t3.updated_by_id, s.task_item_id, s.member_id, s.id
FROM (
    SELECT t.id, t.created_at_utc, t.created_by_id, t.deleted_at_utc, t.department_id, t.description, t.due_at_utc, t.due_soon_notified_at_utc, t.is_deleted, t.overdue_notified_at_utc, t.priority, t.scope, t.status, t.title, t.updated_at_utc, t.updated_by_id
    FROM tasks AS t
    WHERE NOT (t.is_deleted) AND t.id = @request_TaskId
    LIMIT 1
) AS t3
LEFT JOIN (
    SELECT t0.task_item_id, t0.member_id, t2.id
    FROM task_assignees AS t0
    INNER JOIN (
        SELECT t1.id, t1.is_deleted
        FROM tasks AS t1
        WHERE NOT (t1.is_deleted)
    ) AS t2 ON t0.task_item_id = t2.id
    WHERE NOT (t2.is_deleted)
) AS s ON t3.id = s.task_item_id
ORDER BY t3.id, s.task_item_id, s.member_id
2026-08-14 13:26:59.740 +03:00 [INF] Executed DbCommand (3ms) [Parameters=[@p0='?' (DbType = Guid), @p1='?', @p2='?' (DbType = DateTime), @p3='?' (DbType = Guid), @p4='?', @p5='?' (DbType = Int64), @p6='?', @p7='?' (DbType = Guid), @p8='?' (DbType = DateTime), @p9='?' (DbType = Guid), @p10='?' (DbType = DateTime), @p11='?' (DbType = Guid)], CommandType='"Text"', CommandTimeout='30']
INSERT INTO task_documents (id, content_type, created_at_utc, created_by_id, original_file_name, size_bytes, storage_key, task_item_id, updated_at_utc, updated_by_id, uploaded_at_utc, uploaded_by_id)
VALUES (@p0, @p1, @p2, @p3, @p4, @p5, @p6, @p7, @p8, @p9, @p10, @p11);
2026-08-14 13:26:59.741 +03:00 [INF] Executed DbCommand (1ms) [Parameters=[@distinct='?' (DbType = Object)], CommandType='"Text"', CommandTimeout='30']
SELECT a.id AS "Id", a.full_name AS "FullName", a.email AS "Email", a.phone_number AS "PhoneNumber", a.photo_url AS "PhotoUrl", a.role AS "Role", a.department_id AS "DepartmentId", d.code AS "DepartmentCode", d.name AS "DepartmentName", a.joined_on AS "JoinedOn", a.status AS "Status"
FROM "AspNetUsers" AS a
LEFT JOIN departments AS d ON a.department_id = d.id
WHERE a.id = ANY (@distinct)
2026-08-14 13:26:59.742 +03:00 [INF] Handled UploadTaskDocumentCommand for user "e71006a3-891c-4459-aa20-bf6c6d8cab84" in 30 ms
2026-08-14 13:26:59.743 +03:00 [INF] HTTP POST /api/v1/tasks/2a095bfd-4504-4145-9be3-0763deae9e1d/documents responded 201 in 52.9853 ms
2026-08-14 13:26:59.748 +03:00 [INF] Executed DbCommand (1ms) [Parameters=[@p='?' (DbType = Guid)], CommandType='"Text"', CommandTimeout='30']
SELECT a.id, a.access_failed_count, a.concurrency_stamp, a.department_id, a.email, a.email_confirmed, a.full_name, a.joined_on, a.lockout_enabled, a.lockout_end, a.must_change_password, a.normalized_email, a.normalized_user_name, a.password_hash, a.phone_number, a.phone_number_confirmed, a.photo_url, a.role, a.security_stamp, a.status, a.two_factor_enabled, a.user_name
FROM "AspNetUsers" AS a
WHERE a.id = @p
LIMIT 1
2026-08-14 13:26:59.749 +03:00 [INF] Executed DbCommand (1ms) [Parameters=[@request_TaskId='?' (DbType = Guid)], CommandType='"Text"', CommandTimeout='30']
SELECT t3.id, t3.created_at_utc, t3.created_by_id, t3.deleted_at_utc, t3.department_id, t3.description, t3.due_at_utc, t3.due_soon_notified_at_utc, t3.is_deleted, t3.overdue_notified_at_utc, t3.priority, t3.scope, t3.status, t3.title, t3.updated_at_utc, t3.updated_by_id, s.task_item_id, s.member_id, s.id
FROM (
    SELECT t.id, t.created_at_utc, t.created_by_id, t.deleted_at_utc, t.department_id, t.description, t.due_at_utc, t.due_soon_notified_at_utc, t.is_deleted, t.overdue_notified_at_utc, t.priority, t.scope, t.status, t.title, t.updated_at_utc, t.updated_by_id
    FROM tasks AS t
    WHERE NOT (t.is_deleted) AND t.id = @request_TaskId
    LIMIT 1
) AS t3
LEFT JOIN (
    SELECT t0.task_item_id, t0.member_id, t2.id
    FROM task_assignees AS t0
    INNER JOIN (
        SELECT t1.id, t1.is_deleted
        FROM tasks AS t1
        WHERE NOT (t1.is_deleted)
    ) AS t2 ON t0.task_item_id = t2.id
    WHERE NOT (t2.is_deleted)
) AS s ON t3.id = s.task_item_id
ORDER BY t3.id, s.task_item_id, s.member_id
2026-08-14 13:26:59.750 +03:00 [INF] Executed DbCommand (0ms) [Parameters=[@request_TaskId='?' (DbType = Guid)], CommandType='"Text"', CommandTimeout='30']
SELECT t.id AS "Id", t.original_file_name AS "OriginalFileName", t.content_type AS "ContentType", t.size_bytes AS "SizeBytes", t.uploaded_by_id AS "UploadedById", t.uploaded_at_utc AS "UploadedAtUtc"
FROM task_documents AS t
INNER JOIN (
    SELECT t0.id, t0.is_deleted
    FROM tasks AS t0
    WHERE NOT (t0.is_deleted)
) AS t1 ON t.task_item_id = t1.id
WHERE NOT (t1.is_deleted) AND t.task_item_id = @request_TaskId
ORDER BY t.uploaded_at_utc
2026-08-14 13:26:59.752 +03:00 [INF] Executed DbCommand (1ms) [Parameters=[@distinct='?' (DbType = Object)], CommandType='"Text"', CommandTimeout='30']
SELECT a.id AS "Id", a.full_name AS "FullName", a.email AS "Email", a.phone_number AS "PhoneNumber", a.photo_url AS "PhotoUrl", a.role AS "Role", a.department_id AS "DepartmentId", d.code AS "DepartmentCode", d.name AS "DepartmentName", a.joined_on AS "JoinedOn", a.status AS "Status"
FROM "AspNetUsers" AS a
LEFT JOIN departments AS d ON a.department_id = d.id
WHERE a.id = ANY (@distinct)
2026-08-14 13:26:59.752 +03:00 [INF] Handled GetTaskDocumentsQuery for user "e71006a3-891c-4459-aa20-bf6c6d8cab84" in 3 ms
2026-08-14 13:26:59.752 +03:00 [INF] HTTP GET /api/v1/tasks/2a095bfd-4504-4145-9be3-0763deae9e1d/documents responded 200 in 5.6216 ms
2026-08-14 13:27:16.451 +03:00 [INF] Executed DbCommand (1ms) [Parameters=[@p='?' (DbType = Guid)], CommandType='"Text"', CommandTimeout='30']
SELECT a.id, a.access_failed_count, a.concurrency_stamp, a.department_id, a.email, a.email_confirmed, a.full_name, a.joined_on, a.lockout_enabled, a.lockout_end, a.must_change_password, a.normalized_email, a.normalized_user_name, a.password_hash, a.phone_number, a.phone_number_confirmed, a.photo_url, a.role, a.security_stamp, a.status, a.two_factor_enabled, a.user_name
FROM "AspNetUsers" AS a
WHERE a.id = @p
LIMIT 1
2026-08-14 13:27:16.458 +03:00 [INF] Executed DbCommand (2ms) [Parameters=[@request_TaskId='?' (DbType = Guid)], CommandType='"Text"', CommandTimeout='30']
SELECT t3.id, t3.created_at_utc, t3.created_by_id, t3.deleted_at_utc, t3.department_id, t3.description, t3.due_at_utc, t3.due_soon_notified_at_utc, t3.is_deleted, t3.overdue_notified_at_utc, t3.priority, t3.scope, t3.status, t3.title, t3.updated_at_utc, t3.updated_by_id, s.task_item_id, s.member_id, s.id
FROM (
    SELECT t.id, t.created_at_utc, t.created_by_id, t.deleted_at_utc, t.department_id, t.description, t.due_at_utc, t.due_soon_notified_at_utc, t.is_deleted, t.overdue_notified_at_utc, t.priority, t.scope, t.status, t.title, t.updated_at_utc, t.updated_by_id
    FROM tasks AS t
    WHERE NOT (t.is_deleted) AND t.id = @request_TaskId
    LIMIT 1
) AS t3
LEFT JOIN (
    SELECT t0.task_item_id, t0.member_id, t2.id
    FROM task_assignees AS t0
    INNER JOIN (
        SELECT t1.id, t1.is_deleted
        FROM tasks AS t1
        WHERE NOT (t1.is_deleted)
    ) AS t2 ON t0.task_item_id = t2.id
    WHERE NOT (t2.is_deleted)
) AS s ON t3.id = s.task_item_id
ORDER BY t3.id, s.task_item_id, s.member_id
2026-08-14 13:27:16.463 +03:00 [INF] Executed DbCommand (1ms) [Parameters=[@request_DocumentId='?' (DbType = Guid), @request_TaskId='?' (DbType = Guid)], CommandType='"Text"', CommandTimeout='30']
SELECT t.id, t.content_type, t.created_at_utc, t.created_by_id, t.original_file_name, t.size_bytes, t.storage_key, t.task_item_id, t.updated_at_utc, t.updated_by_id, t.uploaded_at_utc, t.uploaded_by_id
FROM task_documents AS t
INNER JOIN (
    SELECT t0.id, t0.is_deleted
    FROM tasks AS t0
    WHERE NOT (t0.is_deleted)
) AS t1 ON t.task_item_id = t1.id
WHERE NOT (t1.is_deleted) AND t.id = @request_DocumentId AND t.task_item_id = @request_TaskId
LIMIT 1
2026-08-14 13:27:16.463 +03:00 [INF] Handled DownloadTaskDocumentQuery for user "e71006a3-891c-4459-aa20-bf6c6d8cab84" in 8 ms
2026-08-14 13:27:16.469 +03:00 [INF] HTTP GET /api/v1/tasks/2a095bfd-4504-4145-9be3-0763deae9e1d/documents/1d691a4e-cc1a-4b9d-99c0-df47767cc391/download responded 200 in 20.0841 ms
2026-08-14 13:27:25.387 +03:00 [INF] Executed DbCommand (1ms) [Parameters=[@p='?' (DbType = Guid)], CommandType='"Text"', CommandTimeout='30']
SELECT a.id, a.access_failed_count, a.concurrency_stamp, a.department_id, a.email, a.email_confirmed, a.full_name, a.joined_on, a.lockout_enabled, a.lockout_end, a.must_change_password, a.normalized_email, a.normalized_user_name, a.password_hash, a.phone_number, a.phone_number_confirmed, a.photo_url, a.role, a.security_stamp, a.status, a.two_factor_enabled, a.user_name
FROM "AspNetUsers" AS a
WHERE a.id = @p
LIMIT 1
2026-08-14 13:27:25.391 +03:00 [INF] Executed DbCommand (1ms) [Parameters=[@request_TaskId='?' (DbType = Guid)], CommandType='"Text"', CommandTimeout='30']
SELECT t3.id, t3.created_at_utc, t3.created_by_id, t3.deleted_at_utc, t3.department_id, t3.description, t3.due_at_utc, t3.due_soon_notified_at_utc, t3.is_deleted, t3.overdue_notified_at_utc, t3.priority, t3.scope, t3.status, t3.title, t3.updated_at_utc, t3.updated_by_id, s.task_item_id, s.member_id, s.id
FROM (
    SELECT t.id, t.created_at_utc, t.created_by_id, t.deleted_at_utc, t.department_id, t.description, t.due_at_utc, t.due_soon_notified_at_utc, t.is_deleted, t.overdue_notified_at_utc, t.priority, t.scope, t.status, t.title, t.updated_at_utc, t.updated_by_id
    FROM tasks AS t
    WHERE NOT (t.is_deleted) AND t.id = @request_TaskId
    LIMIT 1
) AS t3
LEFT JOIN (
    SELECT t0.task_item_id, t0.member_id, t2.id
    FROM task_assignees AS t0
    INNER JOIN (
        SELECT t1.id, t1.is_deleted
        FROM tasks AS t1
        WHERE NOT (t1.is_deleted)
    ) AS t2 ON t0.task_item_id = t2.id
    WHERE NOT (t2.is_deleted)
) AS s ON t3.id = s.task_item_id
ORDER BY t3.id, s.task_item_id, s.member_id
2026-08-14 13:27:25.392 +03:00 [INF] Handled UploadTaskDocumentCommand for user "e71006a3-891c-4459-aa20-bf6c6d8cab84" in 2 ms
2026-08-14 13:27:25.393 +03:00 [WRN] Handled unsupported_file_type (400): The file's content does not match its extension.
2026-08-14 13:27:25.393 +03:00 [INF] HTTP POST /api/v1/tasks/2a095bfd-4504-4145-9be3-0763deae9e1d/documents responded 400 in 7.3561 ms
2026-08-14 13:27:43.394 +03:00 [INF] Executed DbCommand (1ms) [Parameters=[@p='?' (DbType = Guid)], CommandType='"Text"', CommandTimeout='30']
SELECT a.id, a.access_failed_count, a.concurrency_stamp, a.department_id, a.email, a.email_confirmed, a.full_name, a.joined_on, a.lockout_enabled, a.lockout_end, a.must_change_password, a.normalized_email, a.normalized_user_name, a.password_hash, a.phone_number, a.phone_number_confirmed, a.photo_url, a.role, a.security_stamp, a.status, a.two_factor_enabled, a.user_name
FROM "AspNetUsers" AS a
WHERE a.id = @p
LIMIT 1
2026-08-14 13:27:43.395 +03:00 [INF] Executed DbCommand (1ms) [Parameters=[@userId='?' (DbType = Guid)], CommandType='"Text"', CommandTimeout='30']
SELECT a.id AS "Id", a.full_name AS "FullName", a.email AS "Email", a.phone_number AS "PhoneNumber", a.photo_url AS "PhotoUrl", a.role AS "Role", a.department_id AS "DepartmentId", d.code AS "DepartmentCode", d.name AS "DepartmentName", a.joined_on AS "JoinedOn", a.status AS "Status"
FROM "AspNetUsers" AS a
LEFT JOIN departments AS d ON a.department_id = d.id
WHERE a.id = @userId
LIMIT 1
2026-08-14 13:27:43.395 +03:00 [INF] Handled GetMeQuery for user "e71006a3-891c-4459-aa20-bf6c6d8cab84" in 0 ms
2026-08-14 13:27:43.395 +03:00 [INF] HTTP GET /api/v1/auth/me responded 200 in 2.5375 ms
2026-08-14 13:27:43.398 +03:00 [INF] Executed DbCommand (1ms) [Parameters=[@p='?' (DbType = Guid)], CommandType='"Text"', CommandTimeout='30']
SELECT a.id, a.access_failed_count, a.concurrency_stamp, a.department_id, a.email, a.email_confirmed, a.full_name, a.joined_on, a.lockout_enabled, a.lockout_end, a.must_change_password, a.normalized_email, a.normalized_user_name, a.password_hash, a.phone_number, a.phone_number_confirmed, a.photo_url, a.role, a.security_stamp, a.status, a.two_factor_enabled, a.user_name
FROM "AspNetUsers" AS a
WHERE a.id = @p
LIMIT 1
2026-08-14 13:27:43.399 +03:00 [INF] Executed DbCommand (1ms) [Parameters=[@userId='?' (DbType = Guid)], CommandType='"Text"', CommandTimeout='30']
SELECT a.id AS "Id", a.full_name AS "FullName", a.email AS "Email", a.phone_number AS "PhoneNumber", a.photo_url AS "PhotoUrl", a.role AS "Role", a.department_id AS "DepartmentId", d.code AS "DepartmentCode", d.name AS "DepartmentName", a.joined_on AS "JoinedOn", a.status AS "Status"
FROM "AspNetUsers" AS a
LEFT JOIN departments AS d ON a.department_id = d.id
WHERE a.id = @userId
LIMIT 1
2026-08-14 13:27:43.399 +03:00 [INF] Handled GetMeQuery for user "e71006a3-891c-4459-aa20-bf6c6d8cab84" in 1 ms
2026-08-14 13:27:43.399 +03:00 [INF] HTTP GET /api/v1/auth/me responded 200 in 2.7165 ms
2026-08-14 13:27:43.409 +03:00 [INF] Executed DbCommand (1ms) [Parameters=[@p='?' (DbType = Guid)], CommandType='"Text"', CommandTimeout='30']
SELECT a.id, a.access_failed_count, a.concurrency_stamp, a.department_id, a.email, a.email_confirmed, a.full_name, a.joined_on, a.lockout_enabled, a.lockout_end, a.must_change_password, a.normalized_email, a.normalized_user_name, a.password_hash, a.phone_number, a.phone_number_confirmed, a.photo_url, a.role, a.security_stamp, a.status, a.two_factor_enabled, a.user_name
FROM "AspNetUsers" AS a
WHERE a.id = @p
LIMIT 1
2026-08-14 13:27:43.412 +03:00 [INF] Executed DbCommand (2ms) [Parameters=[@request_Id='?' (DbType = Guid)], CommandType='"Text"', CommandTimeout='30']
SELECT s.id, s.created_at_utc, s.created_by_id, s.deleted_at_utc, s.department_id, s.description, s.due_at_utc, s.due_soon_notified_at_utc, s.is_deleted, s.overdue_notified_at_utc, s.priority, s.scope, s.status, s.title, s.updated_at_utc, s.updated_by_id, s.id0, s.code, s.created_at_utc0, s.created_by_id0, s.description0, s.name, s.updated_at_utc0, s.updated_by_id0, s0.task_item_id, s0.member_id, s0.id, s1.id, s1.author_id, s1.created_at_utc, s1.created_by_id, s1.task_item_id, s1.text, s1.updated_at_utc, s1.updated_by_id, s1.id0, s2.id, s2.content_type, s2.created_at_utc, s2.created_by_id, s2.original_file_name, s2.size_bytes, s2.storage_key, s2.task_item_id, s2.updated_at_utc, s2.updated_by_id, s2.uploaded_at_utc, s2.uploaded_by_id, s2.id0
FROM (
    SELECT t.id, t.created_at_utc, t.created_by_id, t.deleted_at_utc, t.department_id, t.description, t.due_at_utc, t.due_soon_notified_at_utc, t.is_deleted, t.overdue_notified_at_utc, t.priority, t.scope, t.status, t.title, t.updated_at_utc, t.updated_by_id, d.id AS id0, d.code, d.created_at_utc AS created_at_utc0, d.created_by_id AS created_by_id0, d.description AS description0, d.name, d.updated_at_utc AS updated_at_utc0, d.updated_by_id AS updated_by_id0
    FROM tasks AS t
    LEFT JOIN departments AS d ON t.department_id = d.id
    WHERE NOT (t.is_deleted) AND t.id = @request_Id
    LIMIT 1
) AS s
LEFT JOIN (
    SELECT t0.task_item_id, t0.member_id, t2.id
    FROM task_assignees AS t0
    INNER JOIN (
        SELECT t1.id, t1.is_deleted
        FROM tasks AS t1
        WHERE NOT (t1.is_deleted)
    ) AS t2 ON t0.task_item_id = t2.id
    WHERE NOT (t2.is_deleted)
) AS s0 ON s.id = s0.task_item_id
LEFT JOIN (
    SELECT t3.id, t3.author_id, t3.created_at_utc, t3.created_by_id, t3.task_item_id, t3.text, t3.updated_at_utc, t3.updated_by_id, t5.id AS id0
    FROM task_comments AS t3
    INNER JOIN (
        SELECT t4.id, t4.is_deleted
        FROM tasks AS t4
        WHERE NOT (t4.is_deleted)
    ) AS t5 ON t3.task_item_id = t5.id
    WHERE NOT (t5.is_deleted)
) AS s1 ON s.id = s1.task_item_id
LEFT JOIN (
    SELECT t6.id, t6.content_type, t6.created_at_utc, t6.created_by_id, t6.original_file_name, t6.size_bytes, t6.storage_key, t6.task_item_id, t6.updated_at_utc, t6.updated_by_id, t6.uploaded_at_utc, t6.uploaded_by_id, t8.id AS id0
    FROM task_documents AS t6
    INNER JOIN (
        SELECT t7.id, t7.is_deleted
        FROM tasks AS t7
        WHERE NOT (t7.is_deleted)
    ) AS t8 ON t6.task_item_id = t8.id
    WHERE NOT (t8.is_deleted)
) AS s2 ON s.id = s2.task_item_id
ORDER BY s.id, s.id0, s0.task_item_id, s0.member_id, s0.id, s1.id, s1.id0, s2.id
2026-08-14 13:27:43.413 +03:00 [INF] Executed DbCommand (1ms) [Parameters=[@distinct='?' (DbType = Object)], CommandType='"Text"', CommandTimeout='30']
SELECT a.id AS "Id", a.full_name AS "FullName", a.email AS "Email", a.phone_number AS "PhoneNumber", a.photo_url AS "PhotoUrl", a.role AS "Role", a.department_id AS "DepartmentId", d.code AS "DepartmentCode", d.name AS "DepartmentName", a.joined_on AS "JoinedOn", a.status AS "Status"
FROM "AspNetUsers" AS a
LEFT JOIN departments AS d ON a.department_id = d.id
WHERE a.id = ANY (@distinct)
2026-08-14 13:27:43.414 +03:00 [INF] Handled GetTaskQuery for user "e71006a3-891c-4459-aa20-bf6c6d8cab84" in 4 ms
2026-08-14 13:27:43.414 +03:00 [INF] HTTP GET /api/v1/tasks/2a095bfd-4504-4145-9be3-0763deae9e1d responded 200 in 6.5999 ms
2026-08-14 13:27:43.428 +03:00 [INF] Executed DbCommand (1ms) [Parameters=[@p='?' (DbType = Guid)], CommandType='"Text"', CommandTimeout='30']
SELECT a.id, a.access_failed_count, a.concurrency_stamp, a.department_id, a.email, a.email_confirmed, a.full_name, a.joined_on, a.lockout_enabled, a.lockout_end, a.must_change_password, a.normalized_email, a.normalized_user_name, a.password_hash, a.phone_number, a.phone_number_confirmed, a.photo_url, a.role, a.security_stamp, a.status, a.two_factor_enabled, a.user_name
FROM "AspNetUsers" AS a
WHERE a.id = @p
LIMIT 1
2026-08-14 13:27:43.429 +03:00 [INF] Executed DbCommand (1ms) [Parameters=[@p='?' (DbType = Guid)], CommandType='"Text"', CommandTimeout='30']
SELECT a.id, a.access_failed_count, a.concurrency_stamp, a.department_id, a.email, a.email_confirmed, a.full_name, a.joined_on, a.lockout_enabled, a.lockout_end, a.must_change_password, a.normalized_email, a.normalized_user_name, a.password_hash, a.phone_number, a.phone_number_confirmed, a.photo_url, a.role, a.security_stamp, a.status, a.two_factor_enabled, a.user_name
FROM "AspNetUsers" AS a
WHERE a.id = @p
LIMIT 1
2026-08-14 13:27:43.429 +03:00 [INF] Executed DbCommand (1ms) [Parameters=[@request_TaskId='?' (DbType = Guid)], CommandType='"Text"', CommandTimeout='30']
SELECT t3.id, t3.created_at_utc, t3.created_by_id, t3.deleted_at_utc, t3.department_id, t3.description, t3.due_at_utc, t3.due_soon_notified_at_utc, t3.is_deleted, t3.overdue_notified_at_utc, t3.priority, t3.scope, t3.status, t3.title, t3.updated_at_utc, t3.updated_by_id, s.task_item_id, s.member_id, s.id
FROM (
    SELECT t.id, t.created_at_utc, t.created_by_id, t.deleted_at_utc, t.department_id, t.description, t.due_at_utc, t.due_soon_notified_at_utc, t.is_deleted, t.overdue_notified_at_utc, t.priority, t.scope, t.status, t.title, t.updated_at_utc, t.updated_by_id
    FROM tasks AS t
    WHERE NOT (t.is_deleted) AND t.id = @request_TaskId
    LIMIT 1
) AS t3
LEFT JOIN (
    SELECT t0.task_item_id, t0.member_id, t2.id
    FROM task_assignees AS t0
    INNER JOIN (
        SELECT t1.id, t1.is_deleted
        FROM tasks AS t1
        WHERE NOT (t1.is_deleted)
    ) AS t2 ON t0.task_item_id = t2.id
    WHERE NOT (t2.is_deleted)
) AS s ON t3.id = s.task_item_id
ORDER BY t3.id, s.task_item_id, s.member_id
2026-08-14 13:27:43.430 +03:00 [INF] Executed DbCommand (1ms) [Parameters=[@request_TaskId='?' (DbType = Guid)], CommandType='"Text"', CommandTimeout='30']
SELECT t3.id, t3.created_at_utc, t3.created_by_id, t3.deleted_at_utc, t3.department_id, t3.description, t3.due_at_utc, t3.due_soon_notified_at_utc, t3.is_deleted, t3.overdue_notified_at_utc, t3.priority, t3.scope, t3.status, t3.title, t3.updated_at_utc, t3.updated_by_id, s.task_item_id, s.member_id, s.id
FROM (
    SELECT t.id, t.created_at_utc, t.created_by_id, t.deleted_at_utc, t.department_id, t.description, t.due_at_utc, t.due_soon_notified_at_utc, t.is_deleted, t.overdue_notified_at_utc, t.priority, t.scope, t.status, t.title, t.updated_at_utc, t.updated_by_id
    FROM tasks AS t
    WHERE NOT (t.is_deleted) AND t.id = @request_TaskId
    LIMIT 1
) AS t3
LEFT JOIN (
    SELECT t0.task_item_id, t0.member_id, t2.id
    FROM task_assignees AS t0
    INNER JOIN (
        SELECT t1.id, t1.is_deleted
        FROM tasks AS t1
        WHERE NOT (t1.is_deleted)
    ) AS t2 ON t0.task_item_id = t2.id
    WHERE NOT (t2.is_deleted)
) AS s ON t3.id = s.task_item_id
ORDER BY t3.id, s.task_item_id, s.member_id
2026-08-14 13:27:43.431 +03:00 [INF] Executed DbCommand (1ms) [Parameters=[@request_TaskId='?' (DbType = Guid)], CommandType='"Text"', CommandTimeout='30']
SELECT t.id AS "Id", t.original_file_name AS "OriginalFileName", t.content_type AS "ContentType", t.size_bytes AS "SizeBytes", t.uploaded_by_id AS "UploadedById", t.uploaded_at_utc AS "UploadedAtUtc"
FROM task_documents AS t
INNER JOIN (
    SELECT t0.id, t0.is_deleted
    FROM tasks AS t0
    WHERE NOT (t0.is_deleted)
) AS t1 ON t.task_item_id = t1.id
WHERE NOT (t1.is_deleted) AND t.task_item_id = @request_TaskId
ORDER BY t.uploaded_at_utc
2026-08-14 13:27:43.431 +03:00 [INF] Executed DbCommand (0ms) [Parameters=[@request_TaskId='?' (DbType = Guid)], CommandType='"Text"', CommandTimeout='30']
SELECT t.id AS "Id", t.author_id AS "AuthorId", t.text AS "Text", t.created_at_utc AS "CreatedAtUtc"
FROM task_comments AS t
INNER JOIN (
    SELECT t0.id, t0.is_deleted
    FROM tasks AS t0
    WHERE NOT (t0.is_deleted)
) AS t1 ON t.task_item_id = t1.id
WHERE NOT (t1.is_deleted) AND t.task_item_id = @request_TaskId
ORDER BY t.created_at_utc
2026-08-14 13:27:43.431 +03:00 [INF] Executed DbCommand (0ms) [Parameters=[@distinct='?' (DbType = Object)], CommandType='"Text"', CommandTimeout='30']
SELECT a.id AS "Id", a.full_name AS "FullName", a.email AS "Email", a.phone_number AS "PhoneNumber", a.photo_url AS "PhotoUrl", a.role AS "Role", a.department_id AS "DepartmentId", d.code AS "DepartmentCode", d.name AS "DepartmentName", a.joined_on AS "JoinedOn", a.status AS "Status"
FROM "AspNetUsers" AS a
LEFT JOIN departments AS d ON a.department_id = d.id
WHERE a.id = ANY (@distinct)
2026-08-14 13:27:43.431 +03:00 [INF] Handled GetTaskDocumentsQuery for user "e71006a3-891c-4459-aa20-bf6c6d8cab84" in 2 ms
2026-08-14 13:27:43.431 +03:00 [INF] Executed DbCommand (0ms) [Parameters=[@distinct='?' (DbType = Object)], CommandType='"Text"', CommandTimeout='30']
SELECT a.id AS "Id", a.full_name AS "FullName", a.email AS "Email", a.phone_number AS "PhoneNumber", a.photo_url AS "PhotoUrl", a.role AS "Role", a.department_id AS "DepartmentId", d.code AS "DepartmentCode", d.name AS "DepartmentName", a.joined_on AS "JoinedOn", a.status AS "Status"
FROM "AspNetUsers" AS a
LEFT JOIN departments AS d ON a.department_id = d.id
WHERE a.id = ANY (@distinct)
2026-08-14 13:27:43.432 +03:00 [INF] HTTP GET /api/v1/tasks/2a095bfd-4504-4145-9be3-0763deae9e1d/documents responded 200 in 4.5750 ms
2026-08-14 13:27:43.432 +03:00 [INF] Handled GetTaskCommentsQuery for user "e71006a3-891c-4459-aa20-bf6c6d8cab84" in 3 ms
2026-08-14 13:27:43.432 +03:00 [INF] HTTP GET /api/v1/tasks/2a095bfd-4504-4145-9be3-0763deae9e1d/comments responded 200 in 4.8853 ms
2026-08-14 13:27:50.655 +03:00 [INF] Executed DbCommand (1ms) [Parameters=[@p='?' (DbType = Guid)], CommandType='"Text"', CommandTimeout='30']
SELECT a.id, a.access_failed_count, a.concurrency_stamp, a.department_id, a.email, a.email_confirmed, a.full_name, a.joined_on, a.lockout_enabled, a.lockout_end, a.must_change_password, a.normalized_email, a.normalized_user_name, a.password_hash, a.phone_number, a.phone_number_confirmed, a.photo_url, a.role, a.security_stamp, a.status, a.two_factor_enabled, a.user_name
FROM "AspNetUsers" AS a
WHERE a.id = @p
LIMIT 1
2026-08-14 13:27:50.659 +03:00 [INF] Executed DbCommand (1ms) [Parameters=[@request_TaskId='?' (DbType = Guid)], CommandType='"Text"', CommandTimeout='30']
SELECT t3.id, t3.created_at_utc, t3.created_by_id, t3.deleted_at_utc, t3.department_id, t3.description, t3.due_at_utc, t3.due_soon_notified_at_utc, t3.is_deleted, t3.overdue_notified_at_utc, t3.priority, t3.scope, t3.status, t3.title, t3.updated_at_utc, t3.updated_by_id, s.task_item_id, s.member_id, s.id
FROM (
    SELECT t.id, t.created_at_utc, t.created_by_id, t.deleted_at_utc, t.department_id, t.description, t.due_at_utc, t.due_soon_notified_at_utc, t.is_deleted, t.overdue_notified_at_utc, t.priority, t.scope, t.status, t.title, t.updated_at_utc, t.updated_by_id
    FROM tasks AS t
    WHERE NOT (t.is_deleted) AND t.id = @request_TaskId
    LIMIT 1
) AS t3
LEFT JOIN (
    SELECT t0.task_item_id, t0.member_id, t2.id
    FROM task_assignees AS t0
    INNER JOIN (
        SELECT t1.id, t1.is_deleted
        FROM tasks AS t1
        WHERE NOT (t1.is_deleted)
    ) AS t2 ON t0.task_item_id = t2.id
    WHERE NOT (t2.is_deleted)
) AS s ON t3.id = s.task_item_id
ORDER BY t3.id, s.task_item_id, s.member_id
2026-08-14 13:27:50.660 +03:00 [INF] Handled UploadTaskDocumentCommand for user "e71006a3-891c-4459-aa20-bf6c6d8cab84" in 3 ms
2026-08-14 13:27:50.660 +03:00 [WRN] Handled unsupported_file_type (400): The file's content does not match its extension.
2026-08-14 13:27:50.660 +03:00 [INF] HTTP POST /api/v1/tasks/2a095bfd-4504-4145-9be3-0763deae9e1d/documents responded 400 in 6.5312 ms
2026-08-14 13:28:34.945 +03:00 [INF] Executed DbCommand (1ms) [Parameters=[@p='?' (DbType = Guid)], CommandType='"Text"', CommandTimeout='30']
SELECT a.id, a.access_failed_count, a.concurrency_stamp, a.department_id, a.email, a.email_confirmed, a.full_name, a.joined_on, a.lockout_enabled, a.lockout_end, a.must_change_password, a.normalized_email, a.normalized_user_name, a.password_hash, a.phone_number, a.phone_number_confirmed, a.photo_url, a.role, a.security_stamp, a.status, a.two_factor_enabled, a.user_name
FROM "AspNetUsers" AS a
WHERE a.id = @p
LIMIT 1
2026-08-14 13:28:34.946 +03:00 [INF] Executed DbCommand (1ms) [Parameters=[@userId='?' (DbType = Guid)], CommandType='"Text"', CommandTimeout='30']
SELECT a.id AS "Id", a.full_name AS "FullName", a.email AS "Email", a.phone_number AS "PhoneNumber", a.photo_url AS "PhotoUrl", a.role AS "Role", a.department_id AS "DepartmentId", d.code AS "DepartmentCode", d.name AS "DepartmentName", a.joined_on AS "JoinedOn", a.status AS "Status"
FROM "AspNetUsers" AS a
LEFT JOIN departments AS d ON a.department_id = d.id
WHERE a.id = @userId
LIMIT 1
2026-08-14 13:28:34.946 +03:00 [INF] Handled GetMeQuery for user "e71006a3-891c-4459-aa20-bf6c6d8cab84" in 1 ms
2026-08-14 13:28:34.946 +03:00 [INF] HTTP GET /api/v1/auth/me responded 200 in 2.4509 ms
2026-08-14 13:28:34.949 +03:00 [INF] Executed DbCommand (1ms) [Parameters=[@p='?' (DbType = Guid)], CommandType='"Text"', CommandTimeout='30']
SELECT a.id, a.access_failed_count, a.concurrency_stamp, a.department_id, a.email, a.email_confirmed, a.full_name, a.joined_on, a.lockout_enabled, a.lockout_end, a.must_change_password, a.normalized_email, a.normalized_user_name, a.password_hash, a.phone_number, a.phone_number_confirmed, a.photo_url, a.role, a.security_stamp, a.status, a.two_factor_enabled, a.user_name
FROM "AspNetUsers" AS a
WHERE a.id = @p
LIMIT 1
2026-08-14 13:28:34.950 +03:00 [INF] Executed DbCommand (0ms) [Parameters=[@userId='?' (DbType = Guid)], CommandType='"Text"', CommandTimeout='30']
SELECT a.id AS "Id", a.full_name AS "FullName", a.email AS "Email", a.phone_number AS "PhoneNumber", a.photo_url AS "PhotoUrl", a.role AS "Role", a.department_id AS "DepartmentId", d.code AS "DepartmentCode", d.name AS "DepartmentName", a.joined_on AS "JoinedOn", a.status AS "Status"
FROM "AspNetUsers" AS a
LEFT JOIN departments AS d ON a.department_id = d.id
WHERE a.id = @userId
LIMIT 1
2026-08-14 13:28:34.950 +03:00 [INF] Handled GetMeQuery for user "e71006a3-891c-4459-aa20-bf6c6d8cab84" in 0 ms
2026-08-14 13:28:34.950 +03:00 [INF] HTTP GET /api/v1/auth/me responded 200 in 2.0484 ms
2026-08-14 13:28:34.963 +03:00 [INF] Executed DbCommand (1ms) [Parameters=[@p='?' (DbType = Guid)], CommandType='"Text"', CommandTimeout='30']
SELECT a.id, a.access_failed_count, a.concurrency_stamp, a.department_id, a.email, a.email_confirmed, a.full_name, a.joined_on, a.lockout_enabled, a.lockout_end, a.must_change_password, a.normalized_email, a.normalized_user_name, a.password_hash, a.phone_number, a.phone_number_confirmed, a.photo_url, a.role, a.security_stamp, a.status, a.two_factor_enabled, a.user_name
FROM "AspNetUsers" AS a
WHERE a.id = @p
LIMIT 1
2026-08-14 13:28:34.963 +03:00 [INF] Executed DbCommand (0ms) [Parameters=[@p='?' (DbType = Guid)], CommandType='"Text"', CommandTimeout='30']
SELECT a.id, a.access_failed_count, a.concurrency_stamp, a.department_id, a.email, a.email_confirmed, a.full_name, a.joined_on, a.lockout_enabled, a.lockout_end, a.must_change_password, a.normalized_email, a.normalized_user_name, a.password_hash, a.phone_number, a.phone_number_confirmed, a.photo_url, a.role, a.security_stamp, a.status, a.two_factor_enabled, a.user_name
FROM "AspNetUsers" AS a
WHERE a.id = @p
LIMIT 1
2026-08-14 13:28:34.963 +03:00 [INF] Executed DbCommand (1ms) [Parameters=[@p='?' (DbType = Guid)], CommandType='"Text"', CommandTimeout='30']
SELECT a.id, a.access_failed_count, a.concurrency_stamp, a.department_id, a.email, a.email_confirmed, a.full_name, a.joined_on, a.lockout_enabled, a.lockout_end, a.must_change_password, a.normalized_email, a.normalized_user_name, a.password_hash, a.phone_number, a.phone_number_confirmed, a.photo_url, a.role, a.security_stamp, a.status, a.two_factor_enabled, a.user_name
FROM "AspNetUsers" AS a
WHERE a.id = @p
LIMIT 1
2026-08-14 13:28:34.964 +03:00 [INF] Executed DbCommand (1ms) [Parameters=[@request_TaskId='?' (DbType = Guid)], CommandType='"Text"', CommandTimeout='30']
SELECT t3.id, t3.created_at_utc, t3.created_by_id, t3.deleted_at_utc, t3.department_id, t3.description, t3.due_at_utc, t3.due_soon_notified_at_utc, t3.is_deleted, t3.overdue_notified_at_utc, t3.priority, t3.scope, t3.status, t3.title, t3.updated_at_utc, t3.updated_by_id, s.task_item_id, s.member_id, s.id
FROM (
    SELECT t.id, t.created_at_utc, t.created_by_id, t.deleted_at_utc, t.department_id, t.description, t.due_at_utc, t.due_soon_notified_at_utc, t.is_deleted, t.overdue_notified_at_utc, t.priority, t.scope, t.status, t.title, t.updated_at_utc, t.updated_by_id
    FROM tasks AS t
    WHERE NOT (t.is_deleted) AND t.id = @request_TaskId
    LIMIT 1
) AS t3
LEFT JOIN (
    SELECT t0.task_item_id, t0.member_id, t2.id
    FROM task_assignees AS t0
    INNER JOIN (
        SELECT t1.id, t1.is_deleted
        FROM tasks AS t1
        WHERE NOT (t1.is_deleted)
    ) AS t2 ON t0.task_item_id = t2.id
    WHERE NOT (t2.is_deleted)
) AS s ON t3.id = s.task_item_id
ORDER BY t3.id, s.task_item_id, s.member_id
2026-08-14 13:28:34.964 +03:00 [INF] Executed DbCommand (1ms) [Parameters=[@request_TaskId='?' (DbType = Guid)], CommandType='"Text"', CommandTimeout='30']
SELECT t3.id, t3.created_at_utc, t3.created_by_id, t3.deleted_at_utc, t3.department_id, t3.description, t3.due_at_utc, t3.due_soon_notified_at_utc, t3.is_deleted, t3.overdue_notified_at_utc, t3.priority, t3.scope, t3.status, t3.title, t3.updated_at_utc, t3.updated_by_id, s.task_item_id, s.member_id, s.id
FROM (
    SELECT t.id, t.created_at_utc, t.created_by_id, t.deleted_at_utc, t.department_id, t.description, t.due_at_utc, t.due_soon_notified_at_utc, t.is_deleted, t.overdue_notified_at_utc, t.priority, t.scope, t.status, t.title, t.updated_at_utc, t.updated_by_id
    FROM tasks AS t
    WHERE NOT (t.is_deleted) AND t.id = @request_TaskId
    LIMIT 1
) AS t3
LEFT JOIN (
    SELECT t0.task_item_id, t0.member_id, t2.id
    FROM task_assignees AS t0
    INNER JOIN (
        SELECT t1.id, t1.is_deleted
        FROM tasks AS t1
        WHERE NOT (t1.is_deleted)
    ) AS t2 ON t0.task_item_id = t2.id
    WHERE NOT (t2.is_deleted)
) AS s ON t3.id = s.task_item_id
ORDER BY t3.id, s.task_item_id, s.member_id
2026-08-14 13:28:34.966 +03:00 [INF] Executed DbCommand (3ms) [Parameters=[@request_Id='?' (DbType = Guid)], CommandType='"Text"', CommandTimeout='30']
SELECT s.id, s.created_at_utc, s.created_by_id, s.deleted_at_utc, s.department_id, s.description, s.due_at_utc, s.due_soon_notified_at_utc, s.is_deleted, s.overdue_notified_at_utc, s.priority, s.scope, s.status, s.title, s.updated_at_utc, s.updated_by_id, s.id0, s.code, s.created_at_utc0, s.created_by_id0, s.description0, s.name, s.updated_at_utc0, s.updated_by_id0, s0.task_item_id, s0.member_id, s0.id, s1.id, s1.author_id, s1.created_at_utc, s1.created_by_id, s1.task_item_id, s1.text, s1.updated_at_utc, s1.updated_by_id, s1.id0, s2.id, s2.content_type, s2.created_at_utc, s2.created_by_id, s2.original_file_name, s2.size_bytes, s2.storage_key, s2.task_item_id, s2.updated_at_utc, s2.updated_by_id, s2.uploaded_at_utc, s2.uploaded_by_id, s2.id0
FROM (
    SELECT t.id, t.created_at_utc, t.created_by_id, t.deleted_at_utc, t.department_id, t.description, t.due_at_utc, t.due_soon_notified_at_utc, t.is_deleted, t.overdue_notified_at_utc, t.priority, t.scope, t.status, t.title, t.updated_at_utc, t.updated_by_id, d.id AS id0, d.code, d.created_at_utc AS created_at_utc0, d.created_by_id AS created_by_id0, d.description AS description0, d.name, d.updated_at_utc AS updated_at_utc0, d.updated_by_id AS updated_by_id0
    FROM tasks AS t
    LEFT JOIN departments AS d ON t.department_id = d.id
    WHERE NOT (t.is_deleted) AND t.id = @request_Id
    LIMIT 1
) AS s
LEFT JOIN (
    SELECT t0.task_item_id, t0.member_id, t2.id
    FROM task_assignees AS t0
    INNER JOIN (
        SELECT t1.id, t1.is_deleted
        FROM tasks AS t1
        WHERE NOT (t1.is_deleted)
    ) AS t2 ON t0.task_item_id = t2.id
    WHERE NOT (t2.is_deleted)
) AS s0 ON s.id = s0.task_item_id
LEFT JOIN (
    SELECT t3.id, t3.author_id, t3.created_at_utc, t3.created_by_id, t3.task_item_id, t3.text, t3.updated_at_utc, t3.updated_by_id, t5.id AS id0
    FROM task_comments AS t3
    INNER JOIN (
        SELECT t4.id, t4.is_deleted
        FROM tasks AS t4
        WHERE NOT (t4.is_deleted)
    ) AS t5 ON t3.task_item_id = t5.id
    WHERE NOT (t5.is_deleted)
) AS s1 ON s.id = s1.task_item_id
LEFT JOIN (
    SELECT t6.id, t6.content_type, t6.created_at_utc, t6.created_by_id, t6.original_file_name, t6.size_bytes, t6.storage_key, t6.task_item_id, t6.updated_at_utc, t6.updated_by_id, t6.uploaded_at_utc, t6.uploaded_by_id, t8.id AS id0
    FROM task_documents AS t6
    INNER JOIN (
        SELECT t7.id, t7.is_deleted
        FROM tasks AS t7
        WHERE NOT (t7.is_deleted)
    ) AS t8 ON t6.task_item_id = t8.id
    WHERE NOT (t8.is_deleted)
) AS s2 ON s.id = s2.task_item_id
ORDER BY s.id, s.id0, s0.task_item_id, s0.member_id, s0.id, s1.id, s1.id0, s2.id
2026-08-14 13:28:34.967 +03:00 [INF] Executed DbCommand (2ms) [Parameters=[@request_TaskId='?' (DbType = Guid)], CommandType='"Text"', CommandTimeout='30']
SELECT t.id AS "Id", t.author_id AS "AuthorId", t.text AS "Text", t.created_at_utc AS "CreatedAtUtc"
FROM task_comments AS t
INNER JOIN (
    SELECT t0.id, t0.is_deleted
    FROM tasks AS t0
    WHERE NOT (t0.is_deleted)
) AS t1 ON t.task_item_id = t1.id
WHERE NOT (t1.is_deleted) AND t.task_item_id = @request_TaskId
ORDER BY t.created_at_utc
2026-08-14 13:28:34.967 +03:00 [INF] Executed DbCommand (2ms) [Parameters=[@request_TaskId='?' (DbType = Guid)], CommandType='"Text"', CommandTimeout='30']
SELECT t.id AS "Id", t.original_file_name AS "OriginalFileName", t.content_type AS "ContentType", t.size_bytes AS "SizeBytes", t.uploaded_by_id AS "UploadedById", t.uploaded_at_utc AS "UploadedAtUtc"
FROM task_documents AS t
INNER JOIN (
    SELECT t0.id, t0.is_deleted
    FROM tasks AS t0
    WHERE NOT (t0.is_deleted)
) AS t1 ON t.task_item_id = t1.id
WHERE NOT (t1.is_deleted) AND t.task_item_id = @request_TaskId
ORDER BY t.uploaded_at_utc
2026-08-14 13:28:34.968 +03:00 [INF] Executed DbCommand (1ms) [Parameters=[@distinct='?' (DbType = Object)], CommandType='"Text"', CommandTimeout='30']
SELECT a.id AS "Id", a.full_name AS "FullName", a.email AS "Email", a.phone_number AS "PhoneNumber", a.photo_url AS "PhotoUrl", a.role AS "Role", a.department_id AS "DepartmentId", d.code AS "DepartmentCode", d.name AS "DepartmentName", a.joined_on AS "JoinedOn", a.status AS "Status"
FROM "AspNetUsers" AS a
LEFT JOIN departments AS d ON a.department_id = d.id
WHERE a.id = ANY (@distinct)
2026-08-14 13:28:34.968 +03:00 [INF] Executed DbCommand (1ms) [Parameters=[@distinct='?' (DbType = Object)], CommandType='"Text"', CommandTimeout='30']
SELECT a.id AS "Id", a.full_name AS "FullName", a.email AS "Email", a.phone_number AS "PhoneNumber", a.photo_url AS "PhotoUrl", a.role AS "Role", a.department_id AS "DepartmentId", d.code AS "DepartmentCode", d.name AS "DepartmentName", a.joined_on AS "JoinedOn", a.status AS "Status"
FROM "AspNetUsers" AS a
LEFT JOIN departments AS d ON a.department_id = d.id
WHERE a.id = ANY (@distinct)
2026-08-14 13:28:34.968 +03:00 [INF] Handled GetTaskCommentsQuery for user "e71006a3-891c-4459-aa20-bf6c6d8cab84" in 4 ms
2026-08-14 13:28:34.968 +03:00 [INF] Handled GetTaskQuery for user "e71006a3-891c-4459-aa20-bf6c6d8cab84" in 4 ms
2026-08-14 13:28:34.968 +03:00 [INF] HTTP GET /api/v1/tasks/2a095bfd-4504-4145-9be3-0763deae9e1d/comments responded 200 in 5.9628 ms
2026-08-14 13:28:34.968 +03:00 [INF] HTTP GET /api/v1/tasks/2a095bfd-4504-4145-9be3-0763deae9e1d responded 200 in 5.7263 ms
2026-08-14 13:28:34.968 +03:00 [INF] Executed DbCommand (1ms) [Parameters=[@distinct='?' (DbType = Object)], CommandType='"Text"', CommandTimeout='30']
SELECT a.id AS "Id", a.full_name AS "FullName", a.email AS "Email", a.phone_number AS "PhoneNumber", a.photo_url AS "PhotoUrl", a.role AS "Role", a.department_id AS "DepartmentId", d.code AS "DepartmentCode", d.name AS "DepartmentName", a.joined_on AS "JoinedOn", a.status AS "Status"
FROM "AspNetUsers" AS a
LEFT JOIN departments AS d ON a.department_id = d.id
WHERE a.id = ANY (@distinct)
2026-08-14 13:28:34.968 +03:00 [INF] Handled GetTaskDocumentsQuery for user "e71006a3-891c-4459-aa20-bf6c6d8cab84" in 5 ms
2026-08-14 13:28:34.968 +03:00 [INF] HTTP GET /api/v1/tasks/2a095bfd-4504-4145-9be3-0763deae9e1d/documents responded 200 in 6.4561 ms
2026-08-14 13:28:45.688 +03:00 [INF] Executed DbCommand (2ms) [Parameters=[@now='?' (DbType = DateTime), @horizon='?' (DbType = DateTime)], CommandType='"Text"', CommandTimeout='30']
SELECT t.id, t.created_at_utc, t.created_by_id, t.deleted_at_utc, t.department_id, t.description, t.due_at_utc, t.due_soon_notified_at_utc, t.is_deleted, t.overdue_notified_at_utc, t.priority, t.scope, t.status, t.title, t.updated_at_utc, t.updated_by_id, s.task_item_id, s.member_id, s.id
FROM tasks AS t
LEFT JOIN (
    SELECT t0.task_item_id, t0.member_id, t2.id
    FROM task_assignees AS t0
    INNER JOIN (
        SELECT t1.id, t1.is_deleted
        FROM tasks AS t1
        WHERE NOT (t1.is_deleted)
    ) AS t2 ON t0.task_item_id = t2.id
    WHERE NOT (t2.is_deleted)
) AS s ON t.id = s.task_item_id
WHERE NOT (t.is_deleted) AND t.due_at_utc IS NOT NULL AND t.due_at_utc > @now AND t.due_at_utc <= @horizon AND t.status <> 'Completed' AND t.status <> 'Cancelled' AND t.due_soon_notified_at_utc IS NULL
ORDER BY t.id, s.task_item_id, s.member_id
2026-08-14 13:28:45.689 +03:00 [INF] Executed DbCommand (3ms) [Parameters=[@now='?' (DbType = DateTime), @horizon24='?' (DbType = DateTime)], CommandType='"Text"', CommandTimeout='30']
SELECT c.id, c.created_at_utc, c.created_by_id, c.department_id, c.description, c.end_utc, c.location, c.organizer_id, c.recurrence, c.reminder1h_sent_at_utc, c.reminder24h_sent_at_utc, c.start_utc, c.title, c.type, c.updated_at_utc, c.updated_by_id, e.calendar_event_id, e.member_id
FROM calendar_events AS c
LEFT JOIN event_participants AS e ON c.id = e.calendar_event_id
WHERE c.recurrence = 'None' AND c.start_utc > @now AND c.start_utc <= @horizon24 AND (c.reminder24h_sent_at_utc IS NULL OR c.reminder1h_sent_at_utc IS NULL)
ORDER BY c.id, e.calendar_event_id
2026-08-14 13:29:20.180 +03:00 [INF] Executed DbCommand (1ms) [Parameters=[@p='?' (DbType = Guid)], CommandType='"Text"', CommandTimeout='30']
SELECT a.id, a.access_failed_count, a.concurrency_stamp, a.department_id, a.email, a.email_confirmed, a.full_name, a.joined_on, a.lockout_enabled, a.lockout_end, a.must_change_password, a.normalized_email, a.normalized_user_name, a.password_hash, a.phone_number, a.phone_number_confirmed, a.photo_url, a.role, a.security_stamp, a.status, a.two_factor_enabled, a.user_name
FROM "AspNetUsers" AS a
WHERE a.id = @p
LIMIT 1
2026-08-14 13:29:20.182 +03:00 [INF] Executed DbCommand (1ms) [Parameters=[@userId='?' (DbType = Guid)], CommandType='"Text"', CommandTimeout='30']
SELECT a.id AS "Id", a.full_name AS "FullName", a.email AS "Email", a.phone_number AS "PhoneNumber", a.photo_url AS "PhotoUrl", a.role AS "Role", a.department_id AS "DepartmentId", d.code AS "DepartmentCode", d.name AS "DepartmentName", a.joined_on AS "JoinedOn", a.status AS "Status"
FROM "AspNetUsers" AS a
LEFT JOIN departments AS d ON a.department_id = d.id
WHERE a.id = @userId
LIMIT 1
2026-08-14 13:29:20.182 +03:00 [INF] Handled GetMeQuery for user "e71006a3-891c-4459-aa20-bf6c6d8cab84" in 0 ms
2026-08-14 13:29:20.182 +03:00 [INF] HTTP GET /api/v1/auth/me responded 200 in 3.1872 ms
2026-08-14 13:29:20.185 +03:00 [INF] Executed DbCommand (1ms) [Parameters=[@p='?' (DbType = Guid)], CommandType='"Text"', CommandTimeout='30']
SELECT a.id, a.access_failed_count, a.concurrency_stamp, a.department_id, a.email, a.email_confirmed, a.full_name, a.joined_on, a.lockout_enabled, a.lockout_end, a.must_change_password, a.normalized_email, a.normalized_user_name, a.password_hash, a.phone_number, a.phone_number_confirmed, a.photo_url, a.role, a.security_stamp, a.status, a.two_factor_enabled, a.user_name
FROM "AspNetUsers" AS a
WHERE a.id = @p
LIMIT 1
2026-08-14 13:29:20.186 +03:00 [INF] Executed DbCommand (1ms) [Parameters=[@userId='?' (DbType = Guid)], CommandType='"Text"', CommandTimeout='30']
SELECT a.id AS "Id", a.full_name AS "FullName", a.email AS "Email", a.phone_number AS "PhoneNumber", a.photo_url AS "PhotoUrl", a.role AS "Role", a.department_id AS "DepartmentId", d.code AS "DepartmentCode", d.name AS "DepartmentName", a.joined_on AS "JoinedOn", a.status AS "Status"
FROM "AspNetUsers" AS a
LEFT JOIN departments AS d ON a.department_id = d.id
WHERE a.id = @userId
LIMIT 1
2026-08-14 13:29:20.186 +03:00 [INF] Handled GetMeQuery for user "e71006a3-891c-4459-aa20-bf6c6d8cab84" in 0 ms
2026-08-14 13:29:20.186 +03:00 [INF] HTTP GET /api/v1/auth/me responded 200 in 2.3855 ms
2026-08-14 13:29:20.196 +03:00 [INF] Executed DbCommand (1ms) [Parameters=[@p='?' (DbType = Guid)], CommandType='"Text"', CommandTimeout='30']
SELECT a.id, a.access_failed_count, a.concurrency_stamp, a.department_id, a.email, a.email_confirmed, a.full_name, a.joined_on, a.lockout_enabled, a.lockout_end, a.must_change_password, a.normalized_email, a.normalized_user_name, a.password_hash, a.phone_number, a.phone_number_confirmed, a.photo_url, a.role, a.security_stamp, a.status, a.two_factor_enabled, a.user_name
FROM "AspNetUsers" AS a
WHERE a.id = @p
LIMIT 1
2026-08-14 13:29:20.206 +03:00 [INF] Executed DbCommand (3ms) [Parameters=[@nowUtc='?' (DbType = DateTime)], CommandType='"Text"', CommandTimeout='30']
SELECT t.id, t.title, t.priority, t.status, t.due_at_utc, t.scope, d.code, (
    SELECT count(*)::int
    FROM task_assignees AS t0
    INNER JOIN (
        SELECT t1.id, t1.is_deleted
        FROM tasks AS t1
        WHERE NOT (t1.is_deleted)
    ) AS t2 ON t0.task_item_id = t2.id
    WHERE NOT (t2.is_deleted) AND t.id = t0.task_item_id), (
    SELECT count(*)::int
    FROM task_comments AS t3
    INNER JOIN (
        SELECT t4.id, t4.is_deleted
        FROM tasks AS t4
        WHERE NOT (t4.is_deleted)
    ) AS t5 ON t3.task_item_id = t5.id
    WHERE NOT (t5.is_deleted) AND t.id = t3.task_item_id), (
    SELECT count(*)::int
    FROM task_documents AS t6
    INNER JOIN (
        SELECT t7.id, t7.is_deleted
        FROM tasks AS t7
        WHERE NOT (t7.is_deleted)
    ) AS t8 ON t6.task_item_id = t8.id
    WHERE NOT (t8.is_deleted) AND t.id = t6.task_item_id), t.due_at_utc IS NOT NULL AND t.due_at_utc < @nowUtc AND t.status <> 'Completed' AND t.status <> 'Cancelled'
FROM tasks AS t
LEFT JOIN departments AS d ON t.department_id = d.id
WHERE NOT (t.is_deleted) AND t.status <> 'Cancelled'
ORDER BY t.due_at_utc
2026-08-14 13:29:20.207 +03:00 [INF] Handled GetTaskBoardQuery for user "e71006a3-891c-4459-aa20-bf6c6d8cab84" in 7 ms
2026-08-14 13:29:20.208 +03:00 [INF] HTTP GET /api/v1/tasks/board responded 200 in 13.2390 ms
2026-08-14 13:29:34.728 +03:00 [INF] Executed DbCommand (1ms) [Parameters=[@p='?' (DbType = Guid)], CommandType='"Text"', CommandTimeout='30']
SELECT a.id, a.access_failed_count, a.concurrency_stamp, a.department_id, a.email, a.email_confirmed, a.full_name, a.joined_on, a.lockout_enabled, a.lockout_end, a.must_change_password, a.normalized_email, a.normalized_user_name, a.password_hash, a.phone_number, a.phone_number_confirmed, a.photo_url, a.role, a.security_stamp, a.status, a.two_factor_enabled, a.user_name
FROM "AspNetUsers" AS a
WHERE a.id = @p
LIMIT 1
2026-08-14 13:29:34.730 +03:00 [INF] Executed DbCommand (1ms) [Parameters=[@request_Id='?' (DbType = Guid)], CommandType='"Text"', CommandTimeout='30']
SELECT t3.id, t3.created_at_utc, t3.created_by_id, t3.deleted_at_utc, t3.department_id, t3.description, t3.due_at_utc, t3.due_soon_notified_at_utc, t3.is_deleted, t3.overdue_notified_at_utc, t3.priority, t3.scope, t3.status, t3.title, t3.updated_at_utc, t3.updated_by_id, s.task_item_id, s.member_id, s.id
FROM (
    SELECT t.id, t.created_at_utc, t.created_by_id, t.deleted_at_utc, t.department_id, t.description, t.due_at_utc, t.due_soon_notified_at_utc, t.is_deleted, t.overdue_notified_at_utc, t.priority, t.scope, t.status, t.title, t.updated_at_utc, t.updated_by_id
    FROM tasks AS t
    WHERE NOT (t.is_deleted) AND t.id = @request_Id
    LIMIT 1
) AS t3
LEFT JOIN (
    SELECT t0.task_item_id, t0.member_id, t2.id
    FROM task_assignees AS t0
    INNER JOIN (
        SELECT t1.id, t1.is_deleted
        FROM tasks AS t1
        WHERE NOT (t1.is_deleted)
    ) AS t2 ON t0.task_item_id = t2.id
    WHERE NOT (t2.is_deleted)
) AS s ON t3.id = s.task_item_id
ORDER BY t3.id, s.task_item_id, s.member_id
2026-08-14 13:29:34.733 +03:00 [INF] Executed DbCommand (3ms) [Parameters=[@p3='?' (DbType = Guid), @p0='?', @p1='?' (DbType = DateTime), @p2='?' (DbType = Guid)], CommandType='"Text"', CommandTimeout='30']
UPDATE tasks SET status = @p0, updated_at_utc = @p1, updated_by_id = @p2
WHERE id = @p3;
2026-08-14 13:29:34.735 +03:00 [INF] Executed DbCommand (2ms) [Parameters=[@taskId='?' (DbType = Guid)], CommandType='"Text"', CommandTimeout='30']
SELECT s.id, s.created_at_utc, s.created_by_id, s.deleted_at_utc, s.department_id, s.description, s.due_at_utc, s.due_soon_notified_at_utc, s.is_deleted, s.overdue_notified_at_utc, s.priority, s.scope, s.status, s.title, s.updated_at_utc, s.updated_by_id, s.id0, s.code, s.created_at_utc0, s.created_by_id0, s.description0, s.name, s.updated_at_utc0, s.updated_by_id0, s0.task_item_id, s0.member_id, s0.id, s1.id, s1.author_id, s1.created_at_utc, s1.created_by_id, s1.task_item_id, s1.text, s1.updated_at_utc, s1.updated_by_id, s1.id0, s2.id, s2.content_type, s2.created_at_utc, s2.created_by_id, s2.original_file_name, s2.size_bytes, s2.storage_key, s2.task_item_id, s2.updated_at_utc, s2.updated_by_id, s2.uploaded_at_utc, s2.uploaded_by_id, s2.id0
FROM (
    SELECT t.id, t.created_at_utc, t.created_by_id, t.deleted_at_utc, t.department_id, t.description, t.due_at_utc, t.due_soon_notified_at_utc, t.is_deleted, t.overdue_notified_at_utc, t.priority, t.scope, t.status, t.title, t.updated_at_utc, t.updated_by_id, d.id AS id0, d.code, d.created_at_utc AS created_at_utc0, d.created_by_id AS created_by_id0, d.description AS description0, d.name, d.updated_at_utc AS updated_at_utc0, d.updated_by_id AS updated_by_id0
    FROM tasks AS t
    LEFT JOIN departments AS d ON t.department_id = d.id
    WHERE NOT (t.is_deleted) AND t.id = @taskId
    LIMIT 1
) AS s
LEFT JOIN (
    SELECT t0.task_item_id, t0.member_id, t2.id
    FROM task_assignees AS t0
    INNER JOIN (
        SELECT t1.id, t1.is_deleted
        FROM tasks AS t1
        WHERE NOT (t1.is_deleted)
    ) AS t2 ON t0.task_item_id = t2.id
    WHERE NOT (t2.is_deleted)
) AS s0 ON s.id = s0.task_item_id
LEFT JOIN (
    SELECT t3.id, t3.author_id, t3.created_at_utc, t3.created_by_id, t3.task_item_id, t3.text, t3.updated_at_utc, t3.updated_by_id, t5.id AS id0
    FROM task_comments AS t3
    INNER JOIN (
        SELECT t4.id, t4.is_deleted
        FROM tasks AS t4
        WHERE NOT (t4.is_deleted)
    ) AS t5 ON t3.task_item_id = t5.id
    WHERE NOT (t5.is_deleted)
) AS s1 ON s.id = s1.task_item_id
LEFT JOIN (
    SELECT t6.id, t6.content_type, t6.created_at_utc, t6.created_by_id, t6.original_file_name, t6.size_bytes, t6.storage_key, t6.task_item_id, t6.updated_at_utc, t6.updated_by_id, t6.uploaded_at_utc, t6.uploaded_by_id, t8.id AS id0
    FROM task_documents AS t6
    INNER JOIN (
        SELECT t7.id, t7.is_deleted
        FROM tasks AS t7
        WHERE NOT (t7.is_deleted)
    ) AS t8 ON t6.task_item_id = t8.id
    WHERE NOT (t8.is_deleted)
) AS s2 ON s.id = s2.task_item_id
ORDER BY s.id, s.id0, s0.task_item_id, s0.member_id, s0.id, s1.id, s1.id0, s2.id
2026-08-14 13:29:34.736 +03:00 [INF] Executed DbCommand (1ms) [Parameters=[@distinct='?' (DbType = Object)], CommandType='"Text"', CommandTimeout='30']
SELECT a.id AS "Id", a.full_name AS "FullName", a.email AS "Email", a.phone_number AS "PhoneNumber", a.photo_url AS "PhotoUrl", a.role AS "Role", a.department_id AS "DepartmentId", d.code AS "DepartmentCode", d.name AS "DepartmentName", a.joined_on AS "JoinedOn", a.status AS "Status"
FROM "AspNetUsers" AS a
LEFT JOIN departments AS d ON a.department_id = d.id
WHERE a.id = ANY (@distinct)
2026-08-14 13:29:34.736 +03:00 [INF] Handled ChangeTaskStatusCommand for user "e71006a3-891c-4459-aa20-bf6c6d8cab84" in 7 ms
2026-08-14 13:29:34.737 +03:00 [INF] HTTP PATCH /api/v1/tasks/72e54366-9b7d-4a02-86b1-ee79d0d94cfe/status responded 200 in 10.0419 ms
2026-08-14 13:29:34.741 +03:00 [INF] Executed DbCommand (1ms) [Parameters=[@p='?' (DbType = Guid)], CommandType='"Text"', CommandTimeout='30']
SELECT a.id, a.access_failed_count, a.concurrency_stamp, a.department_id, a.email, a.email_confirmed, a.full_name, a.joined_on, a.lockout_enabled, a.lockout_end, a.must_change_password, a.normalized_email, a.normalized_user_name, a.password_hash, a.phone_number, a.phone_number_confirmed, a.photo_url, a.role, a.security_stamp, a.status, a.two_factor_enabled, a.user_name
FROM "AspNetUsers" AS a
WHERE a.id = @p
LIMIT 1
2026-08-14 13:29:34.744 +03:00 [INF] Executed DbCommand (2ms) [Parameters=[@nowUtc='?' (DbType = DateTime)], CommandType='"Text"', CommandTimeout='30']
SELECT t.id, t.title, t.priority, t.status, t.due_at_utc, t.scope, d.code, (
    SELECT count(*)::int
    FROM task_assignees AS t0
    INNER JOIN (
        SELECT t1.id, t1.is_deleted
        FROM tasks AS t1
        WHERE NOT (t1.is_deleted)
    ) AS t2 ON t0.task_item_id = t2.id
    WHERE NOT (t2.is_deleted) AND t.id = t0.task_item_id), (
    SELECT count(*)::int
    FROM task_comments AS t3
    INNER JOIN (
        SELECT t4.id, t4.is_deleted
        FROM tasks AS t4
        WHERE NOT (t4.is_deleted)
    ) AS t5 ON t3.task_item_id = t5.id
    WHERE NOT (t5.is_deleted) AND t.id = t3.task_item_id), (
    SELECT count(*)::int
    FROM task_documents AS t6
    INNER JOIN (
        SELECT t7.id, t7.is_deleted
        FROM tasks AS t7
        WHERE NOT (t7.is_deleted)
    ) AS t8 ON t6.task_item_id = t8.id
    WHERE NOT (t8.is_deleted) AND t.id = t6.task_item_id), t.due_at_utc IS NOT NULL AND t.due_at_utc < @nowUtc AND t.status <> 'Completed' AND t.status <> 'Cancelled'
FROM tasks AS t
LEFT JOIN departments AS d ON t.department_id = d.id
WHERE NOT (t.is_deleted) AND t.status <> 'Cancelled'
ORDER BY t.due_at_utc
2026-08-14 13:29:34.744 +03:00 [INF] Handled GetTaskBoardQuery for user "e71006a3-891c-4459-aa20-bf6c6d8cab84" in 2 ms
2026-08-14 13:29:34.744 +03:00 [INF] HTTP GET /api/v1/tasks/board responded 200 in 4.1140 ms
2026-08-14 13:30:25.881 +03:00 [INF] Executed DbCommand (2ms) [Parameters=[@p='?' (DbType = Guid)], CommandType='"Text"', CommandTimeout='30']
SELECT a.id, a.access_failed_count, a.concurrency_stamp, a.department_id, a.email, a.email_confirmed, a.full_name, a.joined_on, a.lockout_enabled, a.lockout_end, a.must_change_password, a.normalized_email, a.normalized_user_name, a.password_hash, a.phone_number, a.phone_number_confirmed, a.photo_url, a.role, a.security_stamp, a.status, a.two_factor_enabled, a.user_name
FROM "AspNetUsers" AS a
WHERE a.id = @p
LIMIT 1
2026-08-14 13:30:25.883 +03:00 [INF] Executed DbCommand (1ms) [Parameters=[@userId='?' (DbType = Guid)], CommandType='"Text"', CommandTimeout='30']
SELECT a.id AS "Id", a.full_name AS "FullName", a.email AS "Email", a.phone_number AS "PhoneNumber", a.photo_url AS "PhotoUrl", a.role AS "Role", a.department_id AS "DepartmentId", d.code AS "DepartmentCode", d.name AS "DepartmentName", a.joined_on AS "JoinedOn", a.status AS "Status"
FROM "AspNetUsers" AS a
LEFT JOIN departments AS d ON a.department_id = d.id
WHERE a.id = @userId
LIMIT 1
2026-08-14 13:30:25.884 +03:00 [INF] Handled GetMeQuery for user "e71006a3-891c-4459-aa20-bf6c6d8cab84" in 0 ms
2026-08-14 13:30:25.884 +03:00 [INF] HTTP GET /api/v1/auth/me responded 200 in 5.5978 ms
2026-08-14 13:30:25.889 +03:00 [INF] Executed DbCommand (3ms) [Parameters=[@p='?' (DbType = Guid)], CommandType='"Text"', CommandTimeout='30']
SELECT a.id, a.access_failed_count, a.concurrency_stamp, a.department_id, a.email, a.email_confirmed, a.full_name, a.joined_on, a.lockout_enabled, a.lockout_end, a.must_change_password, a.normalized_email, a.normalized_user_name, a.password_hash, a.phone_number, a.phone_number_confirmed, a.photo_url, a.role, a.security_stamp, a.status, a.two_factor_enabled, a.user_name
FROM "AspNetUsers" AS a
WHERE a.id = @p
LIMIT 1
2026-08-14 13:30:25.890 +03:00 [INF] Executed DbCommand (1ms) [Parameters=[@userId='?' (DbType = Guid)], CommandType='"Text"', CommandTimeout='30']
SELECT a.id AS "Id", a.full_name AS "FullName", a.email AS "Email", a.phone_number AS "PhoneNumber", a.photo_url AS "PhotoUrl", a.role AS "Role", a.department_id AS "DepartmentId", d.code AS "DepartmentCode", d.name AS "DepartmentName", a.joined_on AS "JoinedOn", a.status AS "Status"
FROM "AspNetUsers" AS a
LEFT JOIN departments AS d ON a.department_id = d.id
WHERE a.id = @userId
LIMIT 1
2026-08-14 13:30:25.890 +03:00 [INF] Handled GetMeQuery for user "e71006a3-891c-4459-aa20-bf6c6d8cab84" in 1 ms
2026-08-14 13:30:25.891 +03:00 [INF] HTTP GET /api/v1/auth/me responded 200 in 4.7861 ms
2026-08-14 13:30:25.895 +03:00 [INF] Executed DbCommand (1ms) [Parameters=[@p='?' (DbType = Guid)], CommandType='"Text"', CommandTimeout='30']
SELECT a.id, a.access_failed_count, a.concurrency_stamp, a.department_id, a.email, a.email_confirmed, a.full_name, a.joined_on, a.lockout_enabled, a.lockout_end, a.must_change_password, a.normalized_email, a.normalized_user_name, a.password_hash, a.phone_number, a.phone_number_confirmed, a.photo_url, a.role, a.security_stamp, a.status, a.two_factor_enabled, a.user_name
FROM "AspNetUsers" AS a
WHERE a.id = @p
LIMIT 1
2026-08-14 13:30:25.899 +03:00 [INF] Executed DbCommand (3ms) [Parameters=[@nowUtc='?' (DbType = DateTime)], CommandType='"Text"', CommandTimeout='30']
SELECT t.id, t.title, t.priority, t.status, t.due_at_utc, t.scope, d.code, (
    SELECT count(*)::int
    FROM task_assignees AS t0
    INNER JOIN (
        SELECT t1.id, t1.is_deleted
        FROM tasks AS t1
        WHERE NOT (t1.is_deleted)
    ) AS t2 ON t0.task_item_id = t2.id
    WHERE NOT (t2.is_deleted) AND t.id = t0.task_item_id), (
    SELECT count(*)::int
    FROM task_comments AS t3
    INNER JOIN (
        SELECT t4.id, t4.is_deleted
        FROM tasks AS t4
        WHERE NOT (t4.is_deleted)
    ) AS t5 ON t3.task_item_id = t5.id
    WHERE NOT (t5.is_deleted) AND t.id = t3.task_item_id), (
    SELECT count(*)::int
    FROM task_documents AS t6
    INNER JOIN (
        SELECT t7.id, t7.is_deleted
        FROM tasks AS t7
        WHERE NOT (t7.is_deleted)
    ) AS t8 ON t6.task_item_id = t8.id
    WHERE NOT (t8.is_deleted) AND t.id = t6.task_item_id), t.due_at_utc IS NOT NULL AND t.due_at_utc < @nowUtc AND t.status <> 'Completed' AND t.status <> 'Cancelled'
FROM tasks AS t
LEFT JOIN departments AS d ON t.department_id = d.id
WHERE NOT (t.is_deleted) AND t.status <> 'Cancelled'
ORDER BY t.due_at_utc
2026-08-14 13:30:25.899 +03:00 [INF] Handled GetTaskBoardQuery for user "e71006a3-891c-4459-aa20-bf6c6d8cab84" in 3 ms
2026-08-14 13:30:25.899 +03:00 [INF] HTTP GET /api/v1/tasks/board responded 200 in 5.2961 ms
2026-08-14 13:30:29.951 +03:00 [INF] Executed DbCommand (1ms) [Parameters=[@p='?' (DbType = Guid)], CommandType='"Text"', CommandTimeout='30']
SELECT a.id, a.access_failed_count, a.concurrency_stamp, a.department_id, a.email, a.email_confirmed, a.full_name, a.joined_on, a.lockout_enabled, a.lockout_end, a.must_change_password, a.normalized_email, a.normalized_user_name, a.password_hash, a.phone_number, a.phone_number_confirmed, a.photo_url, a.role, a.security_stamp, a.status, a.two_factor_enabled, a.user_name
FROM "AspNetUsers" AS a
WHERE a.id = @p
LIMIT 1
2026-08-14 13:30:29.953 +03:00 [INF] Executed DbCommand (1ms) [Parameters=[@userId='?' (DbType = Guid)], CommandType='"Text"', CommandTimeout='30']
SELECT a.id AS "Id", a.full_name AS "FullName", a.email AS "Email", a.phone_number AS "PhoneNumber", a.photo_url AS "PhotoUrl", a.role AS "Role", a.department_id AS "DepartmentId", d.code AS "DepartmentCode", d.name AS "DepartmentName", a.joined_on AS "JoinedOn", a.status AS "Status"
FROM "AspNetUsers" AS a
LEFT JOIN departments AS d ON a.department_id = d.id
WHERE a.id = @userId
LIMIT 1
2026-08-14 13:30:29.953 +03:00 [INF] Handled GetMeQuery for user "e71006a3-891c-4459-aa20-bf6c6d8cab84" in 1 ms
2026-08-14 13:30:29.953 +03:00 [INF] HTTP GET /api/v1/auth/me responded 200 in 3.0785 ms
2026-08-14 13:30:29.958 +03:00 [INF] Executed DbCommand (1ms) [Parameters=[@p='?' (DbType = Guid)], CommandType='"Text"', CommandTimeout='30']
SELECT a.id, a.access_failed_count, a.concurrency_stamp, a.department_id, a.email, a.email_confirmed, a.full_name, a.joined_on, a.lockout_enabled, a.lockout_end, a.must_change_password, a.normalized_email, a.normalized_user_name, a.password_hash, a.phone_number, a.phone_number_confirmed, a.photo_url, a.role, a.security_stamp, a.status, a.two_factor_enabled, a.user_name
FROM "AspNetUsers" AS a
WHERE a.id = @p
LIMIT 1
2026-08-14 13:30:29.960 +03:00 [INF] Executed DbCommand (1ms) [Parameters=[@userId='?' (DbType = Guid)], CommandType='"Text"', CommandTimeout='30']
SELECT a.id AS "Id", a.full_name AS "FullName", a.email AS "Email", a.phone_number AS "PhoneNumber", a.photo_url AS "PhotoUrl", a.role AS "Role", a.department_id AS "DepartmentId", d.code AS "DepartmentCode", d.name AS "DepartmentName", a.joined_on AS "JoinedOn", a.status AS "Status"
FROM "AspNetUsers" AS a
LEFT JOIN departments AS d ON a.department_id = d.id
WHERE a.id = @userId
LIMIT 1
2026-08-14 13:30:29.960 +03:00 [INF] Handled GetMeQuery for user "e71006a3-891c-4459-aa20-bf6c6d8cab84" in 1 ms
2026-08-14 13:30:29.960 +03:00 [INF] HTTP GET /api/v1/auth/me responded 200 in 3.2831 ms
2026-08-14 13:30:29.969 +03:00 [INF] Executed DbCommand (1ms) [Parameters=[@p='?' (DbType = Guid)], CommandType='"Text"', CommandTimeout='30']
SELECT a.id, a.access_failed_count, a.concurrency_stamp, a.department_id, a.email, a.email_confirmed, a.full_name, a.joined_on, a.lockout_enabled, a.lockout_end, a.must_change_password, a.normalized_email, a.normalized_user_name, a.password_hash, a.phone_number, a.phone_number_confirmed, a.photo_url, a.role, a.security_stamp, a.status, a.two_factor_enabled, a.user_name
FROM "AspNetUsers" AS a
WHERE a.id = @p
LIMIT 1
2026-08-14 13:30:29.973 +03:00 [INF] Executed DbCommand (4ms) [Parameters=[@nowUtc='?' (DbType = DateTime)], CommandType='"Text"', CommandTimeout='30']
SELECT t.id, t.title, t.priority, t.status, t.due_at_utc, t.scope, d.code, (
    SELECT count(*)::int
    FROM task_assignees AS t0
    INNER JOIN (
        SELECT t1.id, t1.is_deleted
        FROM tasks AS t1
        WHERE NOT (t1.is_deleted)
    ) AS t2 ON t0.task_item_id = t2.id
    WHERE NOT (t2.is_deleted) AND t.id = t0.task_item_id), (
    SELECT count(*)::int
    FROM task_comments AS t3
    INNER JOIN (
        SELECT t4.id, t4.is_deleted
        FROM tasks AS t4
        WHERE NOT (t4.is_deleted)
    ) AS t5 ON t3.task_item_id = t5.id
    WHERE NOT (t5.is_deleted) AND t.id = t3.task_item_id), (
    SELECT count(*)::int
    FROM task_documents AS t6
    INNER JOIN (
        SELECT t7.id, t7.is_deleted
        FROM tasks AS t7
        WHERE NOT (t7.is_deleted)
    ) AS t8 ON t6.task_item_id = t8.id
    WHERE NOT (t8.is_deleted) AND t.id = t6.task_item_id), t.due_at_utc IS NOT NULL AND t.due_at_utc < @nowUtc AND t.status <> 'Completed' AND t.status <> 'Cancelled'
FROM tasks AS t
LEFT JOIN departments AS d ON t.department_id = d.id
WHERE NOT (t.is_deleted) AND t.status <> 'Cancelled'
ORDER BY t.due_at_utc
2026-08-14 13:30:29.974 +03:00 [INF] Handled GetTaskBoardQuery for user "e71006a3-891c-4459-aa20-bf6c6d8cab84" in 4 ms
2026-08-14 13:30:29.974 +03:00 [INF] HTTP GET /api/v1/tasks/board responded 200 in 5.9105 ms
2026-08-14 13:34:01.236 +03:00 [INF] Executed DbCommand (13ms) [Parameters=[@p='?' (DbType = Guid)], CommandType='"Text"', CommandTimeout='30']
SELECT a.id, a.access_failed_count, a.concurrency_stamp, a.department_id, a.email, a.email_confirmed, a.full_name, a.joined_on, a.lockout_enabled, a.lockout_end, a.must_change_password, a.normalized_email, a.normalized_user_name, a.password_hash, a.phone_number, a.phone_number_confirmed, a.photo_url, a.role, a.security_stamp, a.status, a.two_factor_enabled, a.user_name
FROM "AspNetUsers" AS a
WHERE a.id = @p
LIMIT 1
2026-08-14 13:34:01.254 +03:00 [INF] Executed DbCommand (18ms) [Parameters=[@nowUtc='?' (DbType = DateTime)], CommandType='"Text"', CommandTimeout='30']
SELECT t.id, t.title, t.priority, t.status, t.due_at_utc, t.scope, d.code, (
    SELECT count(*)::int
    FROM task_assignees AS t0
    INNER JOIN (
        SELECT t1.id, t1.is_deleted
        FROM tasks AS t1
        WHERE NOT (t1.is_deleted)
    ) AS t2 ON t0.task_item_id = t2.id
    WHERE NOT (t2.is_deleted) AND t.id = t0.task_item_id), (
    SELECT count(*)::int
    FROM task_comments AS t3
    INNER JOIN (
        SELECT t4.id, t4.is_deleted
        FROM tasks AS t4
        WHERE NOT (t4.is_deleted)
    ) AS t5 ON t3.task_item_id = t5.id
    WHERE NOT (t5.is_deleted) AND t.id = t3.task_item_id), (
    SELECT count(*)::int
    FROM task_documents AS t6
    INNER JOIN (
        SELECT t7.id, t7.is_deleted
        FROM tasks AS t7
        WHERE NOT (t7.is_deleted)
    ) AS t8 ON t6.task_item_id = t8.id
    WHERE NOT (t8.is_deleted) AND t.id = t6.task_item_id), t.due_at_utc IS NOT NULL AND t.due_at_utc < @nowUtc AND t.status <> 'Completed' AND t.status <> 'Cancelled'
FROM tasks AS t
LEFT JOIN departments AS d ON t.department_id = d.id
WHERE NOT (t.is_deleted) AND t.status <> 'Cancelled'
ORDER BY t.due_at_utc
2026-08-14 13:34:01.254 +03:00 [INF] Handled GetTaskBoardQuery for user "e71006a3-891c-4459-aa20-bf6c6d8cab84" in 18 ms
2026-08-14 13:34:01.255 +03:00 [INF] HTTP GET /api/v1/tasks/board responded 200 in 43.8046 ms
2026-08-14 13:34:56.161 +03:00 [INF] Executed DbCommand (2ms) [Parameters=[@p='?' (DbType = Guid)], CommandType='"Text"', CommandTimeout='30']
SELECT a.id, a.access_failed_count, a.concurrency_stamp, a.department_id, a.email, a.email_confirmed, a.full_name, a.joined_on, a.lockout_enabled, a.lockout_end, a.must_change_password, a.normalized_email, a.normalized_user_name, a.password_hash, a.phone_number, a.phone_number_confirmed, a.photo_url, a.role, a.security_stamp, a.status, a.two_factor_enabled, a.user_name
FROM "AspNetUsers" AS a
WHERE a.id = @p
LIMIT 1
2026-08-14 13:34:56.169 +03:00 [INF] Executed DbCommand (5ms) [Parameters=[@nowUtc='?' (DbType = DateTime)], CommandType='"Text"', CommandTimeout='30']
SELECT t.id, t.title, t.priority, t.status, t.due_at_utc, t.scope, d.code, (
    SELECT count(*)::int
    FROM task_assignees AS t0
    INNER JOIN (
        SELECT t1.id, t1.is_deleted
        FROM tasks AS t1
        WHERE NOT (t1.is_deleted)
    ) AS t2 ON t0.task_item_id = t2.id
    WHERE NOT (t2.is_deleted) AND t.id = t0.task_item_id), (
    SELECT count(*)::int
    FROM task_comments AS t3
    INNER JOIN (
        SELECT t4.id, t4.is_deleted
        FROM tasks AS t4
        WHERE NOT (t4.is_deleted)
    ) AS t5 ON t3.task_item_id = t5.id
    WHERE NOT (t5.is_deleted) AND t.id = t3.task_item_id), (
    SELECT count(*)::int
    FROM task_documents AS t6
    INNER JOIN (
        SELECT t7.id, t7.is_deleted
        FROM tasks AS t7
        WHERE NOT (t7.is_deleted)
    ) AS t8 ON t6.task_item_id = t8.id
    WHERE NOT (t8.is_deleted) AND t.id = t6.task_item_id), t.due_at_utc IS NOT NULL AND t.due_at_utc < @nowUtc AND t.status <> 'Completed' AND t.status <> 'Cancelled'
FROM tasks AS t
LEFT JOIN departments AS d ON t.department_id = d.id
WHERE NOT (t.is_deleted) AND t.status <> 'Cancelled'
ORDER BY t.due_at_utc
2026-08-14 13:34:56.170 +03:00 [INF] Handled GetTaskBoardQuery for user "e71006a3-891c-4459-aa20-bf6c6d8cab84" in 6 ms
2026-08-14 13:34:56.170 +03:00 [INF] HTTP GET /api/v1/tasks/board responded 200 in 14.9673 ms
2026-08-14 13:35:13.073 +03:00 [INF] Executed DbCommand (1ms) [Parameters=[@p='?' (DbType = Guid)], CommandType='"Text"', CommandTimeout='30']
SELECT a.id, a.access_failed_count, a.concurrency_stamp, a.department_id, a.email, a.email_confirmed, a.full_name, a.joined_on, a.lockout_enabled, a.lockout_end, a.must_change_password, a.normalized_email, a.normalized_user_name, a.password_hash, a.phone_number, a.phone_number_confirmed, a.photo_url, a.role, a.security_stamp, a.status, a.two_factor_enabled, a.user_name
FROM "AspNetUsers" AS a
WHERE a.id = @p
LIMIT 1
2026-08-14 13:35:13.075 +03:00 [INF] Executed DbCommand (1ms) [Parameters=[@status='?'], CommandType='"Text"', CommandTimeout='30']
SELECT count(*)::int
FROM "AspNetUsers" AS a
WHERE a.status = @status
2026-08-14 13:35:13.076 +03:00 [INF] Executed DbCommand (1ms) [Parameters=[@status='?', @p2='?' (DbType = Int32), @p='?' (DbType = Int32)], CommandType='"Text"', CommandTimeout='30']
SELECT a0.id AS "Id", a0.full_name AS "FullName", a0.email AS "Email", a0.phone_number AS "PhoneNumber", a0.photo_url AS "PhotoUrl", a0.role AS "Role", a0.department_id AS "DepartmentId", d.code AS "DepartmentCode", d.name AS "DepartmentName", a0.joined_on AS "JoinedOn", a0.status AS "Status"
FROM (
    SELECT a.id, a.department_id, a.email, a.full_name, a.joined_on, a.phone_number, a.photo_url, a.role, a.status
    FROM "AspNetUsers" AS a
    WHERE a.status = @status
    ORDER BY a.full_name
    LIMIT @p2 OFFSET @p
) AS a0
LEFT JOIN departments AS d ON a0.department_id = d.id
ORDER BY a0.full_name
2026-08-14 13:35:13.076 +03:00 [INF] Handled GetMembersQuery for user "e71006a3-891c-4459-aa20-bf6c6d8cab84" in 2 ms
2026-08-14 13:35:13.076 +03:00 [INF] HTTP GET /api/v1/members responded 200 in 4.3286 ms
2026-08-14 13:35:14.475 +03:00 [INF] Executed DbCommand (1ms) [Parameters=[@p='?' (DbType = Guid)], CommandType='"Text"', CommandTimeout='30']
SELECT a.id, a.access_failed_count, a.concurrency_stamp, a.department_id, a.email, a.email_confirmed, a.full_name, a.joined_on, a.lockout_enabled, a.lockout_end, a.must_change_password, a.normalized_email, a.normalized_user_name, a.password_hash, a.phone_number, a.phone_number_confirmed, a.photo_url, a.role, a.security_stamp, a.status, a.two_factor_enabled, a.user_name
FROM "AspNetUsers" AS a
WHERE a.id = @p
LIMIT 1
2026-08-14 13:35:14.475 +03:00 [INF] Executed DbCommand (0ms) [Parameters=[], CommandType='"Text"', CommandTimeout='30']
SELECT d.id, d.code, d.created_at_utc, d.created_by_id, d.description, d.name, d.updated_at_utc, d.updated_by_id
FROM departments AS d
ORDER BY d.code
2026-08-14 13:35:14.476 +03:00 [INF] Executed DbCommand (1ms) [Parameters=[], CommandType='"Text"', CommandTimeout='30']
SELECT a.id AS "Id", a.full_name AS "FullName", a.email AS "Email", a.phone_number AS "PhoneNumber", a.photo_url AS "PhotoUrl", a.role AS "Role", a.department_id AS "DepartmentId", d.code AS "DepartmentCode", d.name AS "DepartmentName", a.joined_on AS "JoinedOn", a.status AS "Status"
FROM "AspNetUsers" AS a
LEFT JOIN departments AS d ON a.department_id = d.id
WHERE a.status = 'Active' AND a.department_id IS NOT NULL
2026-08-14 13:35:14.477 +03:00 [INF] Handled GetDepartmentsQuery for user "e71006a3-891c-4459-aa20-bf6c6d8cab84" in 1 ms
2026-08-14 13:35:14.477 +03:00 [INF] HTTP GET /api/v1/departments responded 200 in 3.2511 ms
2026-08-14 13:35:24.546 +03:00 [INF] Executed DbCommand (1ms) [Parameters=[@p='?' (DbType = Guid)], CommandType='"Text"', CommandTimeout='30']
SELECT a.id, a.access_failed_count, a.concurrency_stamp, a.department_id, a.email, a.email_confirmed, a.full_name, a.joined_on, a.lockout_enabled, a.lockout_end, a.must_change_password, a.normalized_email, a.normalized_user_name, a.password_hash, a.phone_number, a.phone_number_confirmed, a.photo_url, a.role, a.security_stamp, a.status, a.two_factor_enabled, a.user_name
FROM "AspNetUsers" AS a
WHERE a.id = @p
LIMIT 1
2026-08-14 13:35:24.547 +03:00 [INF] Executed DbCommand (0ms) [Parameters=[], CommandType='"Text"', CommandTimeout='30']
SELECT count(*)::int
FROM tasks AS t
WHERE NOT (t.is_deleted)
2026-08-14 13:35:24.549 +03:00 [INF] Executed DbCommand (1ms) [Parameters=[@nowUtc='?' (DbType = DateTime), @p1='?' (DbType = Int32), @p='?' (DbType = Int32)], CommandType='"Text"', CommandTimeout='30']
SELECT t0.id, t0.title, t0.priority, t0.status, t0.due_at_utc, t0.scope, d.code, (
    SELECT count(*)::int
    FROM task_assignees AS t1
    INNER JOIN (
        SELECT t2.id, t2.is_deleted
        FROM tasks AS t2
        WHERE NOT (t2.is_deleted)
    ) AS t3 ON t1.task_item_id = t3.id
    WHERE NOT (t3.is_deleted) AND t0.id = t1.task_item_id), (
    SELECT count(*)::int
    FROM task_comments AS t4
    INNER JOIN (
        SELECT t5.id, t5.is_deleted
        FROM tasks AS t5
        WHERE NOT (t5.is_deleted)
    ) AS t6 ON t4.task_item_id = t6.id
    WHERE NOT (t6.is_deleted) AND t0.id = t4.task_item_id), (
    SELECT count(*)::int
    FROM task_documents AS t7
    INNER JOIN (
        SELECT t8.id, t8.is_deleted
        FROM tasks AS t8
        WHERE NOT (t8.is_deleted)
    ) AS t9 ON t7.task_item_id = t9.id
    WHERE NOT (t9.is_deleted) AND t0.id = t7.task_item_id), t0.due_at_utc IS NOT NULL AND t0.due_at_utc < @nowUtc AND t0.status <> 'Completed' AND t0.status <> 'Cancelled'
FROM (
    SELECT t.id, t.department_id, t.due_at_utc, t.priority, t.scope, t.status, t.title
    FROM tasks AS t
    WHERE NOT (t.is_deleted)
    ORDER BY t.due_at_utc
    LIMIT @p1 OFFSET @p
) AS t0
LEFT JOIN departments AS d ON t0.department_id = d.id
ORDER BY t0.due_at_utc
2026-08-14 13:35:24.549 +03:00 [INF] Handled GetTasksQuery for user "e71006a3-891c-4459-aa20-bf6c6d8cab84" in 2 ms
2026-08-14 13:35:24.549 +03:00 [INF] HTTP GET /api/v1/tasks responded 200 in 4.2287 ms
2026-08-14 13:35:55.783 +03:00 [INF] Executed DbCommand (1ms) [Parameters=[@p='?' (DbType = Guid)], CommandType='"Text"', CommandTimeout='30']
SELECT a.id, a.access_failed_count, a.concurrency_stamp, a.department_id, a.email, a.email_confirmed, a.full_name, a.joined_on, a.lockout_enabled, a.lockout_end, a.must_change_password, a.normalized_email, a.normalized_user_name, a.password_hash, a.phone_number, a.phone_number_confirmed, a.photo_url, a.role, a.security_stamp, a.status, a.two_factor_enabled, a.user_name
FROM "AspNetUsers" AS a
WHERE a.id = @p
LIMIT 1
2026-08-14 13:35:55.785 +03:00 [INF] Executed DbCommand (1ms) [Parameters=[@nowUtc='?' (DbType = DateTime)], CommandType='"Text"', CommandTimeout='30']
SELECT t.id, t.title, t.priority, t.status, t.due_at_utc, t.scope, d.code, (
    SELECT count(*)::int
    FROM task_assignees AS t0
    INNER JOIN (
        SELECT t1.id, t1.is_deleted
        FROM tasks AS t1
        WHERE NOT (t1.is_deleted)
    ) AS t2 ON t0.task_item_id = t2.id
    WHERE NOT (t2.is_deleted) AND t.id = t0.task_item_id), (
    SELECT count(*)::int
    FROM task_comments AS t3
    INNER JOIN (
        SELECT t4.id, t4.is_deleted
        FROM tasks AS t4
        WHERE NOT (t4.is_deleted)
    ) AS t5 ON t3.task_item_id = t5.id
    WHERE NOT (t5.is_deleted) AND t.id = t3.task_item_id), (
    SELECT count(*)::int
    FROM task_documents AS t6
    INNER JOIN (
        SELECT t7.id, t7.is_deleted
        FROM tasks AS t7
        WHERE NOT (t7.is_deleted)
    ) AS t8 ON t6.task_item_id = t8.id
    WHERE NOT (t8.is_deleted) AND t.id = t6.task_item_id), t.due_at_utc IS NOT NULL AND t.due_at_utc < @nowUtc AND t.status <> 'Completed' AND t.status <> 'Cancelled'
FROM tasks AS t
LEFT JOIN departments AS d ON t.department_id = d.id
WHERE NOT (t.is_deleted) AND t.status <> 'Cancelled'
ORDER BY t.due_at_utc
2026-08-14 13:35:55.785 +03:00 [INF] Handled GetTaskBoardQuery for user "e71006a3-891c-4459-aa20-bf6c6d8cab84" in 1 ms
2026-08-14 13:35:55.785 +03:00 [INF] HTTP GET /api/v1/tasks/board responded 200 in 4.1289 ms
2026-08-14 13:35:58.074 +03:00 [INF] Executed DbCommand (1ms) [Parameters=[@p='?' (DbType = Guid)], CommandType='"Text"', CommandTimeout='30']
SELECT a.id, a.access_failed_count, a.concurrency_stamp, a.department_id, a.email, a.email_confirmed, a.full_name, a.joined_on, a.lockout_enabled, a.lockout_end, a.must_change_password, a.normalized_email, a.normalized_user_name, a.password_hash, a.phone_number, a.phone_number_confirmed, a.photo_url, a.role, a.security_stamp, a.status, a.two_factor_enabled, a.user_name
FROM "AspNetUsers" AS a
WHERE a.id = @p
LIMIT 1
2026-08-14 13:35:58.075 +03:00 [INF] Executed DbCommand (0ms) [Parameters=[], CommandType='"Text"', CommandTimeout='30']
SELECT count(*)::int
FROM tasks AS t
WHERE NOT (t.is_deleted)
2026-08-14 13:35:58.077 +03:00 [INF] Executed DbCommand (2ms) [Parameters=[@nowUtc='?' (DbType = DateTime), @p1='?' (DbType = Int32), @p='?' (DbType = Int32)], CommandType='"Text"', CommandTimeout='30']
SELECT t0.id, t0.title, t0.priority, t0.status, t0.due_at_utc, t0.scope, d.code, (
    SELECT count(*)::int
    FROM task_assignees AS t1
    INNER JOIN (
        SELECT t2.id, t2.is_deleted
        FROM tasks AS t2
        WHERE NOT (t2.is_deleted)
    ) AS t3 ON t1.task_item_id = t3.id
    WHERE NOT (t3.is_deleted) AND t0.id = t1.task_item_id), (
    SELECT count(*)::int
    FROM task_comments AS t4
    INNER JOIN (
        SELECT t5.id, t5.is_deleted
        FROM tasks AS t5
        WHERE NOT (t5.is_deleted)
    ) AS t6 ON t4.task_item_id = t6.id
    WHERE NOT (t6.is_deleted) AND t0.id = t4.task_item_id), (
    SELECT count(*)::int
    FROM task_documents AS t7
    INNER JOIN (
        SELECT t8.id, t8.is_deleted
        FROM tasks AS t8
        WHERE NOT (t8.is_deleted)
    ) AS t9 ON t7.task_item_id = t9.id
    WHERE NOT (t9.is_deleted) AND t0.id = t7.task_item_id), t0.due_at_utc IS NOT NULL AND t0.due_at_utc < @nowUtc AND t0.status <> 'Completed' AND t0.status <> 'Cancelled'
FROM (
    SELECT t.id, t.department_id, t.due_at_utc, t.priority, t.scope, t.status, t.title
    FROM tasks AS t
    WHERE NOT (t.is_deleted)
    ORDER BY t.due_at_utc
    LIMIT @p1 OFFSET @p
) AS t0
LEFT JOIN departments AS d ON t0.department_id = d.id
ORDER BY t0.due_at_utc
2026-08-14 13:35:58.078 +03:00 [INF] Handled GetTasksQuery for user "e71006a3-891c-4459-aa20-bf6c6d8cab84" in 3 ms
2026-08-14 13:35:58.078 +03:00 [INF] HTTP GET /api/v1/tasks responded 200 in 4.9535 ms
2026-08-14 13:37:55.673 +03:00 [INF] Executed DbCommand (1ms) [Parameters=[@p='?' (DbType = Guid)], CommandType='"Text"', CommandTimeout='30']
SELECT a.id, a.access_failed_count, a.concurrency_stamp, a.department_id, a.email, a.email_confirmed, a.full_name, a.joined_on, a.lockout_enabled, a.lockout_end, a.must_change_password, a.normalized_email, a.normalized_user_name, a.password_hash, a.phone_number, a.phone_number_confirmed, a.photo_url, a.role, a.security_stamp, a.status, a.two_factor_enabled, a.user_name
FROM "AspNetUsers" AS a
WHERE a.id = @p
LIMIT 1
2026-08-14 13:37:55.675 +03:00 [INF] Executed DbCommand (0ms) [Parameters=[], CommandType='"Text"', CommandTimeout='30']
SELECT count(*)::int
FROM tasks AS t
WHERE NOT (t.is_deleted)
2026-08-14 13:37:55.676 +03:00 [INF] Executed DbCommand (1ms) [Parameters=[@nowUtc='?' (DbType = DateTime), @p1='?' (DbType = Int32), @p='?' (DbType = Int32)], CommandType='"Text"', CommandTimeout='30']
SELECT t0.id, t0.title, t0.priority, t0.status, t0.due_at_utc, t0.scope, d.code, (
    SELECT count(*)::int
    FROM task_assignees AS t1
    INNER JOIN (
        SELECT t2.id, t2.is_deleted
        FROM tasks AS t2
        WHERE NOT (t2.is_deleted)
    ) AS t3 ON t1.task_item_id = t3.id
    WHERE NOT (t3.is_deleted) AND t0.id = t1.task_item_id), (
    SELECT count(*)::int
    FROM task_comments AS t4
    INNER JOIN (
        SELECT t5.id, t5.is_deleted
        FROM tasks AS t5
        WHERE NOT (t5.is_deleted)
    ) AS t6 ON t4.task_item_id = t6.id
    WHERE NOT (t6.is_deleted) AND t0.id = t4.task_item_id), (
    SELECT count(*)::int
    FROM task_documents AS t7
    INNER JOIN (
        SELECT t8.id, t8.is_deleted
        FROM tasks AS t8
        WHERE NOT (t8.is_deleted)
    ) AS t9 ON t7.task_item_id = t9.id
    WHERE NOT (t9.is_deleted) AND t0.id = t7.task_item_id), t0.due_at_utc IS NOT NULL AND t0.due_at_utc < @nowUtc AND t0.status <> 'Completed' AND t0.status <> 'Cancelled'
FROM (
    SELECT t.id, t.department_id, t.due_at_utc, t.priority, t.scope, t.status, t.title
    FROM tasks AS t
    WHERE NOT (t.is_deleted)
    ORDER BY t.due_at_utc
    LIMIT @p1 OFFSET @p
) AS t0
LEFT JOIN departments AS d ON t0.department_id = d.id
ORDER BY t0.due_at_utc
2026-08-14 13:37:55.676 +03:00 [INF] Handled GetTasksQuery for user "e71006a3-891c-4459-aa20-bf6c6d8cab84" in 2 ms
2026-08-14 13:37:55.676 +03:00 [INF] HTTP GET /api/v1/tasks responded 200 in 4.6859 ms
2026-08-14 13:38:14.234 +03:00 [INF] Executed DbCommand (1ms) [Parameters=[@p='?' (DbType = Guid)], CommandType='"Text"', CommandTimeout='30']
SELECT a.id, a.access_failed_count, a.concurrency_stamp, a.department_id, a.email, a.email_confirmed, a.full_name, a.joined_on, a.lockout_enabled, a.lockout_end, a.must_change_password, a.normalized_email, a.normalized_user_name, a.password_hash, a.phone_number, a.phone_number_confirmed, a.photo_url, a.role, a.security_stamp, a.status, a.two_factor_enabled, a.user_name
FROM "AspNetUsers" AS a
WHERE a.id = @p
LIMIT 1
2026-08-14 13:38:14.236 +03:00 [INF] Executed DbCommand (1ms) [Parameters=[@nowUtc='?' (DbType = DateTime)], CommandType='"Text"', CommandTimeout='30']
SELECT t.id, t.title, t.priority, t.status, t.due_at_utc, t.scope, d.code, (
    SELECT count(*)::int
    FROM task_assignees AS t0
    INNER JOIN (
        SELECT t1.id, t1.is_deleted
        FROM tasks AS t1
        WHERE NOT (t1.is_deleted)
    ) AS t2 ON t0.task_item_id = t2.id
    WHERE NOT (t2.is_deleted) AND t.id = t0.task_item_id), (
    SELECT count(*)::int
    FROM task_comments AS t3
    INNER JOIN (
        SELECT t4.id, t4.is_deleted
        FROM tasks AS t4
        WHERE NOT (t4.is_deleted)
    ) AS t5 ON t3.task_item_id = t5.id
    WHERE NOT (t5.is_deleted) AND t.id = t3.task_item_id), (
    SELECT count(*)::int
    FROM task_documents AS t6
    INNER JOIN (
        SELECT t7.id, t7.is_deleted
        FROM tasks AS t7
        WHERE NOT (t7.is_deleted)
    ) AS t8 ON t6.task_item_id = t8.id
    WHERE NOT (t8.is_deleted) AND t.id = t6.task_item_id), t.due_at_utc IS NOT NULL AND t.due_at_utc < @nowUtc AND t.status <> 'Completed' AND t.status <> 'Cancelled'
FROM tasks AS t
LEFT JOIN departments AS d ON t.department_id = d.id
WHERE NOT (t.is_deleted) AND t.status <> 'Cancelled'
ORDER BY t.due_at_utc
2026-08-14 13:38:14.236 +03:00 [INF] Handled GetTaskBoardQuery for user "e71006a3-891c-4459-aa20-bf6c6d8cab84" in 1 ms
2026-08-14 13:38:14.236 +03:00 [INF] HTTP GET /api/v1/tasks/board responded 200 in 3.3033 ms
2026-08-14 13:38:31.667 +03:00 [INF] Executed DbCommand (1ms) [Parameters=[@p='?' (DbType = Guid)], CommandType='"Text"', CommandTimeout='30']
SELECT a.id, a.access_failed_count, a.concurrency_stamp, a.department_id, a.email, a.email_confirmed, a.full_name, a.joined_on, a.lockout_enabled, a.lockout_end, a.must_change_password, a.normalized_email, a.normalized_user_name, a.password_hash, a.phone_number, a.phone_number_confirmed, a.photo_url, a.role, a.security_stamp, a.status, a.two_factor_enabled, a.user_name
FROM "AspNetUsers" AS a
WHERE a.id = @p
LIMIT 1
2026-08-14 13:38:31.669 +03:00 [INF] Executed DbCommand (0ms) [Parameters=[], CommandType='"Text"', CommandTimeout='30']
SELECT count(*)::int
FROM tasks AS t
WHERE NOT (t.is_deleted)
2026-08-14 13:38:31.670 +03:00 [INF] Executed DbCommand (1ms) [Parameters=[@nowUtc='?' (DbType = DateTime), @p1='?' (DbType = Int32), @p='?' (DbType = Int32)], CommandType='"Text"', CommandTimeout='30']
SELECT t0.id, t0.title, t0.priority, t0.status, t0.due_at_utc, t0.scope, d.code, (
    SELECT count(*)::int
    FROM task_assignees AS t1
    INNER JOIN (
        SELECT t2.id, t2.is_deleted
        FROM tasks AS t2
        WHERE NOT (t2.is_deleted)
    ) AS t3 ON t1.task_item_id = t3.id
    WHERE NOT (t3.is_deleted) AND t0.id = t1.task_item_id), (
    SELECT count(*)::int
    FROM task_comments AS t4
    INNER JOIN (
        SELECT t5.id, t5.is_deleted
        FROM tasks AS t5
        WHERE NOT (t5.is_deleted)
    ) AS t6 ON t4.task_item_id = t6.id
    WHERE NOT (t6.is_deleted) AND t0.id = t4.task_item_id), (
    SELECT count(*)::int
    FROM task_documents AS t7
    INNER JOIN (
        SELECT t8.id, t8.is_deleted
        FROM tasks AS t8
        WHERE NOT (t8.is_deleted)
    ) AS t9 ON t7.task_item_id = t9.id
    WHERE NOT (t9.is_deleted) AND t0.id = t7.task_item_id), t0.due_at_utc IS NOT NULL AND t0.due_at_utc < @nowUtc AND t0.status <> 'Completed' AND t0.status <> 'Cancelled'
FROM (
    SELECT t.id, t.department_id, t.due_at_utc, t.priority, t.scope, t.status, t.title
    FROM tasks AS t
    WHERE NOT (t.is_deleted)
    ORDER BY t.due_at_utc
    LIMIT @p1 OFFSET @p
) AS t0
LEFT JOIN departments AS d ON t0.department_id = d.id
ORDER BY t0.due_at_utc
2026-08-14 13:38:31.671 +03:00 [INF] Handled GetTasksQuery for user "e71006a3-891c-4459-aa20-bf6c6d8cab84" in 2 ms
2026-08-14 13:38:31.671 +03:00 [INF] HTTP GET /api/v1/tasks responded 200 in 5.1591 ms
2026-08-14 13:39:05.680 +03:00 [INF] Executed DbCommand (3ms) [Parameters=[@p='?' (DbType = Guid)], CommandType='"Text"', CommandTimeout='30']
SELECT a.id, a.access_failed_count, a.concurrency_stamp, a.department_id, a.email, a.email_confirmed, a.full_name, a.joined_on, a.lockout_enabled, a.lockout_end, a.must_change_password, a.normalized_email, a.normalized_user_name, a.password_hash, a.phone_number, a.phone_number_confirmed, a.photo_url, a.role, a.security_stamp, a.status, a.two_factor_enabled, a.user_name
FROM "AspNetUsers" AS a
WHERE a.id = @p
LIMIT 1
2026-08-14 13:39:05.686 +03:00 [INF] Executed DbCommand (6ms) [Parameters=[@userId='?' (DbType = Guid)], CommandType='"Text"', CommandTimeout='30']
SELECT a.id AS "Id", a.full_name AS "FullName", a.email AS "Email", a.phone_number AS "PhoneNumber", a.photo_url AS "PhotoUrl", a.role AS "Role", a.department_id AS "DepartmentId", d.code AS "DepartmentCode", d.name AS "DepartmentName", a.joined_on AS "JoinedOn", a.status AS "Status"
FROM "AspNetUsers" AS a
LEFT JOIN departments AS d ON a.department_id = d.id
WHERE a.id = @userId
LIMIT 1
2026-08-14 13:39:05.687 +03:00 [INF] Handled GetMeQuery for user "e71006a3-891c-4459-aa20-bf6c6d8cab84" in 6 ms
2026-08-14 13:39:05.687 +03:00 [INF] HTTP GET /api/v1/auth/me responded 200 in 18.5334 ms
2026-08-14 13:39:05.689 +03:00 [INF] Executed DbCommand (1ms) [Parameters=[@p='?' (DbType = Guid)], CommandType='"Text"', CommandTimeout='30']
SELECT a.id, a.access_failed_count, a.concurrency_stamp, a.department_id, a.email, a.email_confirmed, a.full_name, a.joined_on, a.lockout_enabled, a.lockout_end, a.must_change_password, a.normalized_email, a.normalized_user_name, a.password_hash, a.phone_number, a.phone_number_confirmed, a.photo_url, a.role, a.security_stamp, a.status, a.two_factor_enabled, a.user_name
FROM "AspNetUsers" AS a
WHERE a.id = @p
LIMIT 1
2026-08-14 13:39:05.690 +03:00 [INF] Executed DbCommand (0ms) [Parameters=[@userId='?' (DbType = Guid)], CommandType='"Text"', CommandTimeout='30']
SELECT a.id AS "Id", a.full_name AS "FullName", a.email AS "Email", a.phone_number AS "PhoneNumber", a.photo_url AS "PhotoUrl", a.role AS "Role", a.department_id AS "DepartmentId", d.code AS "DepartmentCode", d.name AS "DepartmentName", a.joined_on AS "JoinedOn", a.status AS "Status"
FROM "AspNetUsers" AS a
LEFT JOIN departments AS d ON a.department_id = d.id
WHERE a.id = @userId
LIMIT 1
2026-08-14 13:39:05.690 +03:00 [INF] Handled GetMeQuery for user "e71006a3-891c-4459-aa20-bf6c6d8cab84" in 0 ms
2026-08-14 13:39:05.690 +03:00 [INF] HTTP GET /api/v1/auth/me responded 200 in 1.7409 ms
2026-08-14 13:39:05.704 +03:00 [INF] Executed DbCommand (1ms) [Parameters=[@p='?' (DbType = Guid)], CommandType='"Text"', CommandTimeout='30']
SELECT a.id, a.access_failed_count, a.concurrency_stamp, a.department_id, a.email, a.email_confirmed, a.full_name, a.joined_on, a.lockout_enabled, a.lockout_end, a.must_change_password, a.normalized_email, a.normalized_user_name, a.password_hash, a.phone_number, a.phone_number_confirmed, a.photo_url, a.role, a.security_stamp, a.status, a.two_factor_enabled, a.user_name
FROM "AspNetUsers" AS a
WHERE a.id = @p
LIMIT 1
2026-08-14 13:39:05.706 +03:00 [INF] Executed DbCommand (2ms) [Parameters=[], CommandType='"Text"', CommandTimeout='30']
SELECT count(*)::int
FROM tasks AS t
WHERE NOT (t.is_deleted)
2026-08-14 13:39:05.712 +03:00 [INF] Executed DbCommand (5ms) [Parameters=[@nowUtc='?' (DbType = DateTime), @p1='?' (DbType = Int32), @p='?' (DbType = Int32)], CommandType='"Text"', CommandTimeout='30']
SELECT t0.id, t0.title, t0.priority, t0.status, t0.due_at_utc, t0.scope, d.code, (
    SELECT count(*)::int
    FROM task_assignees AS t1
    INNER JOIN (
        SELECT t2.id, t2.is_deleted
        FROM tasks AS t2
        WHERE NOT (t2.is_deleted)
    ) AS t3 ON t1.task_item_id = t3.id
    WHERE NOT (t3.is_deleted) AND t0.id = t1.task_item_id), (
    SELECT count(*)::int
    FROM task_comments AS t4
    INNER JOIN (
        SELECT t5.id, t5.is_deleted
        FROM tasks AS t5
        WHERE NOT (t5.is_deleted)
    ) AS t6 ON t4.task_item_id = t6.id
    WHERE NOT (t6.is_deleted) AND t0.id = t4.task_item_id), (
    SELECT count(*)::int
    FROM task_documents AS t7
    INNER JOIN (
        SELECT t8.id, t8.is_deleted
        FROM tasks AS t8
        WHERE NOT (t8.is_deleted)
    ) AS t9 ON t7.task_item_id = t9.id
    WHERE NOT (t9.is_deleted) AND t0.id = t7.task_item_id), t0.due_at_utc IS NOT NULL AND t0.due_at_utc < @nowUtc AND t0.status <> 'Completed' AND t0.status <> 'Cancelled'
FROM (
    SELECT t.id, t.department_id, t.due_at_utc, t.priority, t.scope, t.status, t.title
    FROM tasks AS t
    WHERE NOT (t.is_deleted)
    ORDER BY t.due_at_utc
    LIMIT @p1 OFFSET @p
) AS t0
LEFT JOIN departments AS d ON t0.department_id = d.id
ORDER BY t0.due_at_utc
2026-08-14 13:39:05.712 +03:00 [INF] Handled GetTasksQuery for user "e71006a3-891c-4459-aa20-bf6c6d8cab84" in 7 ms
2026-08-14 13:39:05.712 +03:00 [INF] HTTP GET /api/v1/tasks responded 200 in 8.9525 ms
2026-08-14 13:39:41.667 +03:00 [INF] Executed DbCommand (1ms) [Parameters=[@p='?' (DbType = Guid)], CommandType='"Text"', CommandTimeout='30']
SELECT a.id, a.access_failed_count, a.concurrency_stamp, a.department_id, a.email, a.email_confirmed, a.full_name, a.joined_on, a.lockout_enabled, a.lockout_end, a.must_change_password, a.normalized_email, a.normalized_user_name, a.password_hash, a.phone_number, a.phone_number_confirmed, a.photo_url, a.role, a.security_stamp, a.status, a.two_factor_enabled, a.user_name
FROM "AspNetUsers" AS a
WHERE a.id = @p
LIMIT 1
2026-08-14 13:39:41.669 +03:00 [INF] Executed DbCommand (0ms) [Parameters=[], CommandType='"Text"', CommandTimeout='30']
SELECT count(*)::int
FROM tasks AS t
WHERE NOT (t.is_deleted)
2026-08-14 13:39:41.670 +03:00 [INF] Executed DbCommand (1ms) [Parameters=[@nowUtc='?' (DbType = DateTime), @p1='?' (DbType = Int32), @p='?' (DbType = Int32)], CommandType='"Text"', CommandTimeout='30']
SELECT t0.id, t0.title, t0.priority, t0.status, t0.due_at_utc, t0.scope, d.code, (
    SELECT count(*)::int
    FROM task_assignees AS t1
    INNER JOIN (
        SELECT t2.id, t2.is_deleted
        FROM tasks AS t2
        WHERE NOT (t2.is_deleted)
    ) AS t3 ON t1.task_item_id = t3.id
    WHERE NOT (t3.is_deleted) AND t0.id = t1.task_item_id), (
    SELECT count(*)::int
    FROM task_comments AS t4
    INNER JOIN (
        SELECT t5.id, t5.is_deleted
        FROM tasks AS t5
        WHERE NOT (t5.is_deleted)
    ) AS t6 ON t4.task_item_id = t6.id
    WHERE NOT (t6.is_deleted) AND t0.id = t4.task_item_id), (
    SELECT count(*)::int
    FROM task_documents AS t7
    INNER JOIN (
        SELECT t8.id, t8.is_deleted
        FROM tasks AS t8
        WHERE NOT (t8.is_deleted)
    ) AS t9 ON t7.task_item_id = t9.id
    WHERE NOT (t9.is_deleted) AND t0.id = t7.task_item_id), t0.due_at_utc IS NOT NULL AND t0.due_at_utc < @nowUtc AND t0.status <> 'Completed' AND t0.status <> 'Cancelled'
FROM (
    SELECT t.id, t.department_id, t.due_at_utc, t.priority, t.scope, t.status, t.title
    FROM tasks AS t
    WHERE NOT (t.is_deleted)
    ORDER BY t.due_at_utc
    LIMIT @p1 OFFSET @p
) AS t0
LEFT JOIN departments AS d ON t0.department_id = d.id
ORDER BY t0.due_at_utc
2026-08-14 13:39:41.670 +03:00 [INF] Handled GetTasksQuery for user "e71006a3-891c-4459-aa20-bf6c6d8cab84" in 2 ms
2026-08-14 13:39:41.671 +03:00 [INF] HTTP GET /api/v1/tasks responded 200 in 5.8024 ms
2026-08-14 13:40:37.471 +03:00 [INF] Executed DbCommand (1ms) [Parameters=[@normalizedEmail='?'], CommandType='"Text"', CommandTimeout='30']
SELECT a.id, a.access_failed_count, a.concurrency_stamp, a.department_id, a.email, a.email_confirmed, a.full_name, a.joined_on, a.lockout_enabled, a.lockout_end, a.must_change_password, a.normalized_email, a.normalized_user_name, a.password_hash, a.phone_number, a.phone_number_confirmed, a.photo_url, a.role, a.security_stamp, a.status, a.two_factor_enabled, a.user_name
FROM "AspNetUsers" AS a
WHERE a.normalized_email = @normalizedEmail
LIMIT 2
2026-08-14 13:40:37.516 +03:00 [INF] Executed DbCommand (2ms) [Parameters=[@p0='?' (DbType = Guid), @p1='?' (DbType = DateTime), @p2='?' (DbType = DateTime), @p3='?' (DbType = Guid), @p4='?', @p5='?' (DbType = DateTime), @p6='?'], CommandType='"Text"', CommandTimeout='30']
INSERT INTO refresh_tokens (id, created_at_utc, expires_at_utc, member_id, replaced_by_token_hash, revoked_at_utc, token_hash)
VALUES (@p0, @p1, @p2, @p3, @p4, @p5, @p6);
2026-08-14 13:40:37.516 +03:00 [INF] Handled LoginCommand for user null in 47 ms
2026-08-14 13:40:37.516 +03:00 [INF] HTTP POST /api/v1/auth/login responded 200 in 47.6852 ms
2026-08-14 13:40:37.532 +03:00 [INF] Executed DbCommand (1ms) [Parameters=[@p='?' (DbType = Guid)], CommandType='"Text"', CommandTimeout='30']
SELECT a.id, a.access_failed_count, a.concurrency_stamp, a.department_id, a.email, a.email_confirmed, a.full_name, a.joined_on, a.lockout_enabled, a.lockout_end, a.must_change_password, a.normalized_email, a.normalized_user_name, a.password_hash, a.phone_number, a.phone_number_confirmed, a.photo_url, a.role, a.security_stamp, a.status, a.two_factor_enabled, a.user_name
FROM "AspNetUsers" AS a
WHERE a.id = @p
LIMIT 1
2026-08-14 13:40:37.532 +03:00 [INF] Executed DbCommand (0ms) [Parameters=[], CommandType='"Text"', CommandTimeout='30']
SELECT d.id, d.code, d.created_at_utc, d.created_by_id, d.description, d.name, d.updated_at_utc, d.updated_by_id
FROM departments AS d
ORDER BY d.code
2026-08-14 13:40:37.533 +03:00 [INF] Executed DbCommand (1ms) [Parameters=[], CommandType='"Text"', CommandTimeout='30']
SELECT a.id AS "Id", a.full_name AS "FullName", a.email AS "Email", a.phone_number AS "PhoneNumber", a.photo_url AS "PhotoUrl", a.role AS "Role", a.department_id AS "DepartmentId", d.code AS "DepartmentCode", d.name AS "DepartmentName", a.joined_on AS "JoinedOn", a.status AS "Status"
FROM "AspNetUsers" AS a
LEFT JOIN departments AS d ON a.department_id = d.id
WHERE a.status = 'Active' AND a.department_id IS NOT NULL
2026-08-14 13:40:37.534 +03:00 [INF] Handled GetDepartmentsQuery for user "e71006a3-891c-4459-aa20-bf6c6d8cab84" in 1 ms
2026-08-14 13:40:37.534 +03:00 [INF] HTTP GET /api/v1/departments responded 200 in 3.2613 ms
2026-08-14 13:40:37.563 +03:00 [INF] Executed DbCommand (1ms) [Parameters=[@p='?' (DbType = Guid)], CommandType='"Text"', CommandTimeout='30']
SELECT a.id, a.access_failed_count, a.concurrency_stamp, a.department_id, a.email, a.email_confirmed, a.full_name, a.joined_on, a.lockout_enabled, a.lockout_end, a.must_change_password, a.normalized_email, a.normalized_user_name, a.password_hash, a.phone_number, a.phone_number_confirmed, a.photo_url, a.role, a.security_stamp, a.status, a.two_factor_enabled, a.user_name
FROM "AspNetUsers" AS a
WHERE a.id = @p
LIMIT 1
2026-08-14 13:40:37.564 +03:00 [INF] Executed DbCommand (0ms) [Parameters=[@status='?'], CommandType='"Text"', CommandTimeout='30']
SELECT count(*)::int
FROM "AspNetUsers" AS a
WHERE a.status = @status
2026-08-14 13:40:37.565 +03:00 [INF] Executed DbCommand (1ms) [Parameters=[@status='?', @p2='?' (DbType = Int32), @p='?' (DbType = Int32)], CommandType='"Text"', CommandTimeout='30']
SELECT a0.id AS "Id", a0.full_name AS "FullName", a0.email AS "Email", a0.phone_number AS "PhoneNumber", a0.photo_url AS "PhotoUrl", a0.role AS "Role", a0.department_id AS "DepartmentId", d.code AS "DepartmentCode", d.name AS "DepartmentName", a0.joined_on AS "JoinedOn", a0.status AS "Status"
FROM (
    SELECT a.id, a.department_id, a.email, a.full_name, a.joined_on, a.phone_number, a.photo_url, a.role, a.status
    FROM "AspNetUsers" AS a
    WHERE a.status = @status
    ORDER BY a.full_name
    LIMIT @p2 OFFSET @p
) AS a0
LEFT JOIN departments AS d ON a0.department_id = d.id
ORDER BY a0.full_name
2026-08-14 13:40:37.565 +03:00 [INF] Handled GetMembersQuery for user "e71006a3-891c-4459-aa20-bf6c6d8cab84" in 1 ms
2026-08-14 13:40:37.565 +03:00 [INF] HTTP GET /api/v1/members responded 200 in 2.8563 ms
2026-08-14 13:40:37.656 +03:00 [INF] Executed DbCommand (1ms) [Parameters=[@p='?' (DbType = Guid)], CommandType='"Text"', CommandTimeout='30']
SELECT a.id, a.access_failed_count, a.concurrency_stamp, a.department_id, a.email, a.email_confirmed, a.full_name, a.joined_on, a.lockout_enabled, a.lockout_end, a.must_change_password, a.normalized_email, a.normalized_user_name, a.password_hash, a.phone_number, a.phone_number_confirmed, a.photo_url, a.role, a.security_stamp, a.status, a.two_factor_enabled, a.user_name
FROM "AspNetUsers" AS a
WHERE a.id = @p
LIMIT 1
2026-08-14 13:40:37.686 +03:00 [INF] Executed DbCommand (1ms) [Parameters=[@distinct='?' (DbType = Object)], CommandType='"Text"', CommandTimeout='30']
SELECT count(*)::int
FROM "AspNetUsers" AS a
WHERE a.id = ANY (@distinct) AND a.status = 'Active'
2026-08-14 13:40:37.717 +03:00 [INF] Executed DbCommand (6ms) [Parameters=[@p0='?' (DbType = Guid), @p1='?' (DbType = DateTime), @p2='?' (DbType = Guid), @p3='?' (DbType = Guid), @p4='?', @p5='?' (DbType = DateTime), @p6='?', @p7='?' (DbType = Guid), @p8='?', @p9='?' (DbType = DateTime), @p10='?' (DbType = DateTime), @p11='?' (DbType = DateTime), @p12='?', @p13='?', @p14='?' (DbType = DateTime), @p15='?' (DbType = Guid), @p16='?' (DbType = Guid), @p17='?' (DbType = Guid)], CommandType='"Text"', CommandTimeout='30']
INSERT INTO calendar_events (id, created_at_utc, created_by_id, department_id, description, end_utc, location, organizer_id, recurrence, reminder1h_sent_at_utc, reminder24h_sent_at_utc, start_utc, title, type, updated_at_utc, updated_by_id)
VALUES (@p0, @p1, @p2, @p3, @p4, @p5, @p6, @p7, @p8, @p9, @p10, @p11, @p12, @p13, @p14, @p15);
INSERT INTO event_participants (calendar_event_id, member_id)
VALUES (@p16, @p17);
2026-08-14 13:40:37.720 +03:00 [INF] Executed DbCommand (1ms) [Parameters=[@p0='?' (DbType = Guid), @p1='?', @p2='?' (DbType = DateTime), @p3='?' (DbType = Guid), @p4='?' (DbType = Boolean), @p5='?' (DbType = Object), @p6='?' (DbType = Guid), @p7='?', @p8='?', @p9='?' (DbType = DateTime), @p10='?' (DbType = Guid)], CommandType='"Text"', CommandTimeout='30']
INSERT INTO notifications (id, body, created_at_utc, created_by_id, is_read, payload, recipient_id, title, type, updated_at_utc, updated_by_id)
VALUES (@p0, @p1, @p2, @p3, @p4, @p5, @p6, @p7, @p8, @p9, @p10);
2026-08-14 13:40:37.720 +03:00 [INF] [DEV PUSH] "EventCreated" -> 1 member(s) | Ново събитие | Добавено е събитие: Общо събрание
2026-08-14 13:40:37.724 +03:00 [INF] Executed DbCommand (1ms) [Parameters=[@eventId='?' (DbType = Guid), @endUtc='?' (DbType = DateTime), @startUtc='?' (DbType = DateTime)], CommandType='"Text"', CommandTimeout='30']
SELECT c.id, c.title, c.start_utc, c.end_utc
FROM calendar_events AS c
WHERE c.id <> @eventId AND c.start_utc < @endUtc AND c.end_utc > @startUtc
ORDER BY c.start_utc
2026-08-14 13:40:37.736 +03:00 [INF] Executed DbCommand (2ms) [Parameters=[@eventId='?' (DbType = Guid)], CommandType='"Text"', CommandTimeout='30']
SELECT s.id, s.created_at_utc, s.created_by_id, s.department_id, s.description, s.end_utc, s.location, s.organizer_id, s.recurrence, s.reminder1h_sent_at_utc, s.reminder24h_sent_at_utc, s.start_utc, s.title, s.type, s.updated_at_utc, s.updated_by_id, s.id0, s.code, s.created_at_utc0, s.created_by_id0, s.description0, s.name, s.updated_at_utc0, s.updated_by_id0, e.calendar_event_id, e.member_id
FROM (
    SELECT c.id, c.created_at_utc, c.created_by_id, c.department_id, c.description, c.end_utc, c.location, c.organizer_id, c.recurrence, c.reminder1h_sent_at_utc, c.reminder24h_sent_at_utc, c.start_utc, c.title, c.type, c.updated_at_utc, c.updated_by_id, d.id AS id0, d.code, d.created_at_utc AS created_at_utc0, d.created_by_id AS created_by_id0, d.description AS description0, d.name, d.updated_at_utc AS updated_at_utc0, d.updated_by_id AS updated_by_id0
    FROM calendar_events AS c
    LEFT JOIN departments AS d ON c.department_id = d.id
    WHERE c.id = @eventId
    LIMIT 1
) AS s
LEFT JOIN event_participants AS e ON s.id = e.calendar_event_id
ORDER BY s.id, s.id0, e.calendar_event_id
2026-08-14 13:40:37.741 +03:00 [INF] Executed DbCommand (1ms) [Parameters=[@distinct='?' (DbType = Object)], CommandType='"Text"', CommandTimeout='30']
SELECT a.id AS "Id", a.full_name AS "FullName", a.email AS "Email", a.phone_number AS "PhoneNumber", a.photo_url AS "PhotoUrl", a.role AS "Role", a.department_id AS "DepartmentId", d.code AS "DepartmentCode", d.name AS "DepartmentName", a.joined_on AS "JoinedOn", a.status AS "Status"
FROM "AspNetUsers" AS a
LEFT JOIN departments AS d ON a.department_id = d.id
WHERE a.id = ANY (@distinct)
2026-08-14 13:40:37.741 +03:00 [INF] Handled CreateEventCommand for user "e71006a3-891c-4459-aa20-bf6c6d8cab84" in 54 ms
2026-08-14 13:40:37.744 +03:00 [INF] HTTP POST /api/v1/events responded 201 in 89.7615 ms
2026-08-14 13:40:37.812 +03:00 [INF] Executed DbCommand (1ms) [Parameters=[@p='?' (DbType = Guid)], CommandType='"Text"', CommandTimeout='30']
SELECT a.id, a.access_failed_count, a.concurrency_stamp, a.department_id, a.email, a.email_confirmed, a.full_name, a.joined_on, a.lockout_enabled, a.lockout_end, a.must_change_password, a.normalized_email, a.normalized_user_name, a.password_hash, a.phone_number, a.phone_number_confirmed, a.photo_url, a.role, a.security_stamp, a.status, a.two_factor_enabled, a.user_name
FROM "AspNetUsers" AS a
WHERE a.id = @p
LIMIT 1
2026-08-14 13:40:37.815 +03:00 [INF] Executed DbCommand (0ms) [Parameters=[@id='?' (DbType = Guid)], CommandType='"Text"', CommandTimeout='30']
SELECT EXISTS (
    SELECT 1
    FROM departments AS d
    WHERE d.id = @id)
2026-08-14 13:40:37.817 +03:00 [INF] Executed DbCommand (1ms) [Parameters=[@p0='?' (DbType = Guid), @p1='?' (DbType = DateTime), @p2='?' (DbType = Guid), @p3='?' (DbType = Guid), @p4='?', @p5='?' (DbType = DateTime), @p6='?', @p7='?' (DbType = Guid), @p8='?', @p9='?' (DbType = DateTime), @p10='?' (DbType = DateTime), @p11='?' (DbType = DateTime), @p12='?', @p13='?', @p14='?' (DbType = DateTime), @p15='?' (DbType = Guid)], CommandType='"Text"', CommandTimeout='30']
INSERT INTO calendar_events (id, created_at_utc, created_by_id, department_id, description, end_utc, location, organizer_id, recurrence, reminder1h_sent_at_utc, reminder24h_sent_at_utc, start_utc, title, type, updated_at_utc, updated_by_id)
VALUES (@p0, @p1, @p2, @p3, @p4, @p5, @p6, @p7, @p8, @p9, @p10, @p11, @p12, @p13, @p14, @p15);
2026-08-14 13:40:37.822 +03:00 [INF] Executed DbCommand (1ms) [Parameters=[], CommandType='"Text"', CommandTimeout='30']
SELECT a.id
FROM "AspNetUsers" AS a
WHERE a.status = 'Active'
2026-08-14 13:40:37.825 +03:00 [INF] Executed DbCommand (1ms) [Parameters=[@p0='?' (DbType = Guid), @p1='?', @p2='?' (DbType = DateTime), @p3='?' (DbType = Guid), @p4='?' (DbType = Boolean), @p5='?' (DbType = Object), @p6='?' (DbType = Guid), @p7='?', @p8='?', @p9='?' (DbType = DateTime), @p10='?' (DbType = Guid), @p11='?' (DbType = Guid), @p12='?', @p13='?' (DbType = DateTime), @p14='?' (DbType = Guid), @p15='?' (DbType = Boolean), @p16='?' (DbType = Object), @p17='?' (DbType = Guid), @p18='?', @p19='?', @p20='?' (DbType = DateTime), @p21='?' (DbType = Guid), @p22='?' (DbType = Guid), @p23='?', @p24='?' (DbType = DateTime), @p25='?' (DbType = Guid), @p26='?' (DbType = Boolean), @p27='?' (DbType = Object), @p28='?' (DbType = Guid), @p29='?', @p30='?', @p31='?' (DbType = DateTime), @p32='?' (DbType = Guid), @p33='?' (DbType = Guid), @p34='?', @p35='?' (DbType = DateTime), @p36='?' (DbType = Guid), @p37='?' (DbType = Boolean), @p38='?' (DbType = Object), @p39='?' (DbType = Guid), @p40='?', @p41='?', @p42='?' (DbType = DateTime), @p43='?' (DbType = Guid), @p44='?' (DbType = Guid), @p45='?', @p46='?' (DbType = DateTime), @p47='?' (DbType = Guid), @p48='?' (DbType = Boolean), @p49='?' (DbType = Object), @p50='?' (DbType = Guid), @p51='?', @p52='?', @p53='?' (DbType = DateTime), @p54='?' (DbType = Guid), @p55='?' (DbType = Guid), @p56='?', @p57='?' (DbType = DateTime), @p58='?' (DbType = Guid), @p59='?' (DbType = Boolean), @p60='?' (DbType = Object), @p61='?' (DbType = Guid), @p62='?', @p63='?', @p64='?' (DbType = DateTime), @p65='?' (DbType = Guid), @p66='?' (DbType = Guid), @p67='?', @p68='?' (DbType = DateTime), @p69='?' (DbType = Guid), @p70='?' (DbType = Boolean), @p71='?' (DbType = Object), @p72='?' (DbType = Guid), @p73='?', @p74='?', @p75='?' (DbType = DateTime), @p76='?' (DbType = Guid), @p77='?' (DbType = Guid), @p78='?', @p79='?' (DbType = DateTime), @p80='?' (DbType = Guid), @p81='?' (DbType = Boolean), @p82='?' (DbType = Object), @p83='?' (DbType = Guid), @p84='?', @p85='?', @p86='?' (DbType = DateTime), @p87='?' (DbType = Guid)], CommandType='"Text"', CommandTimeout='30']
INSERT INTO notifications (id, body, created_at_utc, created_by_id, is_read, payload, recipient_id, title, type, updated_at_utc, updated_by_id)
VALUES (@p0, @p1, @p2, @p3, @p4, @p5, @p6, @p7, @p8, @p9, @p10);
INSERT INTO notifications (id, body, created_at_utc, created_by_id, is_read, payload, recipient_id, title, type, updated_at_utc, updated_by_id)
VALUES (@p11, @p12, @p13, @p14, @p15, @p16, @p17, @p18, @p19, @p20, @p21);
INSERT INTO notifications (id, body, created_at_utc, created_by_id, is_read, payload, recipient_id, title, type, updated_at_utc, updated_by_id)
VALUES (@p22, @p23, @p24, @p25, @p26, @p27, @p28, @p29, @p30, @p31, @p32);
INSERT INTO notifications (id, body, created_at_utc, created_by_id, is_read, payload, recipient_id, title, type, updated_at_utc, updated_by_id)
VALUES (@p33, @p34, @p35, @p36, @p37, @p38, @p39, @p40, @p41, @p42, @p43);
INSERT INTO notifications (id, body, created_at_utc, created_by_id, is_read, payload, recipient_id, title, type, updated_at_utc, updated_by_id)
VALUES (@p44, @p45, @p46, @p47, @p48, @p49, @p50, @p51, @p52, @p53, @p54);
INSERT INTO notifications (id, body, created_at_utc, created_by_id, is_read, payload, recipient_id, title, type, updated_at_utc, updated_by_id)
VALUES (@p55, @p56, @p57, @p58, @p59, @p60, @p61, @p62, @p63, @p64, @p65);
INSERT INTO notifications (id, body, created_at_utc, created_by_id, is_read, payload, recipient_id, title, type, updated_at_utc, updated_by_id)
VALUES (@p66, @p67, @p68, @p69, @p70, @p71, @p72, @p73, @p74, @p75, @p76);
INSERT INTO notifications (id, body, created_at_utc, created_by_id, is_read, payload, recipient_id, title, type, updated_at_utc, updated_by_id)
VALUES (@p77, @p78, @p79, @p80, @p81, @p82, @p83, @p84, @p85, @p86, @p87);
2026-08-14 13:40:37.825 +03:00 [INF] [DEV PUSH] "EventCreated" -> 8 member(s) | Ново събитие | Добавено е събитие: Седмична среща на ПР
2026-08-14 13:40:37.826 +03:00 [INF] Executed DbCommand (0ms) [Parameters=[@eventId='?' (DbType = Guid), @endUtc='?' (DbType = DateTime), @startUtc='?' (DbType = DateTime)], CommandType='"Text"', CommandTimeout='30']
SELECT c.id, c.title, c.start_utc, c.end_utc
FROM calendar_events AS c
WHERE c.id <> @eventId AND c.start_utc < @endUtc AND c.end_utc > @startUtc
ORDER BY c.start_utc
2026-08-14 13:40:37.827 +03:00 [INF] Executed DbCommand (1ms) [Parameters=[@eventId='?' (DbType = Guid)], CommandType='"Text"', CommandTimeout='30']
SELECT s.id, s.created_at_utc, s.created_by_id, s.department_id, s.description, s.end_utc, s.location, s.organizer_id, s.recurrence, s.reminder1h_sent_at_utc, s.reminder24h_sent_at_utc, s.start_utc, s.title, s.type, s.updated_at_utc, s.updated_by_id, s.id0, s.code, s.created_at_utc0, s.created_by_id0, s.description0, s.name, s.updated_at_utc0, s.updated_by_id0, e.calendar_event_id, e.member_id
FROM (
    SELECT c.id, c.created_at_utc, c.created_by_id, c.department_id, c.description, c.end_utc, c.location, c.organizer_id, c.recurrence, c.reminder1h_sent_at_utc, c.reminder24h_sent_at_utc, c.start_utc, c.title, c.type, c.updated_at_utc, c.updated_by_id, d.id AS id0, d.code, d.created_at_utc AS created_at_utc0, d.created_by_id AS created_by_id0, d.description AS description0, d.name, d.updated_at_utc AS updated_at_utc0, d.updated_by_id AS updated_by_id0
    FROM calendar_events AS c
    LEFT JOIN departments AS d ON c.department_id = d.id
    WHERE c.id = @eventId
    LIMIT 1
) AS s
LEFT JOIN event_participants AS e ON s.id = e.calendar_event_id
ORDER BY s.id, s.id0, e.calendar_event_id
2026-08-14 13:40:37.828 +03:00 [INF] Executed DbCommand (1ms) [Parameters=[@distinct='?' (DbType = Object)], CommandType='"Text"', CommandTimeout='30']
SELECT a.id AS "Id", a.full_name AS "FullName", a.email AS "Email", a.phone_number AS "PhoneNumber", a.photo_url AS "PhotoUrl", a.role AS "Role", a.department_id AS "DepartmentId", d.code AS "DepartmentCode", d.name AS "DepartmentName", a.joined_on AS "JoinedOn", a.status AS "Status"
FROM "AspNetUsers" AS a
LEFT JOIN departments AS d ON a.department_id = d.id
WHERE a.id = ANY (@distinct)
2026-08-14 13:40:37.828 +03:00 [INF] Handled CreateEventCommand for user "e71006a3-891c-4459-aa20-bf6c6d8cab84" in 13 ms
2026-08-14 13:40:37.828 +03:00 [INF] HTTP POST /api/v1/events responded 201 in 16.8874 ms
2026-08-14 13:40:37.899 +03:00 [INF] Executed DbCommand (1ms) [Parameters=[@p='?' (DbType = Guid)], CommandType='"Text"', CommandTimeout='30']
SELECT a.id, a.access_failed_count, a.concurrency_stamp, a.department_id, a.email, a.email_confirmed, a.full_name, a.joined_on, a.lockout_enabled, a.lockout_end, a.must_change_password, a.normalized_email, a.normalized_user_name, a.password_hash, a.phone_number, a.phone_number_confirmed, a.photo_url, a.role, a.security_stamp, a.status, a.two_factor_enabled, a.user_name
FROM "AspNetUsers" AS a
WHERE a.id = @p
LIMIT 1
2026-08-14 13:40:37.902 +03:00 [INF] Executed DbCommand (1ms) [Parameters=[@p0='?' (DbType = Guid), @p1='?' (DbType = DateTime), @p2='?' (DbType = Guid), @p3='?' (DbType = Guid), @p4='?', @p5='?' (DbType = DateTime), @p6='?', @p7='?' (DbType = Guid), @p8='?', @p9='?' (DbType = DateTime), @p10='?' (DbType = DateTime), @p11='?' (DbType = DateTime), @p12='?', @p13='?', @p14='?' (DbType = DateTime), @p15='?' (DbType = Guid)], CommandType='"Text"', CommandTimeout='30']
INSERT INTO calendar_events (id, created_at_utc, created_by_id, department_id, description, end_utc, location, organizer_id, recurrence, reminder1h_sent_at_utc, reminder24h_sent_at_utc, start_utc, title, type, updated_at_utc, updated_by_id)
VALUES (@p0, @p1, @p2, @p3, @p4, @p5, @p6, @p7, @p8, @p9, @p10, @p11, @p12, @p13, @p14, @p15);
2026-08-14 13:40:37.903 +03:00 [INF] Executed DbCommand (1ms) [Parameters=[], CommandType='"Text"', CommandTimeout='30']
SELECT a.id
FROM "AspNetUsers" AS a
WHERE a.status = 'Active'
2026-08-14 13:40:37.905 +03:00 [INF] Executed DbCommand (2ms) [Parameters=[@p0='?' (DbType = Guid), @p1='?', @p2='?' (DbType = DateTime), @p3='?' (DbType = Guid), @p4='?' (DbType = Boolean), @p5='?' (DbType = Object), @p6='?' (DbType = Guid), @p7='?', @p8='?', @p9='?' (DbType = DateTime), @p10='?' (DbType = Guid), @p11='?' (DbType = Guid), @p12='?', @p13='?' (DbType = DateTime), @p14='?' (DbType = Guid), @p15='?' (DbType = Boolean), @p16='?' (DbType = Object), @p17='?' (DbType = Guid), @p18='?', @p19='?', @p20='?' (DbType = DateTime), @p21='?' (DbType = Guid), @p22='?' (DbType = Guid), @p23='?', @p24='?' (DbType = DateTime), @p25='?' (DbType = Guid), @p26='?' (DbType = Boolean), @p27='?' (DbType = Object), @p28='?' (DbType = Guid), @p29='?', @p30='?', @p31='?' (DbType = DateTime), @p32='?' (DbType = Guid), @p33='?' (DbType = Guid), @p34='?', @p35='?' (DbType = DateTime), @p36='?' (DbType = Guid), @p37='?' (DbType = Boolean), @p38='?' (DbType = Object), @p39='?' (DbType = Guid), @p40='?', @p41='?', @p42='?' (DbType = DateTime), @p43='?' (DbType = Guid), @p44='?' (DbType = Guid), @p45='?', @p46='?' (DbType = DateTime), @p47='?' (DbType = Guid), @p48='?' (DbType = Boolean), @p49='?' (DbType = Object), @p50='?' (DbType = Guid), @p51='?', @p52='?', @p53='?' (DbType = DateTime), @p54='?' (DbType = Guid), @p55='?' (DbType = Guid), @p56='?', @p57='?' (DbType = DateTime), @p58='?' (DbType = Guid), @p59='?' (DbType = Boolean), @p60='?' (DbType = Object), @p61='?' (DbType = Guid), @p62='?', @p63='?', @p64='?' (DbType = DateTime), @p65='?' (DbType = Guid), @p66='?' (DbType = Guid), @p67='?', @p68='?' (DbType = DateTime), @p69='?' (DbType = Guid), @p70='?' (DbType = Boolean), @p71='?' (DbType = Object), @p72='?' (DbType = Guid), @p73='?', @p74='?', @p75='?' (DbType = DateTime), @p76='?' (DbType = Guid), @p77='?' (DbType = Guid), @p78='?', @p79='?' (DbType = DateTime), @p80='?' (DbType = Guid), @p81='?' (DbType = Boolean), @p82='?' (DbType = Object), @p83='?' (DbType = Guid), @p84='?', @p85='?', @p86='?' (DbType = DateTime), @p87='?' (DbType = Guid)], CommandType='"Text"', CommandTimeout='30']
INSERT INTO notifications (id, body, created_at_utc, created_by_id, is_read, payload, recipient_id, title, type, updated_at_utc, updated_by_id)
VALUES (@p0, @p1, @p2, @p3, @p4, @p5, @p6, @p7, @p8, @p9, @p10);
INSERT INTO notifications (id, body, created_at_utc, created_by_id, is_read, payload, recipient_id, title, type, updated_at_utc, updated_by_id)
VALUES (@p11, @p12, @p13, @p14, @p15, @p16, @p17, @p18, @p19, @p20, @p21);
INSERT INTO notifications (id, body, created_at_utc, created_by_id, is_read, payload, recipient_id, title, type, updated_at_utc, updated_by_id)
VALUES (@p22, @p23, @p24, @p25, @p26, @p27, @p28, @p29, @p30, @p31, @p32);
INSERT INTO notifications (id, body, created_at_utc, created_by_id, is_read, payload, recipient_id, title, type, updated_at_utc, updated_by_id)
VALUES (@p33, @p34, @p35, @p36, @p37, @p38, @p39, @p40, @p41, @p42, @p43);
INSERT INTO notifications (id, body, created_at_utc, created_by_id, is_read, payload, recipient_id, title, type, updated_at_utc, updated_by_id)
VALUES (@p44, @p45, @p46, @p47, @p48, @p49, @p50, @p51, @p52, @p53, @p54);
INSERT INTO notifications (id, body, created_at_utc, created_by_id, is_read, payload, recipient_id, title, type, updated_at_utc, updated_by_id)
VALUES (@p55, @p56, @p57, @p58, @p59, @p60, @p61, @p62, @p63, @p64, @p65);
INSERT INTO notifications (id, body, created_at_utc, created_by_id, is_read, payload, recipient_id, title, type, updated_at_utc, updated_by_id)
VALUES (@p66, @p67, @p68, @p69, @p70, @p71, @p72, @p73, @p74, @p75, @p76);
INSERT INTO notifications (id, body, created_at_utc, created_by_id, is_read, payload, recipient_id, title, type, updated_at_utc, updated_by_id)
VALUES (@p77, @p78, @p79, @p80, @p81, @p82, @p83, @p84, @p85, @p86, @p87);
2026-08-14 13:40:37.905 +03:00 [INF] [DEV PUSH] "EventCreated" -> 8 member(s) | Ново събитие | Добавено е събитие: Спортен турнир
2026-08-14 13:40:37.906 +03:00 [INF] Executed DbCommand (0ms) [Parameters=[@eventId='?' (DbType = Guid), @endUtc='?' (DbType = DateTime), @startUtc='?' (DbType = DateTime)], CommandType='"Text"', CommandTimeout='30']
SELECT c.id, c.title, c.start_utc, c.end_utc
FROM calendar_events AS c
WHERE c.id <> @eventId AND c.start_utc < @endUtc AND c.end_utc > @startUtc
ORDER BY c.start_utc
2026-08-14 13:40:37.907 +03:00 [INF] Executed DbCommand (1ms) [Parameters=[@eventId='?' (DbType = Guid)], CommandType='"Text"', CommandTimeout='30']
SELECT s.id, s.created_at_utc, s.created_by_id, s.department_id, s.description, s.end_utc, s.location, s.organizer_id, s.recurrence, s.reminder1h_sent_at_utc, s.reminder24h_sent_at_utc, s.start_utc, s.title, s.type, s.updated_at_utc, s.updated_by_id, s.id0, s.code, s.created_at_utc0, s.created_by_id0, s.description0, s.name, s.updated_at_utc0, s.updated_by_id0, e.calendar_event_id, e.member_id
FROM (
    SELECT c.id, c.created_at_utc, c.created_by_id, c.department_id, c.description, c.end_utc, c.location, c.organizer_id, c.recurrence, c.reminder1h_sent_at_utc, c.reminder24h_sent_at_utc, c.start_utc, c.title, c.type, c.updated_at_utc, c.updated_by_id, d.id AS id0, d.code, d.created_at_utc AS created_at_utc0, d.created_by_id AS created_by_id0, d.description AS description0, d.name, d.updated_at_utc AS updated_at_utc0, d.updated_by_id AS updated_by_id0
    FROM calendar_events AS c
    LEFT JOIN departments AS d ON c.department_id = d.id
    WHERE c.id = @eventId
    LIMIT 1
) AS s
LEFT JOIN event_participants AS e ON s.id = e.calendar_event_id
ORDER BY s.id, s.id0, e.calendar_event_id
2026-08-14 13:40:37.908 +03:00 [INF] Executed DbCommand (0ms) [Parameters=[@distinct='?' (DbType = Object)], CommandType='"Text"', CommandTimeout='30']
SELECT a.id AS "Id", a.full_name AS "FullName", a.email AS "Email", a.phone_number AS "PhoneNumber", a.photo_url AS "PhotoUrl", a.role AS "Role", a.department_id AS "DepartmentId", d.code AS "DepartmentCode", d.name AS "DepartmentName", a.joined_on AS "JoinedOn", a.status AS "Status"
FROM "AspNetUsers" AS a
LEFT JOIN departments AS d ON a.department_id = d.id
WHERE a.id = ANY (@distinct)
2026-08-14 13:40:37.908 +03:00 [INF] Handled CreateEventCommand for user "e71006a3-891c-4459-aa20-bf6c6d8cab84" in 7 ms
2026-08-14 13:40:37.908 +03:00 [INF] HTTP POST /api/v1/events responded 201 in 10.7836 ms
2026-08-14 13:40:37.977 +03:00 [INF] Executed DbCommand (1ms) [Parameters=[@p='?' (DbType = Guid)], CommandType='"Text"', CommandTimeout='30']
SELECT a.id, a.access_failed_count, a.concurrency_stamp, a.department_id, a.email, a.email_confirmed, a.full_name, a.joined_on, a.lockout_enabled, a.lockout_end, a.must_change_password, a.normalized_email, a.normalized_user_name, a.password_hash, a.phone_number, a.phone_number_confirmed, a.photo_url, a.role, a.security_stamp, a.status, a.two_factor_enabled, a.user_name
FROM "AspNetUsers" AS a
WHERE a.id = @p
LIMIT 1
2026-08-14 13:40:37.979 +03:00 [INF] Executed DbCommand (1ms) [Parameters=[@p0='?' (DbType = Guid), @p1='?' (DbType = DateTime), @p2='?' (DbType = Guid), @p3='?' (DbType = Guid), @p4='?', @p5='?' (DbType = DateTime), @p6='?', @p7='?' (DbType = Guid), @p8='?', @p9='?' (DbType = DateTime), @p10='?' (DbType = DateTime), @p11='?' (DbType = DateTime), @p12='?', @p13='?', @p14='?' (DbType = DateTime), @p15='?' (DbType = Guid)], CommandType='"Text"', CommandTimeout='30']
INSERT INTO calendar_events (id, created_at_utc, created_by_id, department_id, description, end_utc, location, organizer_id, recurrence, reminder1h_sent_at_utc, reminder24h_sent_at_utc, start_utc, title, type, updated_at_utc, updated_by_id)
VALUES (@p0, @p1, @p2, @p3, @p4, @p5, @p6, @p7, @p8, @p9, @p10, @p11, @p12, @p13, @p14, @p15);
2026-08-14 13:40:37.980 +03:00 [INF] Executed DbCommand (0ms) [Parameters=[], CommandType='"Text"', CommandTimeout='30']
SELECT a.id
FROM "AspNetUsers" AS a
WHERE a.status = 'Active'
2026-08-14 13:40:37.981 +03:00 [INF] Executed DbCommand (1ms) [Parameters=[@p0='?' (DbType = Guid), @p1='?', @p2='?' (DbType = DateTime), @p3='?' (DbType = Guid), @p4='?' (DbType = Boolean), @p5='?' (DbType = Object), @p6='?' (DbType = Guid), @p7='?', @p8='?', @p9='?' (DbType = DateTime), @p10='?' (DbType = Guid), @p11='?' (DbType = Guid), @p12='?', @p13='?' (DbType = DateTime), @p14='?' (DbType = Guid), @p15='?' (DbType = Boolean), @p16='?' (DbType = Object), @p17='?' (DbType = Guid), @p18='?', @p19='?', @p20='?' (DbType = DateTime), @p21='?' (DbType = Guid), @p22='?' (DbType = Guid), @p23='?', @p24='?' (DbType = DateTime), @p25='?' (DbType = Guid), @p26='?' (DbType = Boolean), @p27='?' (DbType = Object), @p28='?' (DbType = Guid), @p29='?', @p30='?', @p31='?' (DbType = DateTime), @p32='?' (DbType = Guid), @p33='?' (DbType = Guid), @p34='?', @p35='?' (DbType = DateTime), @p36='?' (DbType = Guid), @p37='?' (DbType = Boolean), @p38='?' (DbType = Object), @p39='?' (DbType = Guid), @p40='?', @p41='?', @p42='?' (DbType = DateTime), @p43='?' (DbType = Guid), @p44='?' (DbType = Guid), @p45='?', @p46='?' (DbType = DateTime), @p47='?' (DbType = Guid), @p48='?' (DbType = Boolean), @p49='?' (DbType = Object), @p50='?' (DbType = Guid), @p51='?', @p52='?', @p53='?' (DbType = DateTime), @p54='?' (DbType = Guid), @p55='?' (DbType = Guid), @p56='?', @p57='?' (DbType = DateTime), @p58='?' (DbType = Guid), @p59='?' (DbType = Boolean), @p60='?' (DbType = Object), @p61='?' (DbType = Guid), @p62='?', @p63='?', @p64='?' (DbType = DateTime), @p65='?' (DbType = Guid), @p66='?' (DbType = Guid), @p67='?', @p68='?' (DbType = DateTime), @p69='?' (DbType = Guid), @p70='?' (DbType = Boolean), @p71='?' (DbType = Object), @p72='?' (DbType = Guid), @p73='?', @p74='?', @p75='?' (DbType = DateTime), @p76='?' (DbType = Guid), @p77='?' (DbType = Guid), @p78='?', @p79='?' (DbType = DateTime), @p80='?' (DbType = Guid), @p81='?' (DbType = Boolean), @p82='?' (DbType = Object), @p83='?' (DbType = Guid), @p84='?', @p85='?', @p86='?' (DbType = DateTime), @p87='?' (DbType = Guid)], CommandType='"Text"', CommandTimeout='30']
INSERT INTO notifications (id, body, created_at_utc, created_by_id, is_read, payload, recipient_id, title, type, updated_at_utc, updated_by_id)
VALUES (@p0, @p1, @p2, @p3, @p4, @p5, @p6, @p7, @p8, @p9, @p10);
INSERT INTO notifications (id, body, created_at_utc, created_by_id, is_read, payload, recipient_id, title, type, updated_at_utc, updated_by_id)
VALUES (@p11, @p12, @p13, @p14, @p15, @p16, @p17, @p18, @p19, @p20, @p21);
INSERT INTO notifications (id, body, created_at_utc, created_by_id, is_read, payload, recipient_id, title, type, updated_at_utc, updated_by_id)
VALUES (@p22, @p23, @p24, @p25, @p26, @p27, @p28, @p29, @p30, @p31, @p32);
INSERT INTO notifications (id, body, created_at_utc, created_by_id, is_read, payload, recipient_id, title, type, updated_at_utc, updated_by_id)
VALUES (@p33, @p34, @p35, @p36, @p37, @p38, @p39, @p40, @p41, @p42, @p43);
INSERT INTO notifications (id, body, created_at_utc, created_by_id, is_read, payload, recipient_id, title, type, updated_at_utc, updated_by_id)
VALUES (@p44, @p45, @p46, @p47, @p48, @p49, @p50, @p51, @p52, @p53, @p54);
INSERT INTO notifications (id, body, created_at_utc, created_by_id, is_read, payload, recipient_id, title, type, updated_at_utc, updated_by_id)
VALUES (@p55, @p56, @p57, @p58, @p59, @p60, @p61, @p62, @p63, @p64, @p65);
INSERT INTO notifications (id, body, created_at_utc, created_by_id, is_read, payload, recipient_id, title, type, updated_at_utc, updated_by_id)
VALUES (@p66, @p67, @p68, @p69, @p70, @p71, @p72, @p73, @p74, @p75, @p76);
INSERT INTO notifications (id, body, created_at_utc, created_by_id, is_read, payload, recipient_id, title, type, updated_at_utc, updated_by_id)
VALUES (@p77, @p78, @p79, @p80, @p81, @p82, @p83, @p84, @p85, @p86, @p87);
2026-08-14 13:40:37.981 +03:00 [INF] [DEV PUSH] "EventCreated" -> 8 member(s) | Ново събитие | Добавено е събитие: Ден на отворените врати
2026-08-14 13:40:37.982 +03:00 [INF] Executed DbCommand (0ms) [Parameters=[@eventId='?' (DbType = Guid), @endUtc='?' (DbType = DateTime), @startUtc='?' (DbType = DateTime)], CommandType='"Text"', CommandTimeout='30']
SELECT c.id, c.title, c.start_utc, c.end_utc
FROM calendar_events AS c
WHERE c.id <> @eventId AND c.start_utc < @endUtc AND c.end_utc > @startUtc
ORDER BY c.start_utc
2026-08-14 13:40:37.983 +03:00 [INF] Executed DbCommand (1ms) [Parameters=[@eventId='?' (DbType = Guid)], CommandType='"Text"', CommandTimeout='30']
SELECT s.id, s.created_at_utc, s.created_by_id, s.department_id, s.description, s.end_utc, s.location, s.organizer_id, s.recurrence, s.reminder1h_sent_at_utc, s.reminder24h_sent_at_utc, s.start_utc, s.title, s.type, s.updated_at_utc, s.updated_by_id, s.id0, s.code, s.created_at_utc0, s.created_by_id0, s.description0, s.name, s.updated_at_utc0, s.updated_by_id0, e.calendar_event_id, e.member_id
FROM (
    SELECT c.id, c.created_at_utc, c.created_by_id, c.department_id, c.description, c.end_utc, c.location, c.organizer_id, c.recurrence, c.reminder1h_sent_at_utc, c.reminder24h_sent_at_utc, c.start_utc, c.title, c.type, c.updated_at_utc, c.updated_by_id, d.id AS id0, d.code, d.created_at_utc AS created_at_utc0, d.created_by_id AS created_by_id0, d.description AS description0, d.name, d.updated_at_utc AS updated_at_utc0, d.updated_by_id AS updated_by_id0
    FROM calendar_events AS c
    LEFT JOIN departments AS d ON c.department_id = d.id
    WHERE c.id = @eventId
    LIMIT 1
) AS s
LEFT JOIN event_participants AS e ON s.id = e.calendar_event_id
ORDER BY s.id, s.id0, e.calendar_event_id
2026-08-14 13:40:37.984 +03:00 [INF] Executed DbCommand (0ms) [Parameters=[@distinct='?' (DbType = Object)], CommandType='"Text"', CommandTimeout='30']
SELECT a.id AS "Id", a.full_name AS "FullName", a.email AS "Email", a.phone_number AS "PhoneNumber", a.photo_url AS "PhotoUrl", a.role AS "Role", a.department_id AS "DepartmentId", d.code AS "DepartmentCode", d.name AS "DepartmentName", a.joined_on AS "JoinedOn", a.status AS "Status"
FROM "AspNetUsers" AS a
LEFT JOIN departments AS d ON a.department_id = d.id
WHERE a.id = ANY (@distinct)
2026-08-14 13:40:37.984 +03:00 [INF] Handled CreateEventCommand for user "e71006a3-891c-4459-aa20-bf6c6d8cab84" in 5 ms
2026-08-14 13:40:37.984 +03:00 [INF] HTTP POST /api/v1/events responded 201 in 7.6727 ms
2026-08-14 13:40:37.996 +03:00 [INF] Executed DbCommand (1ms) [Parameters=[@p='?' (DbType = Guid)], CommandType='"Text"', CommandTimeout='30']
SELECT a.id, a.access_failed_count, a.concurrency_stamp, a.department_id, a.email, a.email_confirmed, a.full_name, a.joined_on, a.lockout_enabled, a.lockout_end, a.must_change_password, a.normalized_email, a.normalized_user_name, a.password_hash, a.phone_number, a.phone_number_confirmed, a.photo_url, a.role, a.security_stamp, a.status, a.two_factor_enabled, a.user_name
FROM "AspNetUsers" AS a
WHERE a.id = @p
LIMIT 1
2026-08-14 13:40:38.009 +03:00 [INF] Executed DbCommand (1ms) [Parameters=[@windowTo='?' (DbType = DateTime), @windowFrom='?' (DbType = DateTime)], CommandType='"Text"', CommandTimeout='30']
SELECT c.id, c.created_at_utc, c.created_by_id, c.department_id, c.description, c.end_utc, c.location, c.organizer_id, c.recurrence, c.reminder1h_sent_at_utc, c.reminder24h_sent_at_utc, c.start_utc, c.title, c.type, c.updated_at_utc, c.updated_by_id, d.id, d.code, d.created_at_utc, d.created_by_id, d.description, d.name, d.updated_at_utc, d.updated_by_id
FROM calendar_events AS c
LEFT JOIN departments AS d ON c.department_id = d.id
WHERE (c.recurrence = 'None' AND c.start_utc < @windowTo AND c.end_utc > @windowFrom) OR (c.recurrence <> 'None' AND c.start_utc < @windowTo)
2026-08-14 13:40:38.010 +03:00 [INF] Executed DbCommand (0ms) [Parameters=[@distinct='?' (DbType = Object)], CommandType='"Text"', CommandTimeout='30']
SELECT a.id AS "Id", a.full_name AS "FullName", a.email AS "Email", a.phone_number AS "PhoneNumber", a.photo_url AS "PhotoUrl", a.role AS "Role", a.department_id AS "DepartmentId", d.code AS "DepartmentCode", d.name AS "DepartmentName", a.joined_on AS "JoinedOn", a.status AS "Status"
FROM "AspNetUsers" AS a
LEFT JOIN departments AS d ON a.department_id = d.id
WHERE a.id = ANY (@distinct)
2026-08-14 13:40:38.015 +03:00 [INF] Executed DbCommand (1ms) [Parameters=[@windowFrom='?' (DbType = DateTime), @windowTo='?' (DbType = DateTime)], CommandType='"Text"', CommandTimeout='30']
SELECT t.id AS "Id", t.title AS "Title", t.due_at_utc AS "DueAtUtc", d.code AS "Department"
FROM tasks AS t
LEFT JOIN departments AS d ON t.department_id = d.id
WHERE NOT (t.is_deleted) AND t.due_at_utc IS NOT NULL AND t.due_at_utc >= @windowFrom AND t.due_at_utc < @windowTo
2026-08-14 13:40:38.015 +03:00 [INF] Handled GetEventsQuery for user "e71006a3-891c-4459-aa20-bf6c6d8cab84" in 13 ms
2026-08-14 13:40:38.018 +03:00 [INF] HTTP GET /api/v1/events responded 200 in 22.8073 ms
2026-08-14 13:40:46.707 +03:00 [INF] Executed DbCommand (1ms) [Parameters=[@normalizedEmail='?'], CommandType='"Text"', CommandTimeout='30']
SELECT a.id, a.access_failed_count, a.concurrency_stamp, a.department_id, a.email, a.email_confirmed, a.full_name, a.joined_on, a.lockout_enabled, a.lockout_end, a.must_change_password, a.normalized_email, a.normalized_user_name, a.password_hash, a.phone_number, a.phone_number_confirmed, a.photo_url, a.role, a.security_stamp, a.status, a.two_factor_enabled, a.user_name
FROM "AspNetUsers" AS a
WHERE a.normalized_email = @normalizedEmail
LIMIT 2
2026-08-14 13:40:46.748 +03:00 [INF] Executed DbCommand (1ms) [Parameters=[@p0='?' (DbType = Guid), @p1='?' (DbType = DateTime), @p2='?' (DbType = DateTime), @p3='?' (DbType = Guid), @p4='?', @p5='?' (DbType = DateTime), @p6='?'], CommandType='"Text"', CommandTimeout='30']
INSERT INTO refresh_tokens (id, created_at_utc, expires_at_utc, member_id, replaced_by_token_hash, revoked_at_utc, token_hash)
VALUES (@p0, @p1, @p2, @p3, @p4, @p5, @p6);
2026-08-14 13:40:46.748 +03:00 [INF] Handled LoginCommand for user null in 42 ms
2026-08-14 13:40:46.748 +03:00 [INF] HTTP POST /api/v1/auth/login responded 200 in 42.8493 ms
2026-08-14 13:40:46.852 +03:00 [INF] Executed DbCommand (1ms) [Parameters=[@p='?' (DbType = Guid)], CommandType='"Text"', CommandTimeout='30']
SELECT a.id, a.access_failed_count, a.concurrency_stamp, a.department_id, a.email, a.email_confirmed, a.full_name, a.joined_on, a.lockout_enabled, a.lockout_end, a.must_change_password, a.normalized_email, a.normalized_user_name, a.password_hash, a.phone_number, a.phone_number_confirmed, a.photo_url, a.role, a.security_stamp, a.status, a.two_factor_enabled, a.user_name
FROM "AspNetUsers" AS a
WHERE a.id = @p
LIMIT 1
2026-08-14 13:40:46.853 +03:00 [INF] Executed DbCommand (0ms) [Parameters=[@userId='?' (DbType = Guid)], CommandType='"Text"', CommandTimeout='30']
SELECT a.id AS "Id", a.full_name AS "FullName", a.email AS "Email", a.phone_number AS "PhoneNumber", a.photo_url AS "PhotoUrl", a.role AS "Role", a.department_id AS "DepartmentId", d.code AS "DepartmentCode", d.name AS "DepartmentName", a.joined_on AS "JoinedOn", a.status AS "Status"
FROM "AspNetUsers" AS a
LEFT JOIN departments AS d ON a.department_id = d.id
WHERE a.id = @userId
LIMIT 1
2026-08-14 13:40:46.853 +03:00 [INF] Handled GetMeQuery for user "e71006a3-891c-4459-aa20-bf6c6d8cab84" in 0 ms
2026-08-14 13:40:46.853 +03:00 [INF] HTTP GET /api/v1/auth/me responded 200 in 2.2915 ms
2026-08-14 13:40:46.855 +03:00 [INF] Executed DbCommand (0ms) [Parameters=[@p='?' (DbType = Guid)], CommandType='"Text"', CommandTimeout='30']
SELECT a.id, a.access_failed_count, a.concurrency_stamp, a.department_id, a.email, a.email_confirmed, a.full_name, a.joined_on, a.lockout_enabled, a.lockout_end, a.must_change_password, a.normalized_email, a.normalized_user_name, a.password_hash, a.phone_number, a.phone_number_confirmed, a.photo_url, a.role, a.security_stamp, a.status, a.two_factor_enabled, a.user_name
FROM "AspNetUsers" AS a
WHERE a.id = @p
LIMIT 1
2026-08-14 13:40:46.856 +03:00 [INF] Executed DbCommand (0ms) [Parameters=[@userId='?' (DbType = Guid)], CommandType='"Text"', CommandTimeout='30']
SELECT a.id AS "Id", a.full_name AS "FullName", a.email AS "Email", a.phone_number AS "PhoneNumber", a.photo_url AS "PhotoUrl", a.role AS "Role", a.department_id AS "DepartmentId", d.code AS "DepartmentCode", d.name AS "DepartmentName", a.joined_on AS "JoinedOn", a.status AS "Status"
FROM "AspNetUsers" AS a
LEFT JOIN departments AS d ON a.department_id = d.id
WHERE a.id = @userId
LIMIT 1
2026-08-14 13:40:46.856 +03:00 [INF] Handled GetMeQuery for user "e71006a3-891c-4459-aa20-bf6c6d8cab84" in 0 ms
2026-08-14 13:40:46.857 +03:00 [INF] HTTP GET /api/v1/auth/me responded 200 in 1.6959 ms
2026-08-14 13:40:46.874 +03:00 [INF] Executed DbCommand (1ms) [Parameters=[@p='?' (DbType = Guid)], CommandType='"Text"', CommandTimeout='30']
SELECT a.id, a.access_failed_count, a.concurrency_stamp, a.department_id, a.email, a.email_confirmed, a.full_name, a.joined_on, a.lockout_enabled, a.lockout_end, a.must_change_password, a.normalized_email, a.normalized_user_name, a.password_hash, a.phone_number, a.phone_number_confirmed, a.photo_url, a.role, a.security_stamp, a.status, a.two_factor_enabled, a.user_name
FROM "AspNetUsers" AS a
WHERE a.id = @p
LIMIT 1
2026-08-14 13:40:46.879 +03:00 [INF] Executed DbCommand (1ms) [Parameters=[@windowTo='?' (DbType = DateTime), @windowFrom='?' (DbType = DateTime)], CommandType='"Text"', CommandTimeout='30']
SELECT c.id, c.created_at_utc, c.created_by_id, c.department_id, c.description, c.end_utc, c.location, c.organizer_id, c.recurrence, c.reminder1h_sent_at_utc, c.reminder24h_sent_at_utc, c.start_utc, c.title, c.type, c.updated_at_utc, c.updated_by_id, d.id, d.code, d.created_at_utc, d.created_by_id, d.description, d.name, d.updated_at_utc, d.updated_by_id
FROM calendar_events AS c
LEFT JOIN departments AS d ON c.department_id = d.id
WHERE (c.recurrence = 'None' AND c.start_utc < @windowTo AND c.end_utc > @windowFrom) OR (c.recurrence <> 'None' AND c.start_utc < @windowTo)
2026-08-14 13:40:46.880 +03:00 [INF] Executed DbCommand (1ms) [Parameters=[@distinct='?' (DbType = Object)], CommandType='"Text"', CommandTimeout='30']
SELECT a.id AS "Id", a.full_name AS "FullName", a.email AS "Email", a.phone_number AS "PhoneNumber", a.photo_url AS "PhotoUrl", a.role AS "Role", a.department_id AS "DepartmentId", d.code AS "DepartmentCode", d.name AS "DepartmentName", a.joined_on AS "JoinedOn", a.status AS "Status"
FROM "AspNetUsers" AS a
LEFT JOIN departments AS d ON a.department_id = d.id
WHERE a.id = ANY (@distinct)
2026-08-14 13:40:46.881 +03:00 [INF] Executed DbCommand (1ms) [Parameters=[@windowFrom='?' (DbType = DateTime), @windowTo='?' (DbType = DateTime)], CommandType='"Text"', CommandTimeout='30']
SELECT t.id AS "Id", t.title AS "Title", t.due_at_utc AS "DueAtUtc", d.code AS "Department"
FROM tasks AS t
LEFT JOIN departments AS d ON t.department_id = d.id
WHERE NOT (t.is_deleted) AND t.due_at_utc IS NOT NULL AND t.due_at_utc >= @windowFrom AND t.due_at_utc < @windowTo
2026-08-14 13:40:46.881 +03:00 [INF] Handled GetEventsQuery for user "e71006a3-891c-4459-aa20-bf6c6d8cab84" in 3 ms
2026-08-14 13:40:46.881 +03:00 [INF] HTTP GET /api/v1/events responded 200 in 8.6464 ms
2026-08-14 13:40:53.019 +03:00 [INF] Executed DbCommand (1ms) [Parameters=[@p='?' (DbType = Guid)], CommandType='"Text"', CommandTimeout='30']
SELECT a.id, a.access_failed_count, a.concurrency_stamp, a.department_id, a.email, a.email_confirmed, a.full_name, a.joined_on, a.lockout_enabled, a.lockout_end, a.must_change_password, a.normalized_email, a.normalized_user_name, a.password_hash, a.phone_number, a.phone_number_confirmed, a.photo_url, a.role, a.security_stamp, a.status, a.two_factor_enabled, a.user_name
FROM "AspNetUsers" AS a
WHERE a.id = @p
LIMIT 1
2026-08-14 13:40:53.021 +03:00 [INF] Executed DbCommand (1ms) [Parameters=[@windowTo='?' (DbType = DateTime), @windowFrom='?' (DbType = DateTime)], CommandType='"Text"', CommandTimeout='30']
SELECT c.id, c.created_at_utc, c.created_by_id, c.department_id, c.description, c.end_utc, c.location, c.organizer_id, c.recurrence, c.reminder1h_sent_at_utc, c.reminder24h_sent_at_utc, c.start_utc, c.title, c.type, c.updated_at_utc, c.updated_by_id, d.id, d.code, d.created_at_utc, d.created_by_id, d.description, d.name, d.updated_at_utc, d.updated_by_id
FROM calendar_events AS c
LEFT JOIN departments AS d ON c.department_id = d.id
WHERE (c.recurrence = 'None' AND c.start_utc < @windowTo AND c.end_utc > @windowFrom) OR (c.recurrence <> 'None' AND c.start_utc < @windowTo)
2026-08-14 13:40:53.022 +03:00 [INF] Executed DbCommand (1ms) [Parameters=[@distinct='?' (DbType = Object)], CommandType='"Text"', CommandTimeout='30']
SELECT a.id AS "Id", a.full_name AS "FullName", a.email AS "Email", a.phone_number AS "PhoneNumber", a.photo_url AS "PhotoUrl", a.role AS "Role", a.department_id AS "DepartmentId", d.code AS "DepartmentCode", d.name AS "DepartmentName", a.joined_on AS "JoinedOn", a.status AS "Status"
FROM "AspNetUsers" AS a
LEFT JOIN departments AS d ON a.department_id = d.id
WHERE a.id = ANY (@distinct)
2026-08-14 13:40:53.022 +03:00 [INF] Executed DbCommand (0ms) [Parameters=[@windowFrom='?' (DbType = DateTime), @windowTo='?' (DbType = DateTime)], CommandType='"Text"', CommandTimeout='30']
SELECT t.id AS "Id", t.title AS "Title", t.due_at_utc AS "DueAtUtc", d.code AS "Department"
FROM tasks AS t
LEFT JOIN departments AS d ON t.department_id = d.id
WHERE NOT (t.is_deleted) AND t.due_at_utc IS NOT NULL AND t.due_at_utc >= @windowFrom AND t.due_at_utc < @windowTo
2026-08-14 13:40:53.023 +03:00 [INF] Handled GetEventsQuery for user "e71006a3-891c-4459-aa20-bf6c6d8cab84" in 3 ms
2026-08-14 13:40:53.023 +03:00 [INF] HTTP GET /api/v1/events responded 200 in 5.6393 ms
2026-08-14 13:40:55.418 +03:00 [INF] Executed DbCommand (1ms) [Parameters=[@p='?' (DbType = Guid)], CommandType='"Text"', CommandTimeout='30']
SELECT a.id, a.access_failed_count, a.concurrency_stamp, a.department_id, a.email, a.email_confirmed, a.full_name, a.joined_on, a.lockout_enabled, a.lockout_end, a.must_change_password, a.normalized_email, a.normalized_user_name, a.password_hash, a.phone_number, a.phone_number_confirmed, a.photo_url, a.role, a.security_stamp, a.status, a.two_factor_enabled, a.user_name
FROM "AspNetUsers" AS a
WHERE a.id = @p
LIMIT 1
2026-08-14 13:40:55.419 +03:00 [INF] Executed DbCommand (1ms) [Parameters=[@windowTo='?' (DbType = DateTime), @windowFrom='?' (DbType = DateTime)], CommandType='"Text"', CommandTimeout='30']
SELECT c.id, c.created_at_utc, c.created_by_id, c.department_id, c.description, c.end_utc, c.location, c.organizer_id, c.recurrence, c.reminder1h_sent_at_utc, c.reminder24h_sent_at_utc, c.start_utc, c.title, c.type, c.updated_at_utc, c.updated_by_id, d.id, d.code, d.created_at_utc, d.created_by_id, d.description, d.name, d.updated_at_utc, d.updated_by_id
FROM calendar_events AS c
LEFT JOIN departments AS d ON c.department_id = d.id
WHERE (c.recurrence = 'None' AND c.start_utc < @windowTo AND c.end_utc > @windowFrom) OR (c.recurrence <> 'None' AND c.start_utc < @windowTo)
2026-08-14 13:40:55.420 +03:00 [INF] Executed DbCommand (0ms) [Parameters=[@windowFrom='?' (DbType = DateTime), @windowTo='?' (DbType = DateTime)], CommandType='"Text"', CommandTimeout='30']
SELECT t.id AS "Id", t.title AS "Title", t.due_at_utc AS "DueAtUtc", d.code AS "Department"
FROM tasks AS t
LEFT JOIN departments AS d ON t.department_id = d.id
WHERE NOT (t.is_deleted) AND t.due_at_utc IS NOT NULL AND t.due_at_utc >= @windowFrom AND t.due_at_utc < @windowTo
2026-08-14 13:40:55.420 +03:00 [INF] Handled GetEventsQuery for user "e71006a3-891c-4459-aa20-bf6c6d8cab84" in 1 ms
2026-08-14 13:40:55.420 +03:00 [INF] HTTP GET /api/v1/events responded 200 in 3.8087 ms
2026-08-14 13:40:56.533 +03:00 [INF] Executed DbCommand (1ms) [Parameters=[@p='?' (DbType = Guid)], CommandType='"Text"', CommandTimeout='30']
SELECT a.id, a.access_failed_count, a.concurrency_stamp, a.department_id, a.email, a.email_confirmed, a.full_name, a.joined_on, a.lockout_enabled, a.lockout_end, a.must_change_password, a.normalized_email, a.normalized_user_name, a.password_hash, a.phone_number, a.phone_number_confirmed, a.photo_url, a.role, a.security_stamp, a.status, a.two_factor_enabled, a.user_name
FROM "AspNetUsers" AS a
WHERE a.id = @p
LIMIT 1
2026-08-14 13:40:56.536 +03:00 [INF] Executed DbCommand (2ms) [Parameters=[@windowTo='?' (DbType = DateTime), @windowFrom='?' (DbType = DateTime)], CommandType='"Text"', CommandTimeout='30']
SELECT c.id, c.created_at_utc, c.created_by_id, c.department_id, c.description, c.end_utc, c.location, c.organizer_id, c.recurrence, c.reminder1h_sent_at_utc, c.reminder24h_sent_at_utc, c.start_utc, c.title, c.type, c.updated_at_utc, c.updated_by_id, d.id, d.code, d.created_at_utc, d.created_by_id, d.description, d.name, d.updated_at_utc, d.updated_by_id
FROM calendar_events AS c
LEFT JOIN departments AS d ON c.department_id = d.id
WHERE (c.recurrence = 'None' AND c.start_utc < @windowTo AND c.end_utc > @windowFrom) OR (c.recurrence <> 'None' AND c.start_utc < @windowTo)
2026-08-14 13:40:56.537 +03:00 [INF] Executed DbCommand (1ms) [Parameters=[@distinct='?' (DbType = Object)], CommandType='"Text"', CommandTimeout='30']
SELECT a.id AS "Id", a.full_name AS "FullName", a.email AS "Email", a.phone_number AS "PhoneNumber", a.photo_url AS "PhotoUrl", a.role AS "Role", a.department_id AS "DepartmentId", d.code AS "DepartmentCode", d.name AS "DepartmentName", a.joined_on AS "JoinedOn", a.status AS "Status"
FROM "AspNetUsers" AS a
LEFT JOIN departments AS d ON a.department_id = d.id
WHERE a.id = ANY (@distinct)
2026-08-14 13:40:56.537 +03:00 [INF] Executed DbCommand (0ms) [Parameters=[@windowFrom='?' (DbType = DateTime), @windowTo='?' (DbType = DateTime)], CommandType='"Text"', CommandTimeout='30']
SELECT t.id AS "Id", t.title AS "Title", t.due_at_utc AS "DueAtUtc", d.code AS "Department"
FROM tasks AS t
LEFT JOIN departments AS d ON t.department_id = d.id
WHERE NOT (t.is_deleted) AND t.due_at_utc IS NOT NULL AND t.due_at_utc >= @windowFrom AND t.due_at_utc < @windowTo
2026-08-14 13:40:56.537 +03:00 [INF] Handled GetEventsQuery for user "e71006a3-891c-4459-aa20-bf6c6d8cab84" in 3 ms
2026-08-14 13:40:56.537 +03:00 [INF] HTTP GET /api/v1/events responded 200 in 5.2096 ms
2026-08-14 13:41:29.308 +03:00 [INF] Executed DbCommand (4ms) [Parameters=[@p='?' (DbType = Guid)], CommandType='"Text"', CommandTimeout='30']
SELECT a.id, a.access_failed_count, a.concurrency_stamp, a.department_id, a.email, a.email_confirmed, a.full_name, a.joined_on, a.lockout_enabled, a.lockout_end, a.must_change_password, a.normalized_email, a.normalized_user_name, a.password_hash, a.phone_number, a.phone_number_confirmed, a.photo_url, a.role, a.security_stamp, a.status, a.two_factor_enabled, a.user_name
FROM "AspNetUsers" AS a
WHERE a.id = @p
LIMIT 1
2026-08-14 13:41:29.311 +03:00 [INF] Executed DbCommand (1ms) [Parameters=[@windowTo='?' (DbType = DateTime), @windowFrom='?' (DbType = DateTime)], CommandType='"Text"', CommandTimeout='30']
SELECT c.id, c.created_at_utc, c.created_by_id, c.department_id, c.description, c.end_utc, c.location, c.organizer_id, c.recurrence, c.reminder1h_sent_at_utc, c.reminder24h_sent_at_utc, c.start_utc, c.title, c.type, c.updated_at_utc, c.updated_by_id, d.id, d.code, d.created_at_utc, d.created_by_id, d.description, d.name, d.updated_at_utc, d.updated_by_id
FROM calendar_events AS c
LEFT JOIN departments AS d ON c.department_id = d.id
WHERE (c.recurrence = 'None' AND c.start_utc < @windowTo AND c.end_utc > @windowFrom) OR (c.recurrence <> 'None' AND c.start_utc < @windowTo)
2026-08-14 13:41:29.314 +03:00 [INF] Executed DbCommand (2ms) [Parameters=[@distinct='?' (DbType = Object)], CommandType='"Text"', CommandTimeout='30']
SELECT a.id AS "Id", a.full_name AS "FullName", a.email AS "Email", a.phone_number AS "PhoneNumber", a.photo_url AS "PhotoUrl", a.role AS "Role", a.department_id AS "DepartmentId", d.code AS "DepartmentCode", d.name AS "DepartmentName", a.joined_on AS "JoinedOn", a.status AS "Status"
FROM "AspNetUsers" AS a
LEFT JOIN departments AS d ON a.department_id = d.id
WHERE a.id = ANY (@distinct)
2026-08-14 13:41:29.316 +03:00 [INF] Executed DbCommand (1ms) [Parameters=[@windowFrom='?' (DbType = DateTime), @windowTo='?' (DbType = DateTime)], CommandType='"Text"', CommandTimeout='30']
SELECT t.id AS "Id", t.title AS "Title", t.due_at_utc AS "DueAtUtc", d.code AS "Department"
FROM tasks AS t
LEFT JOIN departments AS d ON t.department_id = d.id
WHERE NOT (t.is_deleted) AND t.due_at_utc IS NOT NULL AND t.due_at_utc >= @windowFrom AND t.due_at_utc < @windowTo
2026-08-14 13:41:29.316 +03:00 [INF] Handled GetEventsQuery for user "e71006a3-891c-4459-aa20-bf6c6d8cab84" in 7 ms
2026-08-14 13:41:29.316 +03:00 [INF] HTTP GET /api/v1/events responded 200 in 12.7544 ms
2026-08-14 13:41:29.334 +03:00 [INF] Executed DbCommand (1ms) [Parameters=[@p='?' (DbType = Guid)], CommandType='"Text"', CommandTimeout='30']
SELECT a.id, a.access_failed_count, a.concurrency_stamp, a.department_id, a.email, a.email_confirmed, a.full_name, a.joined_on, a.lockout_enabled, a.lockout_end, a.must_change_password, a.normalized_email, a.normalized_user_name, a.password_hash, a.phone_number, a.phone_number_confirmed, a.photo_url, a.role, a.security_stamp, a.status, a.two_factor_enabled, a.user_name
FROM "AspNetUsers" AS a
WHERE a.id = @p
LIMIT 1
2026-08-14 13:41:29.335 +03:00 [INF] Executed DbCommand (0ms) [Parameters=[], CommandType='"Text"', CommandTimeout='30']
SELECT d.id, d.code, d.created_at_utc, d.created_by_id, d.description, d.name, d.updated_at_utc, d.updated_by_id
FROM departments AS d
ORDER BY d.code
2026-08-14 13:41:29.336 +03:00 [INF] Executed DbCommand (0ms) [Parameters=[], CommandType='"Text"', CommandTimeout='30']
SELECT a.id AS "Id", a.full_name AS "FullName", a.email AS "Email", a.phone_number AS "PhoneNumber", a.photo_url AS "PhotoUrl", a.role AS "Role", a.department_id AS "DepartmentId", d.code AS "DepartmentCode", d.name AS "DepartmentName", a.joined_on AS "JoinedOn", a.status AS "Status"
FROM "AspNetUsers" AS a
LEFT JOIN departments AS d ON a.department_id = d.id
WHERE a.status = 'Active' AND a.department_id IS NOT NULL
2026-08-14 13:41:29.336 +03:00 [INF] Handled GetDepartmentsQuery for user "e71006a3-891c-4459-aa20-bf6c6d8cab84" in 1 ms
2026-08-14 13:41:29.336 +03:00 [INF] HTTP GET /api/v1/departments responded 200 in 3.3433 ms
2026-08-14 13:41:29.352 +03:00 [INF] Executed DbCommand (1ms) [Parameters=[@p='?' (DbType = Guid)], CommandType='"Text"', CommandTimeout='30']
SELECT a.id, a.access_failed_count, a.concurrency_stamp, a.department_id, a.email, a.email_confirmed, a.full_name, a.joined_on, a.lockout_enabled, a.lockout_end, a.must_change_password, a.normalized_email, a.normalized_user_name, a.password_hash, a.phone_number, a.phone_number_confirmed, a.photo_url, a.role, a.security_stamp, a.status, a.two_factor_enabled, a.user_name
FROM "AspNetUsers" AS a
WHERE a.id = @p
LIMIT 1
2026-08-14 13:41:29.354 +03:00 [INF] Executed DbCommand (1ms) [Parameters=[@status='?'], CommandType='"Text"', CommandTimeout='30']
SELECT count(*)::int
FROM "AspNetUsers" AS a
WHERE a.status = @status
2026-08-14 13:41:29.355 +03:00 [INF] Executed DbCommand (1ms) [Parameters=[@status='?', @p2='?' (DbType = Int32), @p='?' (DbType = Int32)], CommandType='"Text"', CommandTimeout='30']
SELECT a0.id AS "Id", a0.full_name AS "FullName", a0.email AS "Email", a0.phone_number AS "PhoneNumber", a0.photo_url AS "PhotoUrl", a0.role AS "Role", a0.department_id AS "DepartmentId", d.code AS "DepartmentCode", d.name AS "DepartmentName", a0.joined_on AS "JoinedOn", a0.status AS "Status"
FROM (
    SELECT a.id, a.department_id, a.email, a.full_name, a.joined_on, a.phone_number, a.photo_url, a.role, a.status
    FROM "AspNetUsers" AS a
    WHERE a.status = @status
    ORDER BY a.full_name
    LIMIT @p2 OFFSET @p
) AS a0
LEFT JOIN departments AS d ON a0.department_id = d.id
ORDER BY a0.full_name
2026-08-14 13:41:29.355 +03:00 [INF] Handled GetMembersQuery for user "e71006a3-891c-4459-aa20-bf6c6d8cab84" in 2 ms
2026-08-14 13:41:29.355 +03:00 [INF] HTTP GET /api/v1/members responded 200 in 3.7857 ms
2026-08-14 13:41:31.151 +03:00 [INF] Executed DbCommand (1ms) [Parameters=[@p='?' (DbType = Guid)], CommandType='"Text"', CommandTimeout='30']
SELECT a.id, a.access_failed_count, a.concurrency_stamp, a.department_id, a.email, a.email_confirmed, a.full_name, a.joined_on, a.lockout_enabled, a.lockout_end, a.must_change_password, a.normalized_email, a.normalized_user_name, a.password_hash, a.phone_number, a.phone_number_confirmed, a.photo_url, a.role, a.security_stamp, a.status, a.two_factor_enabled, a.user_name
FROM "AspNetUsers" AS a
WHERE a.id = @p
LIMIT 1
2026-08-14 13:41:31.154 +03:00 [INF] Executed DbCommand (1ms) [Parameters=[@p0='?' (DbType = Guid), @p1='?' (DbType = DateTime), @p2='?' (DbType = Guid), @p3='?' (DbType = Guid), @p4='?', @p5='?' (DbType = DateTime), @p6='?', @p7='?' (DbType = Guid), @p8='?', @p9='?' (DbType = DateTime), @p10='?' (DbType = DateTime), @p11='?' (DbType = DateTime), @p12='?', @p13='?', @p14='?' (DbType = DateTime), @p15='?' (DbType = Guid)], CommandType='"Text"', CommandTimeout='30']
INSERT INTO calendar_events (id, created_at_utc, created_by_id, department_id, description, end_utc, location, organizer_id, recurrence, reminder1h_sent_at_utc, reminder24h_sent_at_utc, start_utc, title, type, updated_at_utc, updated_by_id)
VALUES (@p0, @p1, @p2, @p3, @p4, @p5, @p6, @p7, @p8, @p9, @p10, @p11, @p12, @p13, @p14, @p15);
2026-08-14 13:41:31.155 +03:00 [INF] Executed DbCommand (0ms) [Parameters=[], CommandType='"Text"', CommandTimeout='30']
SELECT a.id
FROM "AspNetUsers" AS a
WHERE a.status = 'Active'
2026-08-14 13:41:31.156 +03:00 [INF] Executed DbCommand (1ms) [Parameters=[@p0='?' (DbType = Guid), @p1='?', @p2='?' (DbType = DateTime), @p3='?' (DbType = Guid), @p4='?' (DbType = Boolean), @p5='?' (DbType = Object), @p6='?' (DbType = Guid), @p7='?', @p8='?', @p9='?' (DbType = DateTime), @p10='?' (DbType = Guid), @p11='?' (DbType = Guid), @p12='?', @p13='?' (DbType = DateTime), @p14='?' (DbType = Guid), @p15='?' (DbType = Boolean), @p16='?' (DbType = Object), @p17='?' (DbType = Guid), @p18='?', @p19='?', @p20='?' (DbType = DateTime), @p21='?' (DbType = Guid), @p22='?' (DbType = Guid), @p23='?', @p24='?' (DbType = DateTime), @p25='?' (DbType = Guid), @p26='?' (DbType = Boolean), @p27='?' (DbType = Object), @p28='?' (DbType = Guid), @p29='?', @p30='?', @p31='?' (DbType = DateTime), @p32='?' (DbType = Guid), @p33='?' (DbType = Guid), @p34='?', @p35='?' (DbType = DateTime), @p36='?' (DbType = Guid), @p37='?' (DbType = Boolean), @p38='?' (DbType = Object), @p39='?' (DbType = Guid), @p40='?', @p41='?', @p42='?' (DbType = DateTime), @p43='?' (DbType = Guid), @p44='?' (DbType = Guid), @p45='?', @p46='?' (DbType = DateTime), @p47='?' (DbType = Guid), @p48='?' (DbType = Boolean), @p49='?' (DbType = Object), @p50='?' (DbType = Guid), @p51='?', @p52='?', @p53='?' (DbType = DateTime), @p54='?' (DbType = Guid), @p55='?' (DbType = Guid), @p56='?', @p57='?' (DbType = DateTime), @p58='?' (DbType = Guid), @p59='?' (DbType = Boolean), @p60='?' (DbType = Object), @p61='?' (DbType = Guid), @p62='?', @p63='?', @p64='?' (DbType = DateTime), @p65='?' (DbType = Guid), @p66='?' (DbType = Guid), @p67='?', @p68='?' (DbType = DateTime), @p69='?' (DbType = Guid), @p70='?' (DbType = Boolean), @p71='?' (DbType = Object), @p72='?' (DbType = Guid), @p73='?', @p74='?', @p75='?' (DbType = DateTime), @p76='?' (DbType = Guid), @p77='?' (DbType = Guid), @p78='?', @p79='?' (DbType = DateTime), @p80='?' (DbType = Guid), @p81='?' (DbType = Boolean), @p82='?' (DbType = Object), @p83='?' (DbType = Guid), @p84='?', @p85='?', @p86='?' (DbType = DateTime), @p87='?' (DbType = Guid)], CommandType='"Text"', CommandTimeout='30']
INSERT INTO notifications (id, body, created_at_utc, created_by_id, is_read, payload, recipient_id, title, type, updated_at_utc, updated_by_id)
VALUES (@p0, @p1, @p2, @p3, @p4, @p5, @p6, @p7, @p8, @p9, @p10);
INSERT INTO notifications (id, body, created_at_utc, created_by_id, is_read, payload, recipient_id, title, type, updated_at_utc, updated_by_id)
VALUES (@p11, @p12, @p13, @p14, @p15, @p16, @p17, @p18, @p19, @p20, @p21);
INSERT INTO notifications (id, body, created_at_utc, created_by_id, is_read, payload, recipient_id, title, type, updated_at_utc, updated_by_id)
VALUES (@p22, @p23, @p24, @p25, @p26, @p27, @p28, @p29, @p30, @p31, @p32);
INSERT INTO notifications (id, body, created_at_utc, created_by_id, is_read, payload, recipient_id, title, type, updated_at_utc, updated_by_id)
VALUES (@p33, @p34, @p35, @p36, @p37, @p38, @p39, @p40, @p41, @p42, @p43);
INSERT INTO notifications (id, body, created_at_utc, created_by_id, is_read, payload, recipient_id, title, type, updated_at_utc, updated_by_id)
VALUES (@p44, @p45, @p46, @p47, @p48, @p49, @p50, @p51, @p52, @p53, @p54);
INSERT INTO notifications (id, body, created_at_utc, created_by_id, is_read, payload, recipient_id, title, type, updated_at_utc, updated_by_id)
VALUES (@p55, @p56, @p57, @p58, @p59, @p60, @p61, @p62, @p63, @p64, @p65);
INSERT INTO notifications (id, body, created_at_utc, created_by_id, is_read, payload, recipient_id, title, type, updated_at_utc, updated_by_id)
VALUES (@p66, @p67, @p68, @p69, @p70, @p71, @p72, @p73, @p74, @p75, @p76);
INSERT INTO notifications (id, body, created_at_utc, created_by_id, is_read, payload, recipient_id, title, type, updated_at_utc, updated_by_id)
VALUES (@p77, @p78, @p79, @p80, @p81, @p82, @p83, @p84, @p85, @p86, @p87);
2026-08-14 13:41:31.157 +03:00 [INF] [DEV PUSH] "EventCreated" -> 8 member(s) | Ново събитие | Добавено е събитие: Застъпващо се събитие
2026-08-14 13:41:31.157 +03:00 [INF] Executed DbCommand (0ms) [Parameters=[@eventId='?' (DbType = Guid), @endUtc='?' (DbType = DateTime), @startUtc='?' (DbType = DateTime)], CommandType='"Text"', CommandTimeout='30']
SELECT c.id, c.title, c.start_utc, c.end_utc
FROM calendar_events AS c
WHERE c.id <> @eventId AND c.start_utc < @endUtc AND c.end_utc > @startUtc
ORDER BY c.start_utc
2026-08-14 13:41:31.158 +03:00 [INF] Executed DbCommand (1ms) [Parameters=[@eventId='?' (DbType = Guid)], CommandType='"Text"', CommandTimeout='30']
SELECT s.id, s.created_at_utc, s.created_by_id, s.department_id, s.description, s.end_utc, s.location, s.organizer_id, s.recurrence, s.reminder1h_sent_at_utc, s.reminder24h_sent_at_utc, s.start_utc, s.title, s.type, s.updated_at_utc, s.updated_by_id, s.id0, s.code, s.created_at_utc0, s.created_by_id0, s.description0, s.name, s.updated_at_utc0, s.updated_by_id0, e.calendar_event_id, e.member_id
FROM (
    SELECT c.id, c.created_at_utc, c.created_by_id, c.department_id, c.description, c.end_utc, c.location, c.organizer_id, c.recurrence, c.reminder1h_sent_at_utc, c.reminder24h_sent_at_utc, c.start_utc, c.title, c.type, c.updated_at_utc, c.updated_by_id, d.id AS id0, d.code, d.created_at_utc AS created_at_utc0, d.created_by_id AS created_by_id0, d.description AS description0, d.name, d.updated_at_utc AS updated_at_utc0, d.updated_by_id AS updated_by_id0
    FROM calendar_events AS c
    LEFT JOIN departments AS d ON c.department_id = d.id
    WHERE c.id = @eventId
    LIMIT 1
) AS s
LEFT JOIN event_participants AS e ON s.id = e.calendar_event_id
ORDER BY s.id, s.id0, e.calendar_event_id
2026-08-14 13:41:31.159 +03:00 [INF] Executed DbCommand (0ms) [Parameters=[@distinct='?' (DbType = Object)], CommandType='"Text"', CommandTimeout='30']
SELECT a.id AS "Id", a.full_name AS "FullName", a.email AS "Email", a.phone_number AS "PhoneNumber", a.photo_url AS "PhotoUrl", a.role AS "Role", a.department_id AS "DepartmentId", d.code AS "DepartmentCode", d.name AS "DepartmentName", a.joined_on AS "JoinedOn", a.status AS "Status"
FROM "AspNetUsers" AS a
LEFT JOIN departments AS d ON a.department_id = d.id
WHERE a.id = ANY (@distinct)
2026-08-14 13:41:31.159 +03:00 [INF] Handled CreateEventCommand for user "e71006a3-891c-4459-aa20-bf6c6d8cab84" in 7 ms
2026-08-14 13:41:31.160 +03:00 [INF] HTTP POST /api/v1/events responded 201 in 9.8684 ms
2026-08-14 13:41:48.015 +03:00 [INF] Executed DbCommand (1ms) [Parameters=[@p='?' (DbType = Guid)], CommandType='"Text"', CommandTimeout='30']
SELECT a.id, a.access_failed_count, a.concurrency_stamp, a.department_id, a.email, a.email_confirmed, a.full_name, a.joined_on, a.lockout_enabled, a.lockout_end, a.must_change_password, a.normalized_email, a.normalized_user_name, a.password_hash, a.phone_number, a.phone_number_confirmed, a.photo_url, a.role, a.security_stamp, a.status, a.two_factor_enabled, a.user_name
FROM "AspNetUsers" AS a
WHERE a.id = @p
LIMIT 1
2026-08-14 13:41:48.016 +03:00 [INF] Executed DbCommand (1ms) [Parameters=[@windowTo='?' (DbType = DateTime), @windowFrom='?' (DbType = DateTime)], CommandType='"Text"', CommandTimeout='30']
SELECT c.id, c.created_at_utc, c.created_by_id, c.department_id, c.description, c.end_utc, c.location, c.organizer_id, c.recurrence, c.reminder1h_sent_at_utc, c.reminder24h_sent_at_utc, c.start_utc, c.title, c.type, c.updated_at_utc, c.updated_by_id, d.id, d.code, d.created_at_utc, d.created_by_id, d.description, d.name, d.updated_at_utc, d.updated_by_id
FROM calendar_events AS c
LEFT JOIN departments AS d ON c.department_id = d.id
WHERE (c.recurrence = 'None' AND c.start_utc < @windowTo AND c.end_utc > @windowFrom) OR (c.recurrence <> 'None' AND c.start_utc < @windowTo)
2026-08-14 13:41:48.017 +03:00 [INF] Executed DbCommand (0ms) [Parameters=[@distinct='?' (DbType = Object)], CommandType='"Text"', CommandTimeout='30']
SELECT a.id AS "Id", a.full_name AS "FullName", a.email AS "Email", a.phone_number AS "PhoneNumber", a.photo_url AS "PhotoUrl", a.role AS "Role", a.department_id AS "DepartmentId", d.code AS "DepartmentCode", d.name AS "DepartmentName", a.joined_on AS "JoinedOn", a.status AS "Status"
FROM "AspNetUsers" AS a
LEFT JOIN departments AS d ON a.department_id = d.id
WHERE a.id = ANY (@distinct)
2026-08-14 13:41:48.017 +03:00 [INF] Executed DbCommand (0ms) [Parameters=[@windowFrom='?' (DbType = DateTime), @windowTo='?' (DbType = DateTime)], CommandType='"Text"', CommandTimeout='30']
SELECT t.id AS "Id", t.title AS "Title", t.due_at_utc AS "DueAtUtc", d.code AS "Department"
FROM tasks AS t
LEFT JOIN departments AS d ON t.department_id = d.id
WHERE NOT (t.is_deleted) AND t.due_at_utc IS NOT NULL AND t.due_at_utc >= @windowFrom AND t.due_at_utc < @windowTo
2026-08-14 13:41:48.017 +03:00 [INF] Handled GetEventsQuery for user "e71006a3-891c-4459-aa20-bf6c6d8cab84" in 1 ms
2026-08-14 13:41:48.018 +03:00 [INF] HTTP GET /api/v1/events responded 200 in 4.5450 ms
2026-08-14 13:41:48.021 +03:00 [INF] HTTP GET /api/v1/events/export.ics responded 401 in 0.1798 ms
2026-08-14 13:41:48.025 +03:00 [INF] Executed DbCommand (1ms) [Parameters=[@p='?' (DbType = Guid)], CommandType='"Text"', CommandTimeout='30']
SELECT a.id, a.access_failed_count, a.concurrency_stamp, a.department_id, a.email, a.email_confirmed, a.full_name, a.joined_on, a.lockout_enabled, a.lockout_end, a.must_change_password, a.normalized_email, a.normalized_user_name, a.password_hash, a.phone_number, a.phone_number_confirmed, a.photo_url, a.role, a.security_stamp, a.status, a.two_factor_enabled, a.user_name
FROM "AspNetUsers" AS a
WHERE a.id = @p
LIMIT 1
2026-08-14 13:41:48.031 +03:00 [INF] Executed DbCommand (1ms) [Parameters=[@windowTo='?' (DbType = DateTime), @windowFrom='?' (DbType = DateTime)], CommandType='"Text"', CommandTimeout='30']
SELECT c.id, c.created_at_utc, c.created_by_id, c.department_id, c.description, c.end_utc, c.location, c.organizer_id, c.recurrence, c.reminder1h_sent_at_utc, c.reminder24h_sent_at_utc, c.start_utc, c.title, c.type, c.updated_at_utc, c.updated_by_id, d.id, d.code, d.created_at_utc, d.created_by_id, d.description, d.name, d.updated_at_utc, d.updated_by_id
FROM calendar_events AS c
LEFT JOIN departments AS d ON c.department_id = d.id
WHERE (c.recurrence = 'None' AND c.start_utc < @windowTo AND c.end_utc > @windowFrom) OR (c.recurrence <> 'None' AND c.start_utc < @windowTo)
2026-08-14 13:41:48.032 +03:00 [INF] Executed DbCommand (1ms) [Parameters=[@distinct='?' (DbType = Object)], CommandType='"Text"', CommandTimeout='30']
SELECT a.id AS "Id", a.full_name AS "FullName", a.email AS "Email", a.phone_number AS "PhoneNumber", a.photo_url AS "PhotoUrl", a.role AS "Role", a.department_id AS "DepartmentId", d.code AS "DepartmentCode", d.name AS "DepartmentName", a.joined_on AS "JoinedOn", a.status AS "Status"
FROM "AspNetUsers" AS a
LEFT JOIN departments AS d ON a.department_id = d.id
WHERE a.id = ANY (@distinct)
2026-08-14 13:41:48.032 +03:00 [INF] Executed DbCommand (0ms) [Parameters=[@windowFrom='?' (DbType = DateTime), @windowTo='?' (DbType = DateTime)], CommandType='"Text"', CommandTimeout='30']
SELECT t.id AS "Id", t.title AS "Title", t.due_at_utc AS "DueAtUtc", d.code AS "Department"
FROM tasks AS t
LEFT JOIN departments AS d ON t.department_id = d.id
WHERE NOT (t.is_deleted) AND t.due_at_utc IS NOT NULL AND t.due_at_utc >= @windowFrom AND t.due_at_utc < @windowTo
2026-08-14 13:41:48.034 +03:00 [INF] Handled ExportEventsIcsQuery for user "e71006a3-891c-4459-aa20-bf6c6d8cab84" in 4 ms
2026-08-14 13:41:48.036 +03:00 [INF] HTTP GET /api/v1/events/export.ics responded 200 in 12.0295 ms
2026-08-14 13:42:31.606 +03:00 [INF] Executed DbCommand (1ms) [Parameters=[@p='?' (DbType = Guid)], CommandType='"Text"', CommandTimeout='30']
SELECT a.id, a.access_failed_count, a.concurrency_stamp, a.department_id, a.email, a.email_confirmed, a.full_name, a.joined_on, a.lockout_enabled, a.lockout_end, a.must_change_password, a.normalized_email, a.normalized_user_name, a.password_hash, a.phone_number, a.phone_number_confirmed, a.photo_url, a.role, a.security_stamp, a.status, a.two_factor_enabled, a.user_name
FROM "AspNetUsers" AS a
WHERE a.id = @p
LIMIT 1
2026-08-14 13:42:31.607 +03:00 [INF] Executed DbCommand (0ms) [Parameters=[@userId='?' (DbType = Guid)], CommandType='"Text"', CommandTimeout='30']
SELECT a.id AS "Id", a.full_name AS "FullName", a.email AS "Email", a.phone_number AS "PhoneNumber", a.photo_url AS "PhotoUrl", a.role AS "Role", a.department_id AS "DepartmentId", d.code AS "DepartmentCode", d.name AS "DepartmentName", a.joined_on AS "JoinedOn", a.status AS "Status"
FROM "AspNetUsers" AS a
LEFT JOIN departments AS d ON a.department_id = d.id
WHERE a.id = @userId
LIMIT 1
2026-08-14 13:42:31.607 +03:00 [INF] Handled GetMeQuery for user "e71006a3-891c-4459-aa20-bf6c6d8cab84" in 0 ms
2026-08-14 13:42:31.607 +03:00 [INF] HTTP GET /api/v1/auth/me responded 200 in 2.3266 ms
2026-08-14 13:42:31.610 +03:00 [INF] Executed DbCommand (1ms) [Parameters=[@p='?' (DbType = Guid)], CommandType='"Text"', CommandTimeout='30']
SELECT a.id, a.access_failed_count, a.concurrency_stamp, a.department_id, a.email, a.email_confirmed, a.full_name, a.joined_on, a.lockout_enabled, a.lockout_end, a.must_change_password, a.normalized_email, a.normalized_user_name, a.password_hash, a.phone_number, a.phone_number_confirmed, a.photo_url, a.role, a.security_stamp, a.status, a.two_factor_enabled, a.user_name
FROM "AspNetUsers" AS a
WHERE a.id = @p
LIMIT 1
2026-08-14 13:42:31.611 +03:00 [INF] Executed DbCommand (0ms) [Parameters=[@userId='?' (DbType = Guid)], CommandType='"Text"', CommandTimeout='30']
SELECT a.id AS "Id", a.full_name AS "FullName", a.email AS "Email", a.phone_number AS "PhoneNumber", a.photo_url AS "PhotoUrl", a.role AS "Role", a.department_id AS "DepartmentId", d.code AS "DepartmentCode", d.name AS "DepartmentName", a.joined_on AS "JoinedOn", a.status AS "Status"
FROM "AspNetUsers" AS a
LEFT JOIN departments AS d ON a.department_id = d.id
WHERE a.id = @userId
LIMIT 1
2026-08-14 13:42:31.611 +03:00 [INF] Handled GetMeQuery for user "e71006a3-891c-4459-aa20-bf6c6d8cab84" in 0 ms
2026-08-14 13:42:31.611 +03:00 [INF] HTTP GET /api/v1/auth/me responded 200 in 2.2268 ms
2026-08-14 13:42:31.619 +03:00 [INF] Executed DbCommand (1ms) [Parameters=[@p='?' (DbType = Guid)], CommandType='"Text"', CommandTimeout='30']
SELECT a.id, a.access_failed_count, a.concurrency_stamp, a.department_id, a.email, a.email_confirmed, a.full_name, a.joined_on, a.lockout_enabled, a.lockout_end, a.must_change_password, a.normalized_email, a.normalized_user_name, a.password_hash, a.phone_number, a.phone_number_confirmed, a.photo_url, a.role, a.security_stamp, a.status, a.two_factor_enabled, a.user_name
FROM "AspNetUsers" AS a
WHERE a.id = @p
LIMIT 1
2026-08-14 13:42:31.620 +03:00 [INF] Executed DbCommand (0ms) [Parameters=[], CommandType='"Text"', CommandTimeout='30']
SELECT d.id, d.code, d.created_at_utc, d.created_by_id, d.description, d.name, d.updated_at_utc, d.updated_by_id
FROM departments AS d
ORDER BY d.code
2026-08-14 13:42:31.620 +03:00 [INF] Executed DbCommand (0ms) [Parameters=[], CommandType='"Text"', CommandTimeout='30']
SELECT a.id AS "Id", a.full_name AS "FullName", a.email AS "Email", a.phone_number AS "PhoneNumber", a.photo_url AS "PhotoUrl", a.role AS "Role", a.department_id AS "DepartmentId", d.code AS "DepartmentCode", d.name AS "DepartmentName", a.joined_on AS "JoinedOn", a.status AS "Status"
FROM "AspNetUsers" AS a
LEFT JOIN departments AS d ON a.department_id = d.id
WHERE a.status = 'Active' AND a.department_id IS NOT NULL
2026-08-14 13:42:31.620 +03:00 [INF] Handled GetDepartmentsQuery for user "e71006a3-891c-4459-aa20-bf6c6d8cab84" in 1 ms
2026-08-14 13:42:31.620 +03:00 [INF] HTTP GET /api/v1/departments responded 200 in 2.6474 ms
2026-08-14 13:42:31.635 +03:00 [INF] Executed DbCommand (1ms) [Parameters=[@p='?' (DbType = Guid)], CommandType='"Text"', CommandTimeout='30']
SELECT a.id, a.access_failed_count, a.concurrency_stamp, a.department_id, a.email, a.email_confirmed, a.full_name, a.joined_on, a.lockout_enabled, a.lockout_end, a.must_change_password, a.normalized_email, a.normalized_user_name, a.password_hash, a.phone_number, a.phone_number_confirmed, a.photo_url, a.role, a.security_stamp, a.status, a.two_factor_enabled, a.user_name
FROM "AspNetUsers" AS a
WHERE a.id = @p
LIMIT 1
2026-08-14 13:42:31.636 +03:00 [INF] Executed DbCommand (0ms) [Parameters=[@status='?'], CommandType='"Text"', CommandTimeout='30']
SELECT count(*)::int
FROM "AspNetUsers" AS a
WHERE a.status = @status
2026-08-14 13:42:31.637 +03:00 [INF] Executed DbCommand (1ms) [Parameters=[@status='?', @p2='?' (DbType = Int32), @p='?' (DbType = Int32)], CommandType='"Text"', CommandTimeout='30']
SELECT a0.id AS "Id", a0.full_name AS "FullName", a0.email AS "Email", a0.phone_number AS "PhoneNumber", a0.photo_url AS "PhotoUrl", a0.role AS "Role", a0.department_id AS "DepartmentId", d.code AS "DepartmentCode", d.name AS "DepartmentName", a0.joined_on AS "JoinedOn", a0.status AS "Status"
FROM (
    SELECT a.id, a.department_id, a.email, a.full_name, a.joined_on, a.phone_number, a.photo_url, a.role, a.status
    FROM "AspNetUsers" AS a
    WHERE a.status = @status
    ORDER BY a.full_name
    LIMIT @p2 OFFSET @p
) AS a0
LEFT JOIN departments AS d ON a0.department_id = d.id
ORDER BY a0.full_name
2026-08-14 13:42:31.637 +03:00 [INF] Handled GetMembersQuery for user "e71006a3-891c-4459-aa20-bf6c6d8cab84" in 1 ms
2026-08-14 13:42:31.637 +03:00 [INF] HTTP GET /api/v1/members responded 200 in 2.6955 ms
2026-08-14 13:42:36.364 +03:00 [INF] Executed DbCommand (1ms) [Parameters=[@p='?' (DbType = Guid)], CommandType='"Text"', CommandTimeout='30']
SELECT a.id, a.access_failed_count, a.concurrency_stamp, a.department_id, a.email, a.email_confirmed, a.full_name, a.joined_on, a.lockout_enabled, a.lockout_end, a.must_change_password, a.normalized_email, a.normalized_user_name, a.password_hash, a.phone_number, a.phone_number_confirmed, a.photo_url, a.role, a.security_stamp, a.status, a.two_factor_enabled, a.user_name
FROM "AspNetUsers" AS a
WHERE a.id = @p
LIMIT 1
2026-08-14 13:42:36.365 +03:00 [INF] Executed DbCommand (0ms) [Parameters=[@userId='?' (DbType = Guid)], CommandType='"Text"', CommandTimeout='30']
SELECT a.id AS "Id", a.full_name AS "FullName", a.email AS "Email", a.phone_number AS "PhoneNumber", a.photo_url AS "PhotoUrl", a.role AS "Role", a.department_id AS "DepartmentId", d.code AS "DepartmentCode", d.name AS "DepartmentName", a.joined_on AS "JoinedOn", a.status AS "Status"
FROM "AspNetUsers" AS a
LEFT JOIN departments AS d ON a.department_id = d.id
WHERE a.id = @userId
LIMIT 1
2026-08-14 13:42:36.365 +03:00 [INF] Handled GetMeQuery for user "e71006a3-891c-4459-aa20-bf6c6d8cab84" in 0 ms
2026-08-14 13:42:36.365 +03:00 [INF] HTTP GET /api/v1/auth/me responded 200 in 2.4832 ms
2026-08-14 13:42:36.367 +03:00 [INF] Executed DbCommand (0ms) [Parameters=[@p='?' (DbType = Guid)], CommandType='"Text"', CommandTimeout='30']
SELECT a.id, a.access_failed_count, a.concurrency_stamp, a.department_id, a.email, a.email_confirmed, a.full_name, a.joined_on, a.lockout_enabled, a.lockout_end, a.must_change_password, a.normalized_email, a.normalized_user_name, a.password_hash, a.phone_number, a.phone_number_confirmed, a.photo_url, a.role, a.security_stamp, a.status, a.two_factor_enabled, a.user_name
FROM "AspNetUsers" AS a
WHERE a.id = @p
LIMIT 1
2026-08-14 13:42:36.368 +03:00 [INF] Executed DbCommand (0ms) [Parameters=[@userId='?' (DbType = Guid)], CommandType='"Text"', CommandTimeout='30']
SELECT a.id AS "Id", a.full_name AS "FullName", a.email AS "Email", a.phone_number AS "PhoneNumber", a.photo_url AS "PhotoUrl", a.role AS "Role", a.department_id AS "DepartmentId", d.code AS "DepartmentCode", d.name AS "DepartmentName", a.joined_on AS "JoinedOn", a.status AS "Status"
FROM "AspNetUsers" AS a
LEFT JOIN departments AS d ON a.department_id = d.id
WHERE a.id = @userId
LIMIT 1
2026-08-14 13:42:36.368 +03:00 [INF] Handled GetMeQuery for user "e71006a3-891c-4459-aa20-bf6c6d8cab84" in 0 ms
2026-08-14 13:42:36.368 +03:00 [INF] HTTP GET /api/v1/auth/me responded 200 in 1.7420 ms
2026-08-14 13:42:36.377 +03:00 [INF] Executed DbCommand (1ms) [Parameters=[@p='?' (DbType = Guid)], CommandType='"Text"', CommandTimeout='30']
SELECT a.id, a.access_failed_count, a.concurrency_stamp, a.department_id, a.email, a.email_confirmed, a.full_name, a.joined_on, a.lockout_enabled, a.lockout_end, a.must_change_password, a.normalized_email, a.normalized_user_name, a.password_hash, a.phone_number, a.phone_number_confirmed, a.photo_url, a.role, a.security_stamp, a.status, a.two_factor_enabled, a.user_name
FROM "AspNetUsers" AS a
WHERE a.id = @p
LIMIT 1
2026-08-14 13:42:36.377 +03:00 [INF] Executed DbCommand (0ms) [Parameters=[], CommandType='"Text"', CommandTimeout='30']
SELECT d.id, d.code, d.created_at_utc, d.created_by_id, d.description, d.name, d.updated_at_utc, d.updated_by_id
FROM departments AS d
ORDER BY d.code
2026-08-14 13:42:36.378 +03:00 [INF] Executed DbCommand (0ms) [Parameters=[], CommandType='"Text"', CommandTimeout='30']
SELECT a.id AS "Id", a.full_name AS "FullName", a.email AS "Email", a.phone_number AS "PhoneNumber", a.photo_url AS "PhotoUrl", a.role AS "Role", a.department_id AS "DepartmentId", d.code AS "DepartmentCode", d.name AS "DepartmentName", a.joined_on AS "JoinedOn", a.status AS "Status"
FROM "AspNetUsers" AS a
LEFT JOIN departments AS d ON a.department_id = d.id
WHERE a.status = 'Active' AND a.department_id IS NOT NULL
2026-08-14 13:42:36.378 +03:00 [INF] Handled GetDepartmentsQuery for user "e71006a3-891c-4459-aa20-bf6c6d8cab84" in 1 ms
2026-08-14 13:42:36.378 +03:00 [INF] HTTP GET /api/v1/departments responded 200 in 2.5336 ms
2026-08-14 13:42:36.394 +03:00 [INF] Executed DbCommand (1ms) [Parameters=[@p='?' (DbType = Guid)], CommandType='"Text"', CommandTimeout='30']
SELECT a.id, a.access_failed_count, a.concurrency_stamp, a.department_id, a.email, a.email_confirmed, a.full_name, a.joined_on, a.lockout_enabled, a.lockout_end, a.must_change_password, a.normalized_email, a.normalized_user_name, a.password_hash, a.phone_number, a.phone_number_confirmed, a.photo_url, a.role, a.security_stamp, a.status, a.two_factor_enabled, a.user_name
FROM "AspNetUsers" AS a
WHERE a.id = @p
LIMIT 1
2026-08-14 13:42:36.395 +03:00 [INF] Executed DbCommand (0ms) [Parameters=[@status='?'], CommandType='"Text"', CommandTimeout='30']
SELECT count(*)::int
FROM "AspNetUsers" AS a
WHERE a.status = @status
2026-08-14 13:42:36.396 +03:00 [INF] Executed DbCommand (1ms) [Parameters=[@status='?', @p2='?' (DbType = Int32), @p='?' (DbType = Int32)], CommandType='"Text"', CommandTimeout='30']
SELECT a0.id AS "Id", a0.full_name AS "FullName", a0.email AS "Email", a0.phone_number AS "PhoneNumber", a0.photo_url AS "PhotoUrl", a0.role AS "Role", a0.department_id AS "DepartmentId", d.code AS "DepartmentCode", d.name AS "DepartmentName", a0.joined_on AS "JoinedOn", a0.status AS "Status"
FROM (
    SELECT a.id, a.department_id, a.email, a.full_name, a.joined_on, a.phone_number, a.photo_url, a.role, a.status
    FROM "AspNetUsers" AS a
    WHERE a.status = @status
    ORDER BY a.full_name
    LIMIT @p2 OFFSET @p
) AS a0
LEFT JOIN departments AS d ON a0.department_id = d.id
ORDER BY a0.full_name
2026-08-14 13:42:36.396 +03:00 [INF] Handled GetMembersQuery for user "e71006a3-891c-4459-aa20-bf6c6d8cab84" in 1 ms
2026-08-14 13:42:36.396 +03:00 [INF] HTTP GET /api/v1/members responded 200 in 3.4881 ms
2026-08-14 13:43:45.674 +03:00 [INF] Executed DbCommand (2ms) [Parameters=[@now='?' (DbType = DateTime), @horizon='?' (DbType = DateTime)], CommandType='"Text"', CommandTimeout='30']
SELECT t.id, t.created_at_utc, t.created_by_id, t.deleted_at_utc, t.department_id, t.description, t.due_at_utc, t.due_soon_notified_at_utc, t.is_deleted, t.overdue_notified_at_utc, t.priority, t.scope, t.status, t.title, t.updated_at_utc, t.updated_by_id, s.task_item_id, s.member_id, s.id
FROM tasks AS t
LEFT JOIN (
    SELECT t0.task_item_id, t0.member_id, t2.id
    FROM task_assignees AS t0
    INNER JOIN (
        SELECT t1.id, t1.is_deleted
        FROM tasks AS t1
        WHERE NOT (t1.is_deleted)
    ) AS t2 ON t0.task_item_id = t2.id
    WHERE NOT (t2.is_deleted)
) AS s ON t.id = s.task_item_id
WHERE NOT (t.is_deleted) AND t.due_at_utc IS NOT NULL AND t.due_at_utc > @now AND t.due_at_utc <= @horizon AND t.status <> 'Completed' AND t.status <> 'Cancelled' AND t.due_soon_notified_at_utc IS NULL
ORDER BY t.id, s.task_item_id, s.member_id
2026-08-14 13:43:45.687 +03:00 [INF] Executed DbCommand (4ms) [Parameters=[@jobName='?'], CommandType='"Text"', CommandTimeout='30']
SELECT j.job_name, j.last_run_utc
FROM job_runs AS j
WHERE j.job_name = @jobName
LIMIT 1
2026-08-14 13:43:45.687 +03:00 [INF] Executed DbCommand (7ms) [Parameters=[@now='?' (DbType = DateTime), @horizon24='?' (DbType = DateTime)], CommandType='"Text"', CommandTimeout='30']
SELECT c.id, c.created_at_utc, c.created_by_id, c.department_id, c.description, c.end_utc, c.location, c.organizer_id, c.recurrence, c.reminder1h_sent_at_utc, c.reminder24h_sent_at_utc, c.start_utc, c.title, c.type, c.updated_at_utc, c.updated_by_id, e.calendar_event_id, e.member_id
FROM calendar_events AS c
LEFT JOIN event_participants AS e ON c.id = e.calendar_event_id
WHERE c.recurrence = 'None' AND c.start_utc > @now AND c.start_utc <= @horizon24 AND (c.reminder24h_sent_at_utc IS NULL OR c.reminder1h_sent_at_utc IS NULL)
ORDER BY c.id, e.calendar_event_id
2026-08-14 13:43:45.688 +03:00 [INF] Executed DbCommand (6ms) [Parameters=[@now='?' (DbType = DateTime)], CommandType='"Text"', CommandTimeout='30']
SELECT t.id, t.created_at_utc, t.created_by_id, t.deleted_at_utc, t.department_id, t.description, t.due_at_utc, t.due_soon_notified_at_utc, t.is_deleted, t.overdue_notified_at_utc, t.priority, t.scope, t.status, t.title, t.updated_at_utc, t.updated_by_id, s.task_item_id, s.member_id, s.id
FROM tasks AS t
LEFT JOIN (
    SELECT t0.task_item_id, t0.member_id, t2.id
    FROM task_assignees AS t0
    INNER JOIN (
        SELECT t1.id, t1.is_deleted
        FROM tasks AS t1
        WHERE NOT (t1.is_deleted)
    ) AS t2 ON t0.task_item_id = t2.id
    WHERE NOT (t2.is_deleted)
) AS s ON t.id = s.task_item_id
WHERE NOT (t.is_deleted) AND t.due_at_utc IS NOT NULL AND t.due_at_utc < @now AND t.status <> 'Completed' AND t.status <> 'Cancelled' AND t.overdue_notified_at_utc IS NULL
ORDER BY t.id, s.task_item_id, s.member_id
2026-08-14 13:46:07.486 +03:00 [INF] Executed DbCommand (5ms) [Parameters=[@p='?' (DbType = Guid)], CommandType='"Text"', CommandTimeout='30']
SELECT a.id, a.access_failed_count, a.concurrency_stamp, a.department_id, a.email, a.email_confirmed, a.full_name, a.joined_on, a.lockout_enabled, a.lockout_end, a.must_change_password, a.normalized_email, a.normalized_user_name, a.password_hash, a.phone_number, a.phone_number_confirmed, a.photo_url, a.role, a.security_stamp, a.status, a.two_factor_enabled, a.user_name
FROM "AspNetUsers" AS a
WHERE a.id = @p
LIMIT 1
2026-08-14 13:46:07.524 +03:00 [INF] Executed DbCommand (37ms) [Parameters=[@status='?'], CommandType='"Text"', CommandTimeout='30']
SELECT count(*)::int
FROM "AspNetUsers" AS a
WHERE a.status = @status
2026-08-14 13:46:07.532 +03:00 [INF] Executed DbCommand (8ms) [Parameters=[@status='?', @p2='?' (DbType = Int32), @p='?' (DbType = Int32)], CommandType='"Text"', CommandTimeout='30']
SELECT a0.id AS "Id", a0.full_name AS "FullName", a0.email AS "Email", a0.phone_number AS "PhoneNumber", a0.photo_url AS "PhotoUrl", a0.role AS "Role", a0.department_id AS "DepartmentId", d.code AS "DepartmentCode", d.name AS "DepartmentName", a0.joined_on AS "JoinedOn", a0.status AS "Status"
FROM (
    SELECT a.id, a.department_id, a.email, a.full_name, a.joined_on, a.phone_number, a.photo_url, a.role, a.status
    FROM "AspNetUsers" AS a
    WHERE a.status = @status
    ORDER BY a.full_name
    LIMIT @p2 OFFSET @p
) AS a0
LEFT JOIN departments AS d ON a0.department_id = d.id
ORDER BY a0.full_name
2026-08-14 13:46:07.532 +03:00 [INF] Handled GetMembersQuery for user "e71006a3-891c-4459-aa20-bf6c6d8cab84" in 45 ms
2026-08-14 13:46:07.533 +03:00 [INF] HTTP GET /api/v1/members responded 200 in 52.5375 ms
2026-08-14 13:46:50.658 +03:00 [INF] Executed DbCommand (1ms) [Parameters=[@p='?' (DbType = Guid)], CommandType='"Text"', CommandTimeout='30']
SELECT a.id, a.access_failed_count, a.concurrency_stamp, a.department_id, a.email, a.email_confirmed, a.full_name, a.joined_on, a.lockout_enabled, a.lockout_end, a.must_change_password, a.normalized_email, a.normalized_user_name, a.password_hash, a.phone_number, a.phone_number_confirmed, a.photo_url, a.role, a.security_stamp, a.status, a.two_factor_enabled, a.user_name
FROM "AspNetUsers" AS a
WHERE a.id = @p
LIMIT 1
2026-08-14 13:46:50.659 +03:00 [INF] Executed DbCommand (0ms) [Parameters=[@status='?'], CommandType='"Text"', CommandTimeout='30']
SELECT count(*)::int
FROM "AspNetUsers" AS a
WHERE a.status = @status
2026-08-14 13:46:50.660 +03:00 [INF] Executed DbCommand (1ms) [Parameters=[@status='?', @p2='?' (DbType = Int32), @p='?' (DbType = Int32)], CommandType='"Text"', CommandTimeout='30']
SELECT a0.id AS "Id", a0.full_name AS "FullName", a0.email AS "Email", a0.phone_number AS "PhoneNumber", a0.photo_url AS "PhotoUrl", a0.role AS "Role", a0.department_id AS "DepartmentId", d.code AS "DepartmentCode", d.name AS "DepartmentName", a0.joined_on AS "JoinedOn", a0.status AS "Status"
FROM (
    SELECT a.id, a.department_id, a.email, a.full_name, a.joined_on, a.phone_number, a.photo_url, a.role, a.status
    FROM "AspNetUsers" AS a
    WHERE a.status = @status
    ORDER BY a.full_name
    LIMIT @p2 OFFSET @p
) AS a0
LEFT JOIN departments AS d ON a0.department_id = d.id
ORDER BY a0.full_name
2026-08-14 13:46:50.661 +03:00 [INF] Handled GetMembersQuery for user "e71006a3-891c-4459-aa20-bf6c6d8cab84" in 2 ms
2026-08-14 13:46:50.661 +03:00 [INF] HTTP GET /api/v1/members responded 200 in 4.6683 ms
2026-08-14 13:47:26.654 +03:00 [INF] Executed DbCommand (1ms) [Parameters=[@p='?' (DbType = Guid)], CommandType='"Text"', CommandTimeout='30']
SELECT a.id, a.access_failed_count, a.concurrency_stamp, a.department_id, a.email, a.email_confirmed, a.full_name, a.joined_on, a.lockout_enabled, a.lockout_end, a.must_change_password, a.normalized_email, a.normalized_user_name, a.password_hash, a.phone_number, a.phone_number_confirmed, a.photo_url, a.role, a.security_stamp, a.status, a.two_factor_enabled, a.user_name
FROM "AspNetUsers" AS a
WHERE a.id = @p
LIMIT 1
2026-08-14 13:47:26.655 +03:00 [INF] Executed DbCommand (0ms) [Parameters=[@status='?'], CommandType='"Text"', CommandTimeout='30']
SELECT count(*)::int
FROM "AspNetUsers" AS a
WHERE a.status = @status
2026-08-14 13:47:26.656 +03:00 [INF] Executed DbCommand (1ms) [Parameters=[@status='?', @p2='?' (DbType = Int32), @p='?' (DbType = Int32)], CommandType='"Text"', CommandTimeout='30']
SELECT a0.id AS "Id", a0.full_name AS "FullName", a0.email AS "Email", a0.phone_number AS "PhoneNumber", a0.photo_url AS "PhotoUrl", a0.role AS "Role", a0.department_id AS "DepartmentId", d.code AS "DepartmentCode", d.name AS "DepartmentName", a0.joined_on AS "JoinedOn", a0.status AS "Status"
FROM (
    SELECT a.id, a.department_id, a.email, a.full_name, a.joined_on, a.phone_number, a.photo_url, a.role, a.status
    FROM "AspNetUsers" AS a
    WHERE a.status = @status
    ORDER BY a.full_name
    LIMIT @p2 OFFSET @p
) AS a0
LEFT JOIN departments AS d ON a0.department_id = d.id
ORDER BY a0.full_name
2026-08-14 13:47:26.656 +03:00 [INF] Handled GetMembersQuery for user "e71006a3-891c-4459-aa20-bf6c6d8cab84" in 1 ms
2026-08-14 13:47:26.656 +03:00 [INF] HTTP GET /api/v1/members responded 200 in 2.9564 ms
2026-08-14 13:48:17.056 +03:00 [INF] Executed DbCommand (1ms) [Parameters=[@p='?' (DbType = Guid)], CommandType='"Text"', CommandTimeout='30']
SELECT a.id, a.access_failed_count, a.concurrency_stamp, a.department_id, a.email, a.email_confirmed, a.full_name, a.joined_on, a.lockout_enabled, a.lockout_end, a.must_change_password, a.normalized_email, a.normalized_user_name, a.password_hash, a.phone_number, a.phone_number_confirmed, a.photo_url, a.role, a.security_stamp, a.status, a.two_factor_enabled, a.user_name
FROM "AspNetUsers" AS a
WHERE a.id = @p
LIMIT 1
2026-08-14 13:48:17.061 +03:00 [INF] Executed DbCommand (3ms) [Parameters=[@status='?'], CommandType='"Text"', CommandTimeout='30']
SELECT count(*)::int
FROM "AspNetUsers" AS a
WHERE a.status = @status
2026-08-14 13:48:17.064 +03:00 [INF] Executed DbCommand (3ms) [Parameters=[@status='?', @p2='?' (DbType = Int32), @p='?' (DbType = Int32)], CommandType='"Text"', CommandTimeout='30']
SELECT a0.id AS "Id", a0.full_name AS "FullName", a0.email AS "Email", a0.phone_number AS "PhoneNumber", a0.photo_url AS "PhotoUrl", a0.role AS "Role", a0.department_id AS "DepartmentId", d.code AS "DepartmentCode", d.name AS "DepartmentName", a0.joined_on AS "JoinedOn", a0.status AS "Status"
FROM (
    SELECT a.id, a.department_id, a.email, a.full_name, a.joined_on, a.phone_number, a.photo_url, a.role, a.status
    FROM "AspNetUsers" AS a
    WHERE a.status = @status
    ORDER BY a.full_name
    LIMIT @p2 OFFSET @p
) AS a0
LEFT JOIN departments AS d ON a0.department_id = d.id
ORDER BY a0.full_name
2026-08-14 13:48:17.065 +03:00 [INF] Handled GetMembersQuery for user "e71006a3-891c-4459-aa20-bf6c6d8cab84" in 7 ms
2026-08-14 13:48:17.065 +03:00 [INF] HTTP GET /api/v1/members responded 200 in 10.8379 ms
2026-08-14 13:48:50.656 +03:00 [INF] Executed DbCommand (1ms) [Parameters=[@p='?' (DbType = Guid)], CommandType='"Text"', CommandTimeout='30']
SELECT a.id, a.access_failed_count, a.concurrency_stamp, a.department_id, a.email, a.email_confirmed, a.full_name, a.joined_on, a.lockout_enabled, a.lockout_end, a.must_change_password, a.normalized_email, a.normalized_user_name, a.password_hash, a.phone_number, a.phone_number_confirmed, a.photo_url, a.role, a.security_stamp, a.status, a.two_factor_enabled, a.user_name
FROM "AspNetUsers" AS a
WHERE a.id = @p
LIMIT 1
2026-08-14 13:48:50.658 +03:00 [INF] Executed DbCommand (1ms) [Parameters=[@status='?'], CommandType='"Text"', CommandTimeout='30']
SELECT count(*)::int
FROM "AspNetUsers" AS a
WHERE a.status = @status
2026-08-14 13:48:50.660 +03:00 [INF] Executed DbCommand (1ms) [Parameters=[@status='?', @p2='?' (DbType = Int32), @p='?' (DbType = Int32)], CommandType='"Text"', CommandTimeout='30']
SELECT a0.id AS "Id", a0.full_name AS "FullName", a0.email AS "Email", a0.phone_number AS "PhoneNumber", a0.photo_url AS "PhotoUrl", a0.role AS "Role", a0.department_id AS "DepartmentId", d.code AS "DepartmentCode", d.name AS "DepartmentName", a0.joined_on AS "JoinedOn", a0.status AS "Status"
FROM (
    SELECT a.id, a.department_id, a.email, a.full_name, a.joined_on, a.phone_number, a.photo_url, a.role, a.status
    FROM "AspNetUsers" AS a
    WHERE a.status = @status
    ORDER BY a.full_name
    LIMIT @p2 OFFSET @p
) AS a0
LEFT JOIN departments AS d ON a0.department_id = d.id
ORDER BY a0.full_name
2026-08-14 13:48:50.660 +03:00 [INF] Handled GetMembersQuery for user "e71006a3-891c-4459-aa20-bf6c6d8cab84" in 3 ms
2026-08-14 13:48:50.660 +03:00 [INF] HTTP GET /api/v1/members responded 200 in 5.6366 ms
2026-08-14 13:49:26.680 +03:00 [INF] Executed DbCommand (5ms) [Parameters=[@p='?' (DbType = Guid)], CommandType='"Text"', CommandTimeout='30']
SELECT a.id, a.access_failed_count, a.concurrency_stamp, a.department_id, a.email, a.email_confirmed, a.full_name, a.joined_on, a.lockout_enabled, a.lockout_end, a.must_change_password, a.normalized_email, a.normalized_user_name, a.password_hash, a.phone_number, a.phone_number_confirmed, a.photo_url, a.role, a.security_stamp, a.status, a.two_factor_enabled, a.user_name
FROM "AspNetUsers" AS a
WHERE a.id = @p
LIMIT 1
2026-08-14 13:49:26.685 +03:00 [INF] Executed DbCommand (1ms) [Parameters=[@status='?'], CommandType='"Text"', CommandTimeout='30']
SELECT count(*)::int
FROM "AspNetUsers" AS a
WHERE a.status = @status
2026-08-14 13:49:26.688 +03:00 [INF] Executed DbCommand (2ms) [Parameters=[@status='?', @p2='?' (DbType = Int32), @p='?' (DbType = Int32)], CommandType='"Text"', CommandTimeout='30']
SELECT a0.id AS "Id", a0.full_name AS "FullName", a0.email AS "Email", a0.phone_number AS "PhoneNumber", a0.photo_url AS "PhotoUrl", a0.role AS "Role", a0.department_id AS "DepartmentId", d.code AS "DepartmentCode", d.name AS "DepartmentName", a0.joined_on AS "JoinedOn", a0.status AS "Status"
FROM (
    SELECT a.id, a.department_id, a.email, a.full_name, a.joined_on, a.phone_number, a.photo_url, a.role, a.status
    FROM "AspNetUsers" AS a
    WHERE a.status = @status
    ORDER BY a.full_name
    LIMIT @p2 OFFSET @p
) AS a0
LEFT JOIN departments AS d ON a0.department_id = d.id
ORDER BY a0.full_name
2026-08-14 13:49:26.688 +03:00 [INF] Handled GetMembersQuery for user "e71006a3-891c-4459-aa20-bf6c6d8cab84" in 5 ms
2026-08-14 13:49:26.688 +03:00 [INF] HTTP GET /api/v1/members responded 200 in 27.3066 ms
2026-08-14 13:50:02.657 +03:00 [INF] Executed DbCommand (1ms) [Parameters=[@p='?' (DbType = Guid)], CommandType='"Text"', CommandTimeout='30']
SELECT a.id, a.access_failed_count, a.concurrency_stamp, a.department_id, a.email, a.email_confirmed, a.full_name, a.joined_on, a.lockout_enabled, a.lockout_end, a.must_change_password, a.normalized_email, a.normalized_user_name, a.password_hash, a.phone_number, a.phone_number_confirmed, a.photo_url, a.role, a.security_stamp, a.status, a.two_factor_enabled, a.user_name
FROM "AspNetUsers" AS a
WHERE a.id = @p
LIMIT 1
2026-08-14 13:50:02.660 +03:00 [INF] Executed DbCommand (0ms) [Parameters=[@status='?'], CommandType='"Text"', CommandTimeout='30']
SELECT count(*)::int
FROM "AspNetUsers" AS a
WHERE a.status = @status
2026-08-14 13:50:02.661 +03:00 [INF] Executed DbCommand (1ms) [Parameters=[@status='?', @p2='?' (DbType = Int32), @p='?' (DbType = Int32)], CommandType='"Text"', CommandTimeout='30']
SELECT a0.id AS "Id", a0.full_name AS "FullName", a0.email AS "Email", a0.phone_number AS "PhoneNumber", a0.photo_url AS "PhotoUrl", a0.role AS "Role", a0.department_id AS "DepartmentId", d.code AS "DepartmentCode", d.name AS "DepartmentName", a0.joined_on AS "JoinedOn", a0.status AS "Status"
FROM (
    SELECT a.id, a.department_id, a.email, a.full_name, a.joined_on, a.phone_number, a.photo_url, a.role, a.status
    FROM "AspNetUsers" AS a
    WHERE a.status = @status
    ORDER BY a.full_name
    LIMIT @p2 OFFSET @p
) AS a0
LEFT JOIN departments AS d ON a0.department_id = d.id
ORDER BY a0.full_name
2026-08-14 13:50:02.661 +03:00 [INF] Handled GetMembersQuery for user "e71006a3-891c-4459-aa20-bf6c6d8cab84" in 1 ms
2026-08-14 13:50:02.661 +03:00 [INF] HTTP GET /api/v1/members responded 200 in 5.7557 ms
2026-08-14 13:50:38.655 +03:00 [INF] Executed DbCommand (1ms) [Parameters=[@p='?' (DbType = Guid)], CommandType='"Text"', CommandTimeout='30']
SELECT a.id, a.access_failed_count, a.concurrency_stamp, a.department_id, a.email, a.email_confirmed, a.full_name, a.joined_on, a.lockout_enabled, a.lockout_end, a.must_change_password, a.normalized_email, a.normalized_user_name, a.password_hash, a.phone_number, a.phone_number_confirmed, a.photo_url, a.role, a.security_stamp, a.status, a.two_factor_enabled, a.user_name
FROM "AspNetUsers" AS a
WHERE a.id = @p
LIMIT 1
2026-08-14 13:50:38.658 +03:00 [INF] Executed DbCommand (0ms) [Parameters=[@status='?'], CommandType='"Text"', CommandTimeout='30']
SELECT count(*)::int
FROM "AspNetUsers" AS a
WHERE a.status = @status
2026-08-14 13:50:38.658 +03:00 [INF] Executed DbCommand (1ms) [Parameters=[@status='?', @p2='?' (DbType = Int32), @p='?' (DbType = Int32)], CommandType='"Text"', CommandTimeout='30']
SELECT a0.id AS "Id", a0.full_name AS "FullName", a0.email AS "Email", a0.phone_number AS "PhoneNumber", a0.photo_url AS "PhotoUrl", a0.role AS "Role", a0.department_id AS "DepartmentId", d.code AS "DepartmentCode", d.name AS "DepartmentName", a0.joined_on AS "JoinedOn", a0.status AS "Status"
FROM (
    SELECT a.id, a.department_id, a.email, a.full_name, a.joined_on, a.phone_number, a.photo_url, a.role, a.status
    FROM "AspNetUsers" AS a
    WHERE a.status = @status
    ORDER BY a.full_name
    LIMIT @p2 OFFSET @p
) AS a0
LEFT JOIN departments AS d ON a0.department_id = d.id
ORDER BY a0.full_name
2026-08-14 13:50:38.658 +03:00 [INF] Handled GetMembersQuery for user "e71006a3-891c-4459-aa20-bf6c6d8cab84" in 1 ms
2026-08-14 13:50:38.659 +03:00 [INF] HTTP GET /api/v1/members responded 200 in 4.3043 ms
2026-08-14 13:51:14.660 +03:00 [INF] Executed DbCommand (6ms) [Parameters=[@p='?' (DbType = Guid)], CommandType='"Text"', CommandTimeout='30']
SELECT a.id, a.access_failed_count, a.concurrency_stamp, a.department_id, a.email, a.email_confirmed, a.full_name, a.joined_on, a.lockout_enabled, a.lockout_end, a.must_change_password, a.normalized_email, a.normalized_user_name, a.password_hash, a.phone_number, a.phone_number_confirmed, a.photo_url, a.role, a.security_stamp, a.status, a.two_factor_enabled, a.user_name
FROM "AspNetUsers" AS a
WHERE a.id = @p
LIMIT 1
2026-08-14 13:51:14.662 +03:00 [INF] Executed DbCommand (1ms) [Parameters=[@status='?'], CommandType='"Text"', CommandTimeout='30']
SELECT count(*)::int
FROM "AspNetUsers" AS a
WHERE a.status = @status
2026-08-14 13:51:14.662 +03:00 [INF] Executed DbCommand (1ms) [Parameters=[@status='?', @p2='?' (DbType = Int32), @p='?' (DbType = Int32)], CommandType='"Text"', CommandTimeout='30']
SELECT a0.id AS "Id", a0.full_name AS "FullName", a0.email AS "Email", a0.phone_number AS "PhoneNumber", a0.photo_url AS "PhotoUrl", a0.role AS "Role", a0.department_id AS "DepartmentId", d.code AS "DepartmentCode", d.name AS "DepartmentName", a0.joined_on AS "JoinedOn", a0.status AS "Status"
FROM (
    SELECT a.id, a.department_id, a.email, a.full_name, a.joined_on, a.phone_number, a.photo_url, a.role, a.status
    FROM "AspNetUsers" AS a
    WHERE a.status = @status
    ORDER BY a.full_name
    LIMIT @p2 OFFSET @p
) AS a0
LEFT JOIN departments AS d ON a0.department_id = d.id
ORDER BY a0.full_name
2026-08-14 13:51:14.663 +03:00 [INF] Handled GetMembersQuery for user "e71006a3-891c-4459-aa20-bf6c6d8cab84" in 1 ms
2026-08-14 13:51:14.663 +03:00 [INF] HTTP GET /api/v1/members responded 200 in 9.1178 ms
2026-08-14 13:51:50.655 +03:00 [INF] Executed DbCommand (1ms) [Parameters=[@p='?' (DbType = Guid)], CommandType='"Text"', CommandTimeout='30']
SELECT a.id, a.access_failed_count, a.concurrency_stamp, a.department_id, a.email, a.email_confirmed, a.full_name, a.joined_on, a.lockout_enabled, a.lockout_end, a.must_change_password, a.normalized_email, a.normalized_user_name, a.password_hash, a.phone_number, a.phone_number_confirmed, a.photo_url, a.role, a.security_stamp, a.status, a.two_factor_enabled, a.user_name
FROM "AspNetUsers" AS a
WHERE a.id = @p
LIMIT 1
2026-08-14 13:51:50.657 +03:00 [INF] Executed DbCommand (0ms) [Parameters=[@status='?'], CommandType='"Text"', CommandTimeout='30']
SELECT count(*)::int
FROM "AspNetUsers" AS a
WHERE a.status = @status
2026-08-14 13:51:50.658 +03:00 [INF] Executed DbCommand (1ms) [Parameters=[@status='?', @p2='?' (DbType = Int32), @p='?' (DbType = Int32)], CommandType='"Text"', CommandTimeout='30']
SELECT a0.id AS "Id", a0.full_name AS "FullName", a0.email AS "Email", a0.phone_number AS "PhoneNumber", a0.photo_url AS "PhotoUrl", a0.role AS "Role", a0.department_id AS "DepartmentId", d.code AS "DepartmentCode", d.name AS "DepartmentName", a0.joined_on AS "JoinedOn", a0.status AS "Status"
FROM (
    SELECT a.id, a.department_id, a.email, a.full_name, a.joined_on, a.phone_number, a.photo_url, a.role, a.status
    FROM "AspNetUsers" AS a
    WHERE a.status = @status
    ORDER BY a.full_name
    LIMIT @p2 OFFSET @p
) AS a0
LEFT JOIN departments AS d ON a0.department_id = d.id
ORDER BY a0.full_name
2026-08-14 13:51:50.658 +03:00 [INF] Handled GetMembersQuery for user "e71006a3-891c-4459-aa20-bf6c6d8cab84" in 1 ms
2026-08-14 13:51:50.658 +03:00 [INF] HTTP GET /api/v1/members responded 200 in 4.8423 ms
2026-08-14 13:52:21.781 +03:00 [INF] Executed DbCommand (1ms) [Parameters=[@p='?' (DbType = Guid)], CommandType='"Text"', CommandTimeout='30']
SELECT a.id, a.access_failed_count, a.concurrency_stamp, a.department_id, a.email, a.email_confirmed, a.full_name, a.joined_on, a.lockout_enabled, a.lockout_end, a.must_change_password, a.normalized_email, a.normalized_user_name, a.password_hash, a.phone_number, a.phone_number_confirmed, a.photo_url, a.role, a.security_stamp, a.status, a.two_factor_enabled, a.user_name
FROM "AspNetUsers" AS a
WHERE a.id = @p
LIMIT 1
2026-08-14 13:52:21.783 +03:00 [INF] Executed DbCommand (0ms) [Parameters=[@status='?'], CommandType='"Text"', CommandTimeout='30']
SELECT count(*)::int
FROM "AspNetUsers" AS a
WHERE a.status = @status
2026-08-14 13:52:21.795 +03:00 [INF] Executed DbCommand (12ms) [Parameters=[@status='?', @p2='?' (DbType = Int32), @p='?' (DbType = Int32)], CommandType='"Text"', CommandTimeout='30']
SELECT a0.id AS "Id", a0.full_name AS "FullName", a0.email AS "Email", a0.phone_number AS "PhoneNumber", a0.photo_url AS "PhotoUrl", a0.role AS "Role", a0.department_id AS "DepartmentId", d.code AS "DepartmentCode", d.name AS "DepartmentName", a0.joined_on AS "JoinedOn", a0.status AS "Status"
FROM (
    SELECT a.id, a.department_id, a.email, a.full_name, a.joined_on, a.phone_number, a.photo_url, a.role, a.status
    FROM "AspNetUsers" AS a
    WHERE a.status = @status
    ORDER BY a.full_name
    LIMIT @p2 OFFSET @p
) AS a0
LEFT JOIN departments AS d ON a0.department_id = d.id
ORDER BY a0.full_name
2026-08-14 13:52:21.796 +03:00 [INF] Handled GetMembersQuery for user "e71006a3-891c-4459-aa20-bf6c6d8cab84" in 13 ms
2026-08-14 13:52:21.796 +03:00 [INF] HTTP GET /api/v1/members responded 200 in 16.0633 ms
2026-08-14 13:52:29.243 +03:00 [INF] Application is shutting down...
